[13084:10556:0621/002004.309:INFO:aha\third_party\crashpad\crashpad\handler\aha_handler_main.cc:43] #### AhaElectron (Crashpad) Startup
[13084:10556:0621/002004.310:INFO:aha\components\manifest\manifest.cc:91] GetManifestContent exe_dir: D:\Trae CN
[13084:10556:0621/002004.310:INFO:aha\components\manifest\manifest.cc:106] AppManifest manifest_content={"appId":"787976","appVersion":"3.3.67","buildVersion":"2.3.42911","activeUrl":"https://log.snssdk.com/service/2/app_alert_check/","channel":"stable","language":"en","logifierDomain":"api.trae.com.cn","settingsDomain":"api.trae.com.cn","name":"Trae CN","package":"com.trae.app","packageType":"stable_cn","region":"CN","registryUrl":"https://log.snssdk.com/service/2/desktop/device_register/","slardarDomain":"pc-mon.zijieapi.com","slardarAid":787976,"oversea":false,"ahaNet":{"ttnet_params":{"domain_httpdns":"dig.bdurl.net","domain_netlog":"crash.snssdk.com","app_id":"787976","tnc_host_first":"tnc3-bjlgy.zijieapi.com","app_name":"trae","tnc_host_second":"","tnc_host_third":"","domain_boe":".boe-gateway.byted.org","update_version_code":"","version_code":"3367","bypass_proxy":false,"is_drop_first_tnc":false,"use_domestic_store_region":false,"get_domain_default_json":"{\"data\":{\"tnc_update_interval\":300,\"chromium_open\":1,\"http_dns_enabled\":1,\"ttnet_http_dns_enabled\":1,\"ttnet_tt_http_dns\":1,\"ttnet_http_dns_timeout\":5,\"opaque_data_enabled\":1,\"wpad_enabled\":0,\"pac_enabled\":1,\"clear_pool_enabled\":1,\"get_domain_default_json\":1,\"md5_check\":0},\"message\":\"success\"}"},"params":{"user_agent":"","experimental_options":"","enable_http2":true,"enable_brotli":true,"enable_quic":true,"enable_network_quality_estimator":false,"enable_verbose_log":false,"enable_ca_store":false,"store_idc_rule_json":"","ttnet_inner_log_switch":255,"bypass_mssdk":true},"access_policy":"{\"domain_white_list\":{\"*.trae.ai\":[\"*\"],\"*.traeapi.us\":[\"*\"],\"*.mchost.guru\":[\"*\"],\"*.bytedance.net\":[\"*\"],\"*.tiktok-row.net\":[\"*\"],\"*.byteintl.net\":[\"*\"],\"*.byted.org\":[\"*\"],\"*.trae.com.cn\":[\"*\"],\"*.trae.cn\":[\"*\"]},\"enable_detail_log\":false}"}}
[13084:10556:0621/002004.311:WARNING:aha\components\crash_monitor\report_config\report_config.cc:48] config_path not exists, path: C:\Users\79368\AppData\Local\Temp\trae-cn-profile-9346-14076\ReportConfig
[13084:10556:0621/002004.311:ERROR:aha\components\crash_monitor\report_config\report_config.cc:64] content is empty
[13084:10556:0621/002004.311:INFO:aha\components\crash_monitor\crash_monitor.cc:308] [CrashMonitor] Initialized: disable_report: 0
[13084:10556:0621/002004.311:INFO:aha\components\device_info\private\device_info_win_impl.cc:193] PlatformDeviceInfoImpl::read_smbios done, size = 4364
[13084:10556:0621/002004.311:INFO:aha\components\crash_monitor\crash_monitor.cc:457] [CrashMonitor] CalcLocalDeviceId: local_device_id use device_info, device_id: 7423328C-8C8B-2620-0112-160715000000
[13084:8656:0621/002004.325:INFO:third_party\crashpad\crashpad\handler\win\crash_report_exception_handler.cc:241] [Crashpad] Append global param key: init_device_id
[13084:10420:0621/002004.325:INFO:aha\components\crash_monitor\crash_monitor.cc:469] [CrashMonitor] InitDeviceId: init_device_id use device_id, device_id: 1800321390968515
[7116:6016:0621/002004.327:INFO:electron\shell\app\electron_main_delegate.cc:618] #### AhaElectron ()  Startup #### cmd: 
[7116:6016:0621/002004.327:INFO:aha\components\metrics\metrics_base.cc:52] [startup] metric: initRunBrowser, start
[7116:6016:0621/002004.327:INFO:aha\electron\shell\browser\aha_feature_list\aha_feature_override.cc:135] [AhaFeatureOverride] electron::InitFeaturesWithAhaOverrides, enable_features ,EnableTransparentHwndEnlargement,PdfUseShowSaveFilePicker, disable_features ,SpareRendererForSitePerProcess,ScreenAIOCREnabled, TraceSiteInstanceGetProcessCreation,LocalNetworkAccessChecks
[7116:6016:0621/002004.331:INFO:aha\components\metrics\metrics_base.cc:64] [startup] metric: initRunBrowser, end, latency: 4ms
[13084:10420:0621/002004.335:INFO:aha\third_party\parfait\core_common\parfait_core.cc:209] [Parfait] Enable upload with interval 60
[13084:10420:0621/002004.335:INFO:aha\third_party\parfait\aha\parfait_client.cc:133] [Parfait] Init ParfaitClient with config
	pft_version=1.3.0.0
	aid=787976
	user_id=anonymous
	device_id=1800321390968515
	version=3.3.67
	root_path=C:\Users\79368\AppData\Local\Temp\trae-cn-profile-9346-14076\Crashpad
	session_id=
	data_report_url=https://pc-mon.zijieapi.com/monitor_pc/collect/api/pc_log
	crash_report_url=https://pc-mon.zijieapi.com/monitor_pc/collect/api/pc_crash
	gwpasan_report_url=https://pc-mon.zijieapi.com/monitor_pc/collect/api/pc_gwpasan
	block_report_url=https://pc-mon.zijieapi.com/monitor_pc/collect/api/pc_jank
	matrix_report_url=https://pc-mon.zijieapi.com/monitor_pc/collect/api/pc_matrix
	cpu_profile_report_url=https://pc-mon.zijieapi.com/monitor_pc/collect/file/pc_cpu_profile
	snapshot_report_url=https://pc-mon.zijieapi.com/monitor_pc/collect/file/pc_snapshot
	custom_exception_report_url=https://pc-mon.zijieapi.com/monitor_pc/collect/file/pc_custom_exception
	settings_enabled=0
	settings_url=
	tenant_id=
[13084:10420:0621/002004.335:INFO:aha\components\crash_monitor\crash_monitor.cc:349] [CrashMonitor] InitParfait: InitParfait success, aid:787976, did:1800321390968515
[13084:11836:0621/002004.335:INFO:aha\third_party\parfait\core_common\parfait_core.cc:217] [Parfait] Set upload interval 60
[7116:6016:0621/002004.335:INFO:aha\electron\version_verifier\version_verifier.cc:129] [VersionVerifier] is_version_match: 1, Manifest app version: 3.3.67 does not match actual app version: 3.3.67
[7116:6016:0621/002004.336:INFO:electron\shell\browser\electron_browser_main_parts.cc:370] init towel master_binder in browser
[7116:6016:0621/002004.336:INFO:aha\components\towel\embedder\interface_binder.cc:17] [TOWEL]InterfaceBinder Intialized. ProcessType(2)
[7116:6016:0621/002004.336:INFO:aha\components\metrics\metrics_base.cc:52] [startup] metric: createNodeEnv, start
[7116:6016:0621/002004.344:INFO:gin\isolate_holder.cc:169] SetPartitionAllocOomCallback and RegisterIsolateHolder
[7116:6016:0621/002004.390:INFO:aha\components\metrics\metrics_base.cc:64] [startup] metric: createNodeEnv, end, latency: 55ms
[7116:6016:0621/002004.390:INFO:aha\components\metrics\metrics_base.cc:52] [startup] metric: initNodeEnv, start
[7116:6016:0621/002004.442:INFO:aha\components\metrics\metrics_base.cc:64] [startup] metric: initNodeEnv, end, latency: 52ms
[7116:6016:0621/002004.442:INFO:aha\components\metrics\metrics_base.cc:52] [startup] metric: loadAppCode, start
[7116:6016:0621/002004.726:INFO:aha\components\ipc\ipc_client.cc:13] [AhaIpc] set request_timeout_ms: 1000
[7116:6016:0621/002004.726:INFO:aha\components\towel\embedder\master_binder.cc:60] [TOWEL]BindMasterInAnyProcess, ProcessType(2)
[7116:6016:0621/002004.726:INFO:aha\components\towel\embedder\master_binder.cc:52] [TOWEL]BindMasterInBrowser, ProcessType(2)
[7116:6016:0621/002004.726:INFO:aha\components\towel\embedder\master_binder.cc:55] [TOWEL]BindMasterInBrowser, run in main thread, bind.
[7116:6016:0621/002004.726:INFO:aha\components\towel\common\ap_impl.cc:26] [TOWEL][APImpl::APImpl] create ap, id is RoutingId(-1, 7342)
[7116:6016:0621/002004.726:INFO:aha\components\towel\common\ap_impl.cc:31] [TOWEL][APImpl] register to master, current id is RoutingId(-1, 7342)
[7116:6016:0621/002004.740:INFO:aha\components\towel\embedder\master_binder.cc:60] [TOWEL]BindMasterInAnyProcess, ProcessType(2)
[7116:6016:0621/002004.740:INFO:aha\components\towel\embedder\master_binder.cc:52] [TOWEL]BindMasterInBrowser, ProcessType(2)
[7116:6016:0621/002004.740:INFO:aha\components\towel\embedder\master_binder.cc:55] [TOWEL]BindMasterInBrowser, run in main thread, bind.
[7116:6016:0621/002004.740:INFO:aha\components\towel\common\ap_impl.cc:26] [TOWEL][APImpl::APImpl] create ap, id is RoutingId(-1, 7385)
[7116:6016:0621/002004.740:INFO:aha\components\towel\common\ap_impl.cc:31] [TOWEL][APImpl] register to master, current id is RoutingId(-1, 7385)
[7116:6016:0621/002004.740:WARNING:aha\components\towel\common\ap_impl.cc:220] [TOWEL][APImpl::ListensEvents] no provider for event ai::PUSH_PACKET
[7116:6016:0621/002004.740:INFO:aha\components\towel\common\ap_impl.cc:594] [TOWEL][APImpl::ListensEvents] start, RoutingId(-1, 7385)
[7116:6016:0621/002004.740:INFO:aha\components\towel\common\ap_impl.cc:596] [TOWEL][APImpl::ListensEvents] no pending_listen_requests_, do nothing
[7116:6016:0621/002004.740:INFO:aha\components\towel\common\static_routing_ap.cc:171] [TOWEL][StaticRoutingAP::TryAddPendingEvents] provider not ready, store event and wait. event ai::PUSH_PACKET
[7116:6016:0621/002004.741:INFO:aha\components\towel\embedder\master_binder.cc:60] [TOWEL]BindMasterInAnyProcess, ProcessType(2)
[7116:6016:0621/002004.741:INFO:aha\components\towel\embedder\master_binder.cc:52] [TOWEL]BindMasterInBrowser, ProcessType(2)
[7116:6016:0621/002004.741:INFO:aha\components\towel\embedder\master_binder.cc:55] [TOWEL]BindMasterInBrowser, run in main thread, bind.
[7116:6016:0621/002004.741:INFO:aha\components\towel\common\ap_impl.cc:26] [TOWEL][APImpl::APImpl] create ap, id is RoutingId(-1, 7388)
[7116:6016:0621/002004.741:INFO:aha\components\towel\common\ap_impl.cc:31] [TOWEL][APImpl] register to master, current id is RoutingId(-1, 7388)
[7116:6016:0621/002004.741:WARNING:aha\components\towel\common\ap_impl.cc:220] [TOWEL][APImpl::ListensEvents] no provider for event AhaNet::TNCConfigUpdated
[7116:6016:0621/002004.741:WARNING:aha\components\towel\common\ap_impl.cc:220] [TOWEL][APImpl::ListensEvents] no provider for event AhaNet::NetReport
[7116:6016:0621/002004.741:WARNING:aha\components\towel\common\ap_impl.cc:220] [TOWEL][APImpl::ListensEvents] no provider for event AhaNet::RTTAndThroughput
[7116:6016:0621/002004.741:WARNING:aha\components\towel\common\ap_impl.cc:220] [TOWEL][APImpl::ListensEvents] no provider for event AhaNet::NetworkQualityType
[7116:6016:0621/002004.741:WARNING:aha\components\towel\common\ap_impl.cc:220] [TOWEL][APImpl::ListensEvents] no provider for event AhaNet::PacketLostStats
[7116:6016:0621/002004.741:INFO:aha\components\towel\common\ap_impl.cc:594] [TOWEL][APImpl::ListensEvents] start, RoutingId(-1, 7388)
[7116:6016:0621/002004.741:INFO:aha\components\towel\common\ap_impl.cc:596] [TOWEL][APImpl::ListensEvents] no pending_listen_requests_, do nothing
[7116:6016:0621/002004.741:INFO:aha\components\towel\common\static_routing_ap.cc:171] [TOWEL][StaticRoutingAP::TryAddPendingEvents] provider not ready, store event and wait. event AhaNet::TNCConfigUpdated
[7116:6016:0621/002004.741:INFO:aha\components\towel\common\static_routing_ap.cc:171] [TOWEL][StaticRoutingAP::TryAddPendingEvents] provider not ready, store event and wait. event AhaNet::NetReport
[7116:6016:0621/002004.741:INFO:aha\components\towel\common\static_routing_ap.cc:171] [TOWEL][StaticRoutingAP::TryAddPendingEvents] provider not ready, store event and wait. event AhaNet::RTTAndThroughput
[7116:6016:0621/002004.741:INFO:aha\components\towel\common\static_routing_ap.cc:171] [TOWEL][StaticRoutingAP::TryAddPendingEvents] provider not ready, store event and wait. event AhaNet::NetworkQualityType
[7116:6016:0621/002004.741:INFO:aha\components\towel\common\static_routing_ap.cc:171] [TOWEL][StaticRoutingAP::TryAddPendingEvents] provider not ready, store event and wait. event AhaNet::PacketLostStats
[7116:6016:0621/002005.382:INFO:aha\components\metrics\metrics_base.cc:64] [startup] metric: loadAppCode, end, latency: 940ms
[7116:6016:0621/002005.382:INFO:aha\components\metrics\metrics_base.cc:52] [startup] metric: joinAppCode, start
[7116:6016:0621/002005.382:INFO:aha\components\metrics\metrics_base.cc:64] [startup] metric: joinAppCode, end, latency: 0ms
[7116:6016:0621/002005.382:INFO:aha\electron\shell\browser\aha_feature_list\aha_feature_override.cc:135] [AhaFeatureOverride] electron::InitFeaturesWithAhaOverrides, enable_features NetAdapterMaxBufSizeFeature:NetAdapterMaxBufSize/8192,DocumentPolicyIncludeJSCallStacksInCrashReports,EarlyEstablishGpuChannel,EstablishGpuChannelAsync,,EnableTransparentHwndEnlargement,PdfUseShowSaveFilePicker, disable_features CalculateNativeWinOcclusion,,SpareRendererForSitePerProcess,ScreenAIOCREnabled, TraceSiteInstanceGetProcessCreation,LocalNetworkAccessChecks
[7116:6016:0621/002005.383:INFO:aha\electron\shell\browser\aha_feature_list\aha_remote_state.cc:379] [RemoteState] electron::RemoteState::PreparePaths, remote_state_path_ C:\Users\79368\AppData\Local\Temp\trae-cn-profile-9346-14076\aha\Remote_State
[7116:6016:0621/002005.383:INFO:aha\electron\shell\browser\aha_feature_list\aha_remote_state.cc:343] [RemoteState] electron::RemoteState::DeserializeFromFile, Reading from C:\Users\79368\AppData\Local\Temp\trae-cn-profile-9346-14076\aha\Remote_State
[7116:6016:0621/002005.383:INFO:aha\electron\shell\browser\aha_feature_list\aha_feature_override.cc:89] [AhaFeatureOverride] electron::(anonymous namespace)::RemoteStateDataOverride, dict size 0
[7116:6016:0621/002005.502:INFO:aha\electron\session_watcher\session_watcher.cc:43] [SessionWatcher] Start
[7116:6016:0621/002005.529:INFO:aha\components\detector\gpu_block_detector.cc:47] [GpuBlockDetector] GetGpuHangDetectValue: GPU jank config key: detect_interval value:5
[7116:6016:0621/002005.529:INFO:aha\components\detector\gpu_block_detector.cc:47] [GpuBlockDetector] GetGpuHangDetectValue: GPU jank config key: terminate_process_threshold value:10
[7116:6016:0621/002005.533:INFO:electron\shell\browser\electron_browser_main_parts.cc:610] [ElectronBrowserMainParts] PreMainMessageLoopRun
[13084:3280:0621/002005.533:INFO:third_party\crashpad\crashpad\handler\win\crash_report_exception_handler.cc:241] [Crashpad] Append global param key: lifecycle_stage
[13084:8656:0621/002005.533:INFO:third_party\crashpad\crashpad\handler\win\crash_report_exception_handler.cc:241] [Crashpad] Append global param key: country_code
[7116:6016:0621/002005.533:INFO:aha\components\detector\block_detector.cc:92] BlockDetectorManager::Init,this:0x617c00046520
[7116:6016:0621/002005.533:INFO:aha\components\detector\block_detector.cc:133] Initializing Towel provider with name: BlockDetectorProvider
[7116:6016:0621/002005.533:INFO:aha\components\towel\embedder\master_binder.cc:60] [TOWEL]BindMasterInAnyProcess, ProcessType(2)
[7116:6016:0621/002005.533:INFO:aha\components\towel\embedder\master_binder.cc:52] [TOWEL]BindMasterInBrowser, ProcessType(2)
[7116:6016:0621/002005.533:INFO:aha\components\towel\embedder\master_binder.cc:55] [TOWEL]BindMasterInBrowser, run in main thread, bind.
[7116:6016:0621/002005.533:INFO:aha\components\towel\public\provider.cc:76] [TOWEL][Provider::Mount] mount provider, name= BlockDetectorProvider, force_reset=0
[7116:6016:0621/002005.533:INFO:aha\components\detector\block_detector.cc:143] Towel provider mounted successfully.
[7116:6016:0621/002005.533:INFO:aha\components\perf\system_monitor\perf_system_monitor.cc:68] PerfSystemMonitor::Start 0x7ff6976a1060, interval 5 s
[7116:6016:0621/002005.537:INFO:aha\components\metrics\metrics_base.cc:52] [startup] metric: emitReadyEvent, start
[7116:6016:0621/002005.553:INFO:aha\components\metrics\metrics_base.cc:64] [startup] metric: emitReadyEvent, end, latency: 17ms
[7116:6016:0621/002005.555:INFO:content\browser\network_service_instance_impl.cc:459] NetworkService, CreateNetworkServiceParams device_id: 1800321390968515
[7116:6016:0621/002005.555:INFO:content\browser\network_service_instance_impl.cc:465] NetworkService, CreateNetworkServiceParams access_policy: {"should_use_ttnet":true,"domain_white_list":{"*.trae.ai":["*"],"*.traeapi.us":["*"],"*.mchost.guru":["*"],"*.bytedance.net":["*"],"*.tiktok-row.net":["*"],"*.byteintl.net":["*"],"*.byted.org":["*"],"*.trae.com.cn":["*"],"*.trae.cn":["*"],"*.volces.com":["*"],"*.snssdk.com":["*"],"*.bytedance.com":["*"]},"domain_black_list":{"127.0.0.1":["*"],"::1":["*"],"*.trae.volces.com":["*"]},"enable_detail_log":false}
[7116:6016:0621/002005.559:INFO:aha\components\tiny_storage\tiny_storage.cc:88] [TinyStorage] FlushIfNeed
[7116:6016:0621/002005.559:INFO:aha\components\monitor\monitor_service_instance_impl.cc:106] [MonitorService] CalculateLocalDeviceId: use init_device_id, device_id: 1800321390968515
[7116:6016:0621/002005.559:WARNING:aha\components\monitor\monitor_service_instance_impl.cc:141] [MonitorService] Restart: launch monitor service
[7116:6016:0621/002005.559:INFO:aha\components\perf\collector\perf_collector_cpu.cc:117] PerfCollectorCPU created
[7116:6016:0621/002005.559:INFO:aha\components\perf\electron\app_process_collector.cc:63] [perf]AppProcessCollector::AppProcessCollector, collect_cpu_interval: 5 s, collect_memory_interval: 60 s, update_process_interval: 60 s
[7116:6016:0621/002005.559:INFO:aha\components\perf\process\process_collector.cc:43] [process collector debug] Start schedule cpu_interval=5000ms, memory_interval=60000ms, process_update_interval=60000ms
[7116:6016:0621/002005.559:INFO:aha\components\perf\process\process_collector.cc:77] [process collector debug] use_shared_timer=0, has_cpu=1, has_memory=1
[7116:6016:0621/002005.559:INFO:aha\components\perf\perf_abnormal_observer.cc:383] [PerfAbnormal] aha::PerfAbnormalObserver::CreateInstance, 
[7116:6016:0621/002005.559:INFO:aha\components\perf\perf_abnormal_observer.cc:354] [PerfAbnormal] aha::PerfAbnormalObserver::PerfAbnormalObserver, 
[7116:6016:0621/002005.559:INFO:aha\components\perf\process\process_type_provider.cc:33] ProcessTypeProvider initialized, add observers
[7116:6016:0621/002005.559:INFO:aha\components\perf\process\process_type_provider.cc:35] [ProcessTypeProvider] aha::ProcessTypeProvider::ProcessTypeProvider, initialized
[7116:6016:0621/002005.559:INFO:aha\components\perf\collector\perf_collector_base.cc:81] [perf collector][function=Start]  delay 300 seconds
[7116:6016:0621/002005.559:INFO:aha\components\perf\collector\perf_collector_base.cc:81] [perf collector][function=Start]  delay 5 seconds
[7116:6016:0621/002005.559:INFO:aha\components\perf\perf_manager_base.cc:452] [perf manager][function = AddProcess] add process:7116
[7116:6016:0621/002005.561:INFO:aha\components\perf\collector\perf_collector_base.cc:29] [perf collector][function=ShouldCollectProcess] AddProcess pid:7116 cmd:"D:\Trae CN\Trae CN.exe"  . --remote-debugging-port=9346 --user-data-dir="C:\Users\79368\AppData\Local\Temp\trae-cn-profile-9346-14076"
[7116:6016:0621/002005.561:INFO:aha\components\perf\collector\perf_collector_base.cc:29] [perf collector][function=ShouldCollectProcess] AddProcess pid:7116 cmd:"D:\Trae CN\Trae CN.exe"  . --remote-debugging-port=9346 --user-data-dir="C:\Users\79368\AppData\Local\Temp\trae-cn-profile-9346-14076"
[7116:6016:0621/002005.561:INFO:aha\components\perf\collector\perf_collector_base.cc:29] [perf collector][function=ShouldCollectProcess] AddProcess pid:7116 cmd:"D:\Trae CN\Trae CN.exe"  . --remote-debugging-port=9346 --user-data-dir="C:\Users\79368\AppData\Local\Temp\trae-cn-profile-9346-14076"
[7116:6016:0621/002005.561:INFO:aha\components\perf\collector\perf_collector_disk.cc:30] [perf collector][function=SetPath] PerfCollectorDisk::SetPath: 0
[7116:6016:0621/002005.561:INFO:aha\components\memory_system\memory_system_manager.cc:43] MemorySystemManager::InitializeMemorySystem. process_gwp_asan_enable_list: 
[7116:6016:0621/002005.561:INFO:aha\components\memory_system\memory_system_manager.cc:47] MemorySystemManager::InitializeMemorySystem. process: browser not enable for Gwp-Asan
[7116:6016:0621/002005.561:INFO:aha\components\towel\common\master_impl.cc:39] [TOWEL][MasterImpl::AddAPWithId] add ap 341743295
[7116:6016:0621/002005.561:INFO:aha\components\towel\common\master_impl.cc:55] [TOWEL][MasterImpl::AddAP] add ap 341743295
[7116:6016:0621/002005.561:INFO:aha\components\towel\common\master_impl.cc:39] [TOWEL][MasterImpl::AddAPWithId] add ap 1336779637
[7116:6016:0621/002005.561:INFO:aha\components\towel\common\master_impl.cc:55] [TOWEL][MasterImpl::AddAP] add ap 1336779637
[7116:6016:0621/002005.561:INFO:aha\components\towel\common\master_impl.cc:39] [TOWEL][MasterImpl::AddAPWithId] add ap 1578995633
[7116:6016:0621/002005.561:INFO:aha\components\towel\common\master_impl.cc:55] [TOWEL][MasterImpl::AddAP] add ap 1578995633
[7116:6016:0621/002005.561:INFO:aha\components\towel\common\master_impl.cc:153] [TOWEL][MasterImpl::RegisterProvider] success BlockDetectorProvider provider size now is 1
[7116:6016:0621/002005.571:INFO:aha\components\towel\common\ap_impl.cc:416] [TOWEL][APImpl::OnAddToMaster] real_id is RoutingId(7116, 341743295), fake_id is RoutingId(-1, 7342)
[7116:6016:0621/002005.571:INFO:aha\components\towel\common\ap_impl.cc:594] [TOWEL][APImpl::ListensEvents] start, RoutingId(7116, 341743295)
[7116:6016:0621/002005.571:INFO:aha\components\towel\common\ap_impl.cc:596] [TOWEL][APImpl::ListensEvents] no pending_listen_requests_, do nothing
[7116:6016:0621/002005.571:INFO:aha\components\towel\common\master_impl.cc:193] [TOWEL][MasterImpl::GetAllProviders] provider size is 1 given size is 1
[7116:6016:0621/002005.571:INFO:aha\components\towel\common\ap_impl.cc:416] [TOWEL][APImpl::OnAddToMaster] real_id is RoutingId(7116, 1336779637), fake_id is RoutingId(-1, 7385)
[7116:6016:0621/002005.571:INFO:aha\components\towel\common\ap_impl.cc:594] [TOWEL][APImpl::ListensEvents] start, RoutingId(7116, 1336779637)
[7116:6016:0621/002005.571:INFO:aha\components\towel\common\ap_impl.cc:596] [TOWEL][APImpl::ListensEvents] no pending_listen_requests_, do nothing
[7116:6016:0621/002005.571:INFO:aha\components\towel\common\master_impl.cc:193] [TOWEL][MasterImpl::GetAllProviders] provider size is 1 given size is 1
[7116:6016:0621/002005.571:INFO:aha\components\towel\common\ap_impl.cc:416] [TOWEL][APImpl::OnAddToMaster] real_id is RoutingId(7116, 1578995633), fake_id is RoutingId(-1, 7388)
[7116:6016:0621/002005.571:INFO:aha\components\towel\common\ap_impl.cc:594] [TOWEL][APImpl::ListensEvents] start, RoutingId(7116, 1578995633)
[7116:6016:0621/002005.571:INFO:aha\components\towel\common\ap_impl.cc:596] [TOWEL][APImpl::ListensEvents] no pending_listen_requests_, do nothing
[7116:6016:0621/002005.571:INFO:aha\components\towel\common\master_impl.cc:193] [TOWEL][MasterImpl::GetAllProviders] provider size is 1 given size is 1
[7116:6016:0621/002005.571:INFO:aha\components\towel\common\ap_impl.cc:406] [TOWEL][APImpl::OnProviderAdded] provider_name BlockDetectorProvider, RoutingId(7116, 341743295)
[7116:6016:0621/002005.571:INFO:aha\components\ipc\ipc_client.cc:172] [AhaIpc] provider connected, name: BlockDetectorProvider
[7116:6016:0621/002005.571:INFO:aha\components\towel\common\static_routing_ap.cc:181] [TOWEL][StaticRoutingAP::RunPendingRequestAndEvents] provider_name= BlockDetectorProvider
[7116:6016:0621/002005.571:INFO:aha\components\towel\common\ap_impl.cc:406] [TOWEL][APImpl::OnProviderAdded] provider_name BlockDetectorProvider, RoutingId(7116, 1336779637)
[7116:6016:0621/002005.571:INFO:aha\components\towel\common\static_routing_ap.cc:181] [TOWEL][StaticRoutingAP::RunPendingRequestAndEvents] provider_name= BlockDetectorProvider
[7116:6016:0621/002005.571:INFO:aha\components\towel\common\ap_impl.cc:406] [TOWEL][APImpl::OnProviderAdded] provider_name BlockDetectorProvider, RoutingId(7116, 1578995633)
[7116:6016:0621/002005.571:INFO:aha\components\towel\common\static_routing_ap.cc:181] [TOWEL][StaticRoutingAP::RunPendingRequestAndEvents] provider_name= BlockDetectorProvider
[7116:6016:0621/002005.571:INFO:aha\components\perf\collector\perf_collector_system.cc:55] get manufacturer:Thunderobot
[7116:6016:0621/002005.571:INFO:aha\components\perf\perf_manager_base.cc:422] [perf manager][function = RecordLaunchInner] [device info] , total_memory:65045, sys_uptime:80, cpu_count:16, cpu_model:Intel(R) Core(TM) Ultra 9 285H, sys_version:10.0.26200, hardware_model:Thunderobot Mini PC, manufacturer:Thunderobot, touch_screen_availability:0, app_arch:x86_64, chip_arch:x86_64
[7116:6016:0621/002005.571:INFO:aha\components\perf\perf_manager_base.cc:633] [perf manager][function = CollectDiskInfo]  PerfManagerBase::CollectDiskInfo 
[7116:6016:0621/002005.571:INFO:aha\components\towel\common\ap_impl.cc:511] [TOWEL][APImpl::OnGetAllProviders]: RoutingId(7116, 341743295) provider size 1
[7116:6016:0621/002005.571:INFO:aha\components\towel\common\ap_impl.cc:520] [TOWEL][APImpl::OnGetAllProviders] add provider BlockDetectorProvider
[7116:6016:0621/002005.571:INFO:aha\components\towel\common\static_routing_ap.cc:181] [TOWEL][StaticRoutingAP::RunPendingRequestAndEvents] provider_name= BlockDetectorProvider
[7116:6016:0621/002005.571:INFO:aha\components\towel\common\ap_impl.cc:511] [TOWEL][APImpl::OnGetAllProviders]: RoutingId(7116, 1336779637) provider size 1
[7116:6016:0621/002005.571:INFO:aha\components\towel\common\ap_impl.cc:520] [TOWEL][APImpl::OnGetAllProviders] add provider BlockDetectorProvider
[7116:6016:0621/002005.571:INFO:aha\components\towel\common\static_routing_ap.cc:181] [TOWEL][StaticRoutingAP::RunPendingRequestAndEvents] provider_name= BlockDetectorProvider
[7116:6016:0621/002005.572:INFO:aha\components\towel\common\ap_impl.cc:511] [TOWEL][APImpl::OnGetAllProviders]: RoutingId(7116, 1578995633) provider size 1
[7116:6016:0621/002005.572:INFO:aha\components\towel\common\ap_impl.cc:520] [TOWEL][APImpl::OnGetAllProviders] add provider BlockDetectorProvider
[7116:6016:0621/002005.572:INFO:aha\components\towel\common\static_routing_ap.cc:181] [TOWEL][StaticRoutingAP::RunPendingRequestAndEvents] provider_name= BlockDetectorProvider
[7116:6016:0621/002005.572:INFO:aha\components\towel\public\provider.cc:196] [TOWEL][Provider::GetMetaInfo] provider BlockDetectorProvider, method_size is 1 method_list is BlockDetector::HEART_BEAT
[7116:6016:0621/002005.573:INFO:aha\components\towel\public\provider.cc:196] [TOWEL][Provider::GetMetaInfo] provider BlockDetectorProvider, method_size is 1 method_list is BlockDetector::HEART_BEAT
[7116:6016:0621/002005.573:INFO:aha\components\towel\public\provider.cc:196] [TOWEL][Provider::GetMetaInfo] provider BlockDetectorProvider, method_size is 1 method_list is BlockDetector::HEART_BEAT
[7116:6016:0621/002005.573:INFO:aha\components\towel\public\provider.cc:196] [TOWEL][Provider::GetMetaInfo] provider BlockDetectorProvider, method_size is 1 method_list is BlockDetector::HEART_BEAT
[7116:6016:0621/002005.573:INFO:aha\components\towel\public\provider.cc:196] [TOWEL][Provider::GetMetaInfo] provider BlockDetectorProvider, method_size is 1 method_list is BlockDetector::HEART_BEAT
[7116:6016:0621/002005.573:INFO:aha\components\towel\public\provider.cc:196] [TOWEL][Provider::GetMetaInfo] provider BlockDetectorProvider, method_size is 1 method_list is BlockDetector::HEART_BEAT
[7116:14560:0621/002005.573:INFO:aha\components\perf\collector\perf_collector_disk.cc:14] [perf collector][function=Collect] PerfCollectorDisk::Collect: 1
[7116:6016:0621/002005.573:INFO:aha\components\towel\common\ap_impl.cc:530] [TOWEL][APImpl::OnGetProviderMetaInfo]: RoutingId(7116, 341743295) provider BlockDetectorProvider
[7116:6016:0621/002005.573:INFO:aha\components\towel\common\ap_impl.cc:540] [TOWEL][APImpl::OnGetProviderMetaInfo] update meta info for BlockDetectorProvider method_list is BlockDetector::HEART_BEAT, event_list is 
[7116:6016:0621/002005.573:INFO:aha\components\towel\common\static_routing_ap.cc:181] [TOWEL][StaticRoutingAP::RunPendingRequestAndEvents] provider_name= BlockDetectorProvider
[7116:6016:0621/002005.574:INFO:aha\components\towel\common\ap_impl.cc:530] [TOWEL][APImpl::OnGetProviderMetaInfo]: RoutingId(7116, 1336779637) provider BlockDetectorProvider
[7116:6016:0621/002005.574:INFO:aha\components\towel\common\ap_impl.cc:540] [TOWEL][APImpl::OnGetProviderMetaInfo] update meta info for BlockDetectorProvider method_list is BlockDetector::HEART_BEAT, event_list is 
[7116:6016:0621/002005.574:INFO:aha\components\towel\common\static_routing_ap.cc:181] [TOWEL][StaticRoutingAP::RunPendingRequestAndEvents] provider_name= BlockDetectorProvider
[7116:6016:0621/002005.574:INFO:aha\components\towel\common\ap_impl.cc:530] [TOWEL][APImpl::OnGetProviderMetaInfo]: RoutingId(7116, 1578995633) provider BlockDetectorProvider
[7116:6016:0621/002005.574:INFO:aha\components\towel\common\ap_impl.cc:540] [TOWEL][APImpl::OnGetProviderMetaInfo] update meta info for BlockDetectorProvider method_list is BlockDetector::HEART_BEAT, event_list is 
[7116:6016:0621/002005.574:INFO:aha\components\towel\common\static_routing_ap.cc:181] [TOWEL][StaticRoutingAP::RunPendingRequestAndEvents] provider_name= BlockDetectorProvider
[7116:6016:0621/002005.574:INFO:aha\components\perf\perf_logger.cc:36] [perf logger] [disk] free:82197MB total:205485MB
[7116:1876:0621/002005.609:INFO:aha\components\perf\process\process_tree_provider.cc:255] [ProcessTreeProvider] UpdateInternal cost: 47ms
[7116:1876:0621/002005.610:INFO:aha\components\perf\process\process_collector_worker_thread.cc:85] [process collector] DoCollectProcessInfo cost: 47ms
[7116:1876:0621/002005.610:INFO:aha\components\perf\process\process_collector_worker_thread.cc:85] [process collector] DoCollectProcessInfo cost: 0ms
[7116:6016:0621/002005.707:INFO:aha\components\tiny_storage\tiny_storage.cc:77] [TinyStorage] Save
[7116:6016:0621/002005.707:INFO:aha\components\towel\common\static_routing_ap.cc:135] [TOWEL][StaticRoutingAP::TryAddPendingRequest] provider not ready, store request and wait. method AhaNet::UpdateAhaNetAccessPolicy
[7116:6016:0621/002005.707:INFO:aha\components\towel\common\static_routing_ap.cc:144] [TOWEL][StaticRoutingAP] start timeout checker
[7116:6016:0621/002005.822:INFO:aha\components\monitor\monitor.cc:188] [Monitor] SetDisableReport: SetDisableReport, disable_report: 0
[13084:3280:0621/002005.822:INFO:third_party\crashpad\crashpad\handler\win\crash_report_exception_handler.cc:241] [Crashpad] Append global param key: device_id
[7116:6016:0621/002005.822:INFO:aha\components\monitor\monitor_service_instance_impl.cc:185] [MonitorService] UpdateConfig: UpdateConfig, device_id: 1800321390968515, user_id: , tenant_id: 
[7116:6016:0621/002005.822:INFO:aha\components\device_service\device_service.cc:659] DeviceService, has cache, directly return cache: 1800321390968515
[7116:6016:0621/002005.822:INFO:aha\electron\shell\browser\aha_feature_list\aha_remote_state.cc:241] [RemoteState] electron::RemoteState::PullSettings, query with url https://api.trae.com.cn/service/settings/v3/?os=windows&aid=1006732&aha_electron_version=39.2.7-release.1.39.4&device_id=1800321390968515&app_aid=787976&app_version=3.3.67&app_region=cn
[7116:6016:0621/002005.822:INFO:aha\components\report_context\report_context_process_host.cc:56] [ReportContext] aha::ReportContextProcessHost::ReportContextProcessHost, initializing, catching up existing child processes before registering observer
[7116:6016:0621/002005.822:INFO:aha\components\report_context\report_context_process_host.cc:80] [ReportContext] aha::ReportContextProcessHost::ReportContextProcessHost, registering BrowserChildProcessObserver
[13084:8656:0621/002005.822:INFO:third_party\crashpad\crashpad\handler\win\crash_report_exception_handler.cc:241] [Crashpad] Append global param key: machineId
[13084:3280:0621/002005.822:INFO:third_party\crashpad\crashpad\handler\win\crash_report_exception_handler.cc:241] [Crashpad] Append global param key: release
[13084:8656:0621/002005.823:INFO:third_party\crashpad\crashpad\handler\win\crash_report_exception_handler.cc:241] [Crashpad] Append global param key: hostname
[13084:3280:0621/002005.823:INFO:third_party\crashpad\crashpad\handler\win\crash_report_exception_handler.cc:241] [Crashpad] Append global param key: memory
[13084:8656:0621/002005.823:INFO:third_party\crashpad\crashpad\handler\win\crash_report_exception_handler.cc:241] [Crashpad] Append global param key: cpu
[13084:3280:0621/002005.823:INFO:third_party\crashpad\crashpad\handler\win\crash_report_exception_handler.cc:241] [Crashpad] Append global param key: memoryUsagePercentage
[13084:8656:0621/002005.823:INFO:third_party\crashpad\crashpad\handler\win\crash_report_exception_handler.cc:241] [Crashpad] Append global param key: usage
[13084:3280:0621/002005.823:INFO:third_party\crashpad\crashpad\handler\win\crash_report_exception_handler.cc:241] [Crashpad] Append global param key: region
[7116:6016:0621/002005.824:INFO:aha\components\towel\embedder\master_binder.cc:60] [TOWEL]BindMasterInAnyProcess, ProcessType(2)
[7116:6016:0621/002005.824:INFO:aha\components\towel\embedder\master_binder.cc:52] [TOWEL]BindMasterInBrowser, ProcessType(2)
[7116:6016:0621/002005.824:INFO:aha\components\towel\embedder\master_binder.cc:55] [TOWEL]BindMasterInBrowser, run in main thread, bind.
[7116:6016:0621/002005.825:INFO:aha\components\towel\public\provider.cc:76] [TOWEL][Provider::Mount] mount provider, name= trae-cn-config-channel, force_reset=0
[7116:6016:0621/002005.828:INFO:aha\components\ipc\ipc_client.cc:36] [AhaIpc] create socket, server: ai-agent, channel_id: 1bc71b4a-0723-4cc8-a58b-84601e980145
[7116:6016:0621/002005.828:INFO:aha\components\ipc\ipc_client.cc:41] [AhaIpc] listen to server first time, server=ai-agent
[7116:6016:0621/002005.828:WARNING:aha\components\towel\common\ap_impl.cc:220] [TOWEL][APImpl::ListensEvents] no provider for event ai-agent::PUSH_PACKET
[7116:6016:0621/002005.828:INFO:aha\components\towel\common\ap_impl.cc:594] [TOWEL][APImpl::ListensEvents] start, RoutingId(7116, 341743295)
[7116:6016:0621/002005.828:INFO:aha\components\towel\common\ap_impl.cc:596] [TOWEL][APImpl::ListensEvents] no pending_listen_requests_, do nothing
[7116:6016:0621/002005.828:INFO:aha\components\towel\common\static_routing_ap.cc:171] [TOWEL][StaticRoutingAP::TryAddPendingEvents] provider not ready, store event and wait. event ai-agent::PUSH_PACKET
[7116:6016:0621/002005.828:INFO:aha\components\towel\common\static_routing_ap.cc:135] [TOWEL][StaticRoutingAP::TryAddPendingRequest] provider not ready, store request and wait. method ai-agent::SEND
[7116:6016:0621/002005.828:INFO:aha\components\towel\common\static_routing_ap.cc:144] [TOWEL][StaticRoutingAP] start timeout checker
[13084:10420:0621/002005.829:INFO:aha\third_party\parfait\aha\parfait_client.cc:176] [Parfait] update ParfaitClient with config
	pft_version=1.3.0.0
	user_id=
	device_id=1800321390968515
	session_id=
	data_report_url=https://pc-mon.zijieapi.com/monitor_pc/collect/api/pc_log
	crash_report_url=https://pc-mon.zijieapi.com/monitor_pc/collect/api/pc_crash
	gwpasan_report_url=https://pc-mon.zijieapi.com/monitor_pc/collect/api/pc_gwpasan
	block_report_url=https://pc-mon.zijieapi.com/monitor_pc/collect/api/pc_jank
	matrix_report_url=https://pc-mon.zijieapi.com/monitor_pc/collect/api/pc_matrix
	cpu_profile_report_url=https://pc-mon.zijieapi.com/monitor_pc/collect/file/pc_cpu_profile
	custom_exception_report_url=https://pc-mon.zijieapi.com/monitor_pc/collect/file/pc_custom_exception
	snapshot_report_url=https://pc-mon.zijieapi.com/monitor_pc/collect/file/pc_snapshot
	settings_url=
	tenant_id=
[13084:10420:0621/002005.829:INFO:aha\components\crash_monitor\crash_monitor.cc:416] [CrashMonitor] PollingReportSandboxDump: Start
[13084:10420:0621/002005.829:INFO:aha\components\crash_monitor\crash_monitor.cc:427] [CrashMonitor] ReportSandboxDump: Start
[13084:10420:0621/002005.829:INFO:aha\components\crash_monitor\crash_monitor.cc:451] [CrashMonitor] ReportSandboxDump: End
[7116:6016:0621/002005.839:INFO:aha\components\perf\system_monitor\perf_system_monitor.cc:68] PerfSystemMonitor::Start 0x617c000508d8, interval 15 s
[7116:6016:0621/002005.839:INFO:aha\components\perf\perf_abnormal_observer.cc:377] [PerfAbnormal] aha::PerfAbnormalObserver::GetInstance, 
[7116:6016:0621/002005.839:INFO:aha\electron\shell\browser\api\electron_api_aha_system_monitor.cc:77] [AhaSystemMonitor] MonitorAbnormal
[7116:6016:0621/002005.881:ERROR:aha\components\basil\core\native_extension_manager_impl.cc:51] [Basil][Basil] no extension found, name=ai
[7116:6016:0621/002005.882:INFO:aha\components\basil\core\native_extension_impl.cc:105] [Basil]native_extension created, name=ai
[7116:6016:0621/002005.882:INFO:aha\components\basil\core\native_extension_impl.cc:130] [Basil]launch native extension process start, name=ai
[7116:6016:0621/002005.882:INFO:content\public\browser\service_process_host.cc:108] vscode_crash_reporter_process_type: is ai
[7116:6016:0621/002005.885:ERROR:aha\components\basil\core\native_extension_manager_impl.cc:51] [Basil][Basil] no extension found, name=ckg
[7116:6016:0621/002005.885:INFO:aha\components\basil\core\native_extension_impl.cc:105] [Basil]native_extension created, name=ckg
[7116:6016:0621/002005.885:INFO:aha\components\basil\core\native_extension_impl.cc:130] [Basil]launch native extension process start, name=ckg
[7116:6016:0621/002005.885:INFO:content\public\browser\service_process_host.cc:108] vscode_crash_reporter_process_type: is ckg
[7116:6016:0621/002005.889:INFO:content\public\browser\service_process_host.cc:108] vscode_crash_reporter_process_type: is ai-server
[7116:6016:0621/002005.891:INFO:aha\components\ipc\ipc_client.cc:36] [AhaIpc] create socket, server: cueServer, channel_id: e7024974-6b7c-4828-a533-6afb54e0999a
[7116:6016:0621/002005.891:INFO:aha\components\ipc\ipc_client.cc:41] [AhaIpc] listen to server first time, server=cueServer
[7116:6016:0621/002005.891:WARNING:aha\components\towel\common\ap_impl.cc:220] [TOWEL][APImpl::ListensEvents] no provider for event cueServer::PUSH_PACKET
[7116:6016:0621/002005.891:INFO:aha\components\towel\common\ap_impl.cc:594] [TOWEL][APImpl::ListensEvents] start, RoutingId(7116, 341743295)
[7116:6016:0621/002005.891:INFO:aha\components\towel\common\ap_impl.cc:596] [TOWEL][APImpl::ListensEvents] no pending_listen_requests_, do nothing
[7116:6016:0621/002005.891:INFO:aha\components\towel\common\static_routing_ap.cc:171] [TOWEL][StaticRoutingAP::TryAddPendingEvents] provider not ready, store event and wait. event cueServer::PUSH_PACKET
[7116:6016:0621/002005.891:INFO:aha\components\towel\common\static_routing_ap.cc:135] [TOWEL][StaticRoutingAP::TryAddPendingRequest] provider not ready, store request and wait. method cueServer::SEND
[7116:6016:0621/002005.892:INFO:aha\components\towel\common\static_routing_ap.cc:135] [TOWEL][StaticRoutingAP::TryAddPendingRequest] provider not ready, store request and wait. method ai-agent::SEND
[7116:6016:0621/002005.892:INFO:aha\components\towel\common\static_routing_ap.cc:135] [TOWEL][StaticRoutingAP::TryAddPendingRequest] provider not ready, store request and wait. method cueServer::SEND
[7116:6016:0621/002005.896:INFO:aha\components\towel\common\master_impl.cc:153] [TOWEL][MasterImpl::RegisterProvider] success trae-cn-config-channel provider size now is 2
[7116:6016:0621/002005.896:INFO:aha\components\towel\common\static_routing_ap.cc:244] [TOWEL]run timeout checker
[7116:6016:0621/002005.924:INFO:aha\components\towel\common\ap_impl.cc:406] [TOWEL][APImpl::OnProviderAdded] provider_name trae-cn-config-channel, RoutingId(7116, 341743295)
[7116:6016:0621/002005.924:INFO:aha\components\ipc\ipc_client.cc:172] [AhaIpc] provider connected, name: trae-cn-config-channel
[7116:6016:0621/002005.924:INFO:aha\components\towel\common\static_routing_ap.cc:181] [TOWEL][StaticRoutingAP::RunPendingRequestAndEvents] provider_name= trae-cn-config-channel
[7116:6016:0621/002005.924:INFO:aha\components\towel\common\ap_impl.cc:406] [TOWEL][APImpl::OnProviderAdded] provider_name trae-cn-config-channel, RoutingId(7116, 1336779637)
[7116:6016:0621/002005.924:INFO:aha\components\towel\common\static_routing_ap.cc:181] [TOWEL][StaticRoutingAP::RunPendingRequestAndEvents] provider_name= trae-cn-config-channel
[7116:6016:0621/002005.924:INFO:aha\components\towel\common\ap_impl.cc:406] [TOWEL][APImpl::OnProviderAdded] provider_name trae-cn-config-channel, RoutingId(7116, 1578995633)
[7116:6016:0621/002005.924:INFO:aha\components\towel\common\static_routing_ap.cc:181] [TOWEL][StaticRoutingAP::RunPendingRequestAndEvents] provider_name= trae-cn-config-channel
[7116:6016:0621/002005.924:INFO:aha\components\towel\public\provider.cc:196] [TOWEL][Provider::GetMetaInfo] provider trae-cn-config-channel, method_size is 1 method_list is trae-cn-config-channel::SEND
[7116:6016:0621/002005.924:INFO:aha\components\towel\public\provider.cc:196] [TOWEL][Provider::GetMetaInfo] provider trae-cn-config-channel, method_size is 1 method_list is trae-cn-config-channel::SEND
[7116:6016:0621/002005.924:INFO:aha\components\towel\public\provider.cc:196] [TOWEL][Provider::GetMetaInfo] provider trae-cn-config-channel, method_size is 1 method_list is trae-cn-config-channel::SEND
[7116:6016:0621/002005.924:INFO:aha\components\towel\common\ap_impl.cc:530] [TOWEL][APImpl::OnGetProviderMetaInfo]: RoutingId(7116, 341743295) provider trae-cn-config-channel
[7116:6016:0621/002005.924:INFO:aha\components\towel\common\ap_impl.cc:540] [TOWEL][APImpl::OnGetProviderMetaInfo] update meta info for trae-cn-config-channel method_list is trae-cn-config-channel::SEND, event_list is trae-cn-config-channel::PUSH_PACKET
[7116:6016:0621/002005.924:INFO:aha\components\towel\common\static_routing_ap.cc:181] [TOWEL][StaticRoutingAP::RunPendingRequestAndEvents] provider_name= trae-cn-config-channel
[7116:6016:0621/002005.924:INFO:aha\components\towel\common\ap_impl.cc:530] [TOWEL][APImpl::OnGetProviderMetaInfo]: RoutingId(7116, 1336779637) provider trae-cn-config-channel
[7116:6016:0621/002005.924:INFO:aha\components\towel\common\ap_impl.cc:540] [TOWEL][APImpl::OnGetProviderMetaInfo] update meta info for trae-cn-config-channel method_list is trae-cn-config-channel::SEND, event_list is trae-cn-config-channel::PUSH_PACKET
[7116:6016:0621/002005.924:INFO:aha\components\towel\common\static_routing_ap.cc:181] [TOWEL][StaticRoutingAP::RunPendingRequestAndEvents] provider_name= trae-cn-config-channel
[7116:6016:0621/002005.924:INFO:aha\components\towel\common\ap_impl.cc:530] [TOWEL][APImpl::OnGetProviderMetaInfo]: RoutingId(7116, 1578995633) provider trae-cn-config-channel
[7116:6016:0621/002005.924:INFO:aha\components\towel\common\ap_impl.cc:540] [TOWEL][APImpl::OnGetProviderMetaInfo] update meta info for trae-cn-config-channel method_list is trae-cn-config-channel::SEND, event_list is trae-cn-config-channel::PUSH_PACKET
[7116:6016:0621/002005.924:INFO:aha\components\towel\common\static_routing_ap.cc:181] [TOWEL][StaticRoutingAP::RunPendingRequestAndEvents] provider_name= trae-cn-config-channel
[7116:6016:0621/002005.929:INFO:aha\components\towel\common\static_routing_ap.cc:244] [TOWEL]run timeout checker
[7116:6016:0621/002005.935:INFO:aha\components\monitor\monitor.cc:188] [Monitor] SetDisableReport: SetDisableReport, disable_report: 0
[13084:8656:0621/002005.935:INFO:third_party\crashpad\crashpad\handler\win\crash_report_exception_handler.cc:241] [Crashpad] Append global param key: user_id
[13084:3280:0621/002005.935:INFO:third_party\crashpad\crashpad\handler\win\crash_report_exception_handler.cc:241] [Crashpad] Append global param key: device_id
[7116:6016:0621/002005.935:INFO:aha\components\monitor\monitor_service_instance_impl.cc:185] [MonitorService] UpdateConfig: UpdateConfig, device_id: 1800321390968515, user_id: 1554025451100144, tenant_id: marscode
[7116:6016:0621/002005.935:INFO:aha\electron\shell\browser\aha_feature_list\aha_remote_state.cc:241] [RemoteState] electron::RemoteState::PullSettings, query with url https://api.trae.com.cn/service/settings/v3/?os=windows&aid=1006732&aha_electron_version=39.2.7-release.1.39.4&device_id=1800321390968515&app_aid=787976&app_version=3.3.67&app_region=cn&tenant_id=marscode
[13084:8656:0621/002005.936:INFO:third_party\crashpad\crashpad\handler\win\crash_report_exception_handler.cc:241] [Crashpad] Append global param key: tenant
[13084:3280:0621/002005.936:INFO:third_party\crashpad\crashpad\handler\win\crash_report_exception_handler.cc:241] [Crashpad] Append global param key: region
[13084:10420:0621/002005.938:INFO:aha\third_party\parfait\aha\parfait_client.cc:176] [Parfait] update ParfaitClient with config
	pft_version=1.3.0.0
	user_id=1554025451100144
	device_id=1800321390968515
	session_id=
	data_report_url=https://pc-mon.zijieapi.com/monitor_pc/collect/api/pc_log
	crash_report_url=https://pc-mon.zijieapi.com/monitor_pc/collect/api/pc_crash
	gwpasan_report_url=https://pc-mon.zijieapi.com/monitor_pc/collect/api/pc_gwpasan
	block_report_url=https://pc-mon.zijieapi.com/monitor_pc/collect/api/pc_jank
	matrix_report_url=https://pc-mon.zijieapi.com/monitor_pc/collect/api/pc_matrix
	cpu_profile_report_url=https://pc-mon.zijieapi.com/monitor_pc/collect/file/pc_cpu_profile
	custom_exception_report_url=https://pc-mon.zijieapi.com/monitor_pc/collect/file/pc_custom_exception
	snapshot_report_url=https://pc-mon.zijieapi.com/monitor_pc/collect/file/pc_snapshot
	settings_url=
	tenant_id=
[13084:10420:0621/002005.938:INFO:aha\components\crash_monitor\crash_monitor.cc:416] [CrashMonitor] PollingReportSandboxDump: Start
[13084:10420:0621/002005.938:INFO:aha\components\crash_monitor\crash_monitor.cc:427] [CrashMonitor] ReportSandboxDump: Start
[13084:10420:0621/002005.938:INFO:aha\components\crash_monitor\crash_monitor.cc:451] [CrashMonitor] ReportSandboxDump: End
[7116:6016:0621/002006.022:INFO:aha\components\metrics\metrics_base.cc:52] [startup] metric: createBrowserWindow, start
[7116:6016:0621/002006.022:INFO:electron\shell\browser\api\electron_api_web_contents.cc:795] Create WebContents, this: 0x617c01ea9000, uuid: 
[7116:6016:0621/002006.023:INFO:aha\content\public\browser\renderer_jank\aha_infra_render_block_detector.cc:91] [renderer block] AhaInfraRenderBlockDetector is created and set up!
[7116:6016:0621/002006.130:INFO:aha\components\metrics\metrics_base.cc:64] [startup] metric: createBrowserWindow, end, latency: 107ms
[7116:6016:0621/002006.178:INFO:aha\components\report_context\report_context_process_host.cc:175] [ReportContext] virtual aha::ReportContextProcessHost::BrowserChildProcessLaunchedAndConnected, type=6 pid=16540 name=network.mojom.NetworkService unique_id=3
[7116:6016:0621/002006.178:INFO:aha\components\report_context\report_context_process_host.cc:198] [ReportContext] aha::ReportContextProcessHost::BindAndSyncChildProcess, binding Mojo remote for child process pid=16540 unique_id=3
[7116:6016:0621/002006.178:INFO:aha\components\report_context\report_context_process_host.cc:217] [ReportContext] aha::ReportContextProcessHost::BindAndSyncChildProcess, successfully bound, total_entries=1 pid=16540
[7116:6016:0621/002006.178:INFO:aha\components\report_context\report_context_process_host.cc:254] [ReportContext] aha::ReportContextProcessHost::SyncExistingContext, pid=16540 crash_keys_count=0
[7116:6016:0621/002006.178:INFO:aha\components\report_context\report_context_process_host.cc:264] [ReportContext] aha::ReportContextProcessHost::SyncExistingContext, pid=16540 common_keys_count=0
[7116:6016:0621/002006.178:INFO:aha\components\process_observer\aha_process_observer.cc:45] [process observer][process launched] type is:NetworkService, pid is:16540
[7116:6016:0621/002006.178:INFO:aha\components\perf\perf_manager_base.cc:452] [perf manager][function = AddProcess] add process:16540
[7116:6016:0621/002006.178:INFO:aha\components\perf\collector\perf_collector_base.cc:29] [perf collector][function=ShouldCollectProcess] AddProcess pid:16540 cmd:"D:\Trae CN\Trae CN.exe" --type=utility --utility-sub-type=network.mojom.NetworkService --lang=zh-CN --service-sandbox-type=none --user-data-dir="C:\Users\79368\AppData\Local\Temp\trae-cn-profile-9346-14076" --standard-schemes=vscode-webview,vscode-file,solo-remote-file --enable-sandbox --secure-schemes=vscode-webview,vscode-file,solo-remote-file --cors-schemes=vscode-webview,vscode-file,solo-remote-file --fetch-schemes=vscode-webview,vscode-file,solo-remote-file --service-worker-schemes=vscode-webview --code-cache-schemes=vscode-webview,vscode-file --field-trial-handle=3028,i,2830996505004751620,9860351495398714899,262144 --enable-features=DocumentPolicyIncludeJSCallStacksInCrashReports,EarlyEstablishGpuChannel,EnableTransparentHwndEnlargement,EstablishGpuChannelAsync,PdfUseShowSaveFilePicker --disable-features=CalculateNativeWinOcclusion,LocalNetworkAccessChecks,ScreenAIOCREnabled,SpareRendererForSitePerProcess,TraceSiteInstanceGetProcessCreation --variations-seed-version --trace-process-track-uuid=3190708989122997041 --enable-logging=handle --log-file=3064 --mojo-platform-channel-handle=3060 /prefetch:11
[7116:6016:0621/002006.178:INFO:aha\components\perf\collector\perf_collector_base.cc:29] [perf collector][function=ShouldCollectProcess] AddProcess pid:16540 cmd:"D:\Trae CN\Trae CN.exe" --type=utility --utility-sub-type=network.mojom.NetworkService --lang=zh-CN --service-sandbox-type=none --user-data-dir="C:\Users\79368\AppData\Local\Temp\trae-cn-profile-9346-14076" --standard-schemes=vscode-webview,vscode-file,solo-remote-file --enable-sandbox --secure-schemes=vscode-webview,vscode-file,solo-remote-file --cors-schemes=vscode-webview,vscode-file,solo-remote-file --fetch-schemes=vscode-webview,vscode-file,solo-remote-file --service-worker-schemes=vscode-webview --code-cache-schemes=vscode-webview,vscode-file --field-trial-handle=3028,i,2830996505004751620,9860351495398714899,262144 --enable-features=DocumentPolicyIncludeJSCallStacksInCrashReports,EarlyEstablishGpuChannel,EnableTransparentHwndEnlargement,EstablishGpuChannelAsync,PdfUseShowSaveFilePicker --disable-features=CalculateNativeWinOcclusion,LocalNetworkAccessChecks,ScreenAIOCREnabled,SpareRendererForSitePerProcess,TraceSiteInstanceGetProcessCreation --variations-seed-version --trace-process-track-uuid=3190708989122997041 --enable-logging=handle --log-file=3064 --mojo-platform-channel-handle=3060 /prefetch:11
[7116:6016:0621/002006.178:INFO:aha\components\perf\collector\perf_collector_base.cc:29] [perf collector][function=ShouldCollectProcess] AddProcess pid:16540 cmd:"D:\Trae CN\Trae CN.exe" --type=utility --utility-sub-type=network.mojom.NetworkService --lang=zh-CN --service-sandbox-type=none --user-data-dir="C:\Users\79368\AppData\Local\Temp\trae-cn-profile-9346-14076" --standard-schemes=vscode-webview,vscode-file,solo-remote-file --enable-sandbox --secure-schemes=vscode-webview,vscode-file,solo-remote-file --cors-schemes=vscode-webview,vscode-file,solo-remote-file --fetch-schemes=vscode-webview,vscode-file,solo-remote-file --service-worker-schemes=vscode-webview --code-cache-schemes=vscode-webview,vscode-file --field-trial-handle=3028,i,2830996505004751620,9860351495398714899,262144 --enable-features=DocumentPolicyIncludeJSCallStacksInCrashReports,EarlyEstablishGpuChannel,EnableTransparentHwndEnlargement,EstablishGpuChannelAsync,PdfUseShowSaveFilePicker --disable-features=CalculateNativeWinOcclusion,LocalNetworkAccessChecks,ScreenAIOCREnabled,SpareRendererForSitePerProcess,TraceSiteInstanceGetProcessCreation --variations-seed-version --trace-process-track-uuid=3190708989122997041 --enable-logging=handle --log-file=3064 --mojo-platform-channel-handle=3060 /prefetch:11
[7116:4548:0621/002006.192:INFO:aha\components\perf\process\process_type_provider.cc:119] [ProcessTypeProvider] aha::ProcessTypeProvider::AddProcessOnTaskRunner, pid 16540, type NetworkService
[7116:6016:0621/002006.199:INFO:aha\components\towel\common\static_routing_ap.cc:244] [TOWEL]run timeout checker
[7116:6016:0621/002006.199:INFO:aha\components\towel\common\static_routing_ap.cc:244] [TOWEL]run timeout checker
[7116:6016:0621/002006.240:INFO:components\viz\client\frame_evictor.cc:49] blank paint: FrameEvictor::SetVisible 0 -> 0, has_surface=0
[7116:6016:0621/002006.289:INFO:content\browser\renderer_host\render_widget_host_view_aura.cc:590] blank paint: ShowImpl called, is_hidden=1, disable_hidden=0, visibility=0
[7116:6016:0621/002006.289:INFO:content\browser\renderer_host\render_widget_host_view_base.cc:890] blank paint: OnShowWithPageVisibility called, is_hidden=1, disable_hidden=0, web_contents_is_visible=1
[7116:6016:0621/002006.289:INFO:content\browser\renderer_host\render_widget_host_view_aura.cc:659] blank paint: NotifyHostAndDelegateOnWasShown called, FrameEvictor will be set visible
[7116:6016:0621/002006.289:INFO:content\browser\renderer_host\delegated_frame_host.cc:98] blank paint: content::DelegatedFrameHost::WasShown
[7116:6016:0621/002006.289:INFO:components\viz\client\frame_evictor.cc:49] blank paint: FrameEvictor::SetVisible 0 -> 1, has_surface=0
[7116:6016:0621/002006.290:INFO:aha\components\page_load_metrics\observers\page_load_metrics_observer.cc:133] [page_load_metrics][traceId-] this:0x617c00470800, AhaPageLoadMetricsObserver::ctor
[7116:6016:0621/002006.290:INFO:aha\components\page_load_metrics\observers\page_load_metrics_observer.cc:187] [page_load_metrics][traceId-] this:0x617c00470800, OnStart: is_same_document:0, started_in_foreground:1
[7116:6016:0621/002006.290:INFO:aha\components\page_load_metrics\observers\page_load_metrics_observer.cc:224] [page_load_metrics][traceId-] this:0x617c00470800, TryRegisterWidgetObserver: widget:0x617c00470b00, visible:1, minimized:0, web_contents_visible:1
[7116:6016:0621/002006.302:INFO:aha\components\device_service\device_service.cc:659] DeviceService, has cache, directly return cache: 1800321390968515
[7116:6016:0621/002006.302:INFO:aha\components\device_service\device_service.h:33] DeviceService GetDeviceId, cost time: 0 ms
[7116:6016:0621/002006.304:INFO:aha\components\towel\common\static_routing_ap.cc:244] [TOWEL]run timeout checker
[7116:6016:0621/002006.304:INFO:aha\components\towel\common\static_routing_ap.cc:244] [TOWEL]run timeout checker
[7116:6016:0621/002006.404:INFO:aha\components\towel\common\static_routing_ap.cc:244] [TOWEL]run timeout checker
[7116:6016:0621/002006.404:INFO:aha\components\towel\common\static_routing_ap.cc:244] [TOWEL]run timeout checker
[7116:6016:0621/002006.444:INFO:aha\components\report_context\report_context_process_host.cc:175] [ReportContext] virtual aha::ReportContextProcessHost::BrowserChildProcessLaunchedAndConnected, type=6 pid=17928 name=monitor.mojom.MonitorService unique_id=4
[7116:6016:0621/002006.444:INFO:aha\components\report_context\report_context_process_host.cc:198] [ReportContext] aha::ReportContextProcessHost::BindAndSyncChildProcess, binding Mojo remote for child process pid=17928 unique_id=4
[7116:6016:0621/002006.444:INFO:aha\components\report_context\report_context_process_host.cc:217] [ReportContext] aha::ReportContextProcessHost::BindAndSyncChildProcess, successfully bound, total_entries=2 pid=17928
[7116:6016:0621/002006.444:INFO:aha\components\report_context\report_context_process_host.cc:254] [ReportContext] aha::ReportContextProcessHost::SyncExistingContext, pid=17928 crash_keys_count=0
[7116:6016:0621/002006.444:INFO:aha\components\report_context\report_context_process_host.cc:264] [ReportContext] aha::ReportContextProcessHost::SyncExistingContext, pid=17928 common_keys_count=0
[7116:6016:0621/002006.444:INFO:aha\components\process_observer\aha_process_observer.cc:45] [process observer][process launched] type is:MonitorService, pid is:17928
[7116:6016:0621/002006.444:INFO:aha\components\perf\perf_manager_base.cc:452] [perf manager][function = AddProcess] add process:17928
[7116:6016:0621/002006.444:INFO:aha\components\perf\collector\perf_collector_base.cc:29] [perf collector][function=ShouldCollectProcess] AddProcess pid:17928 cmd:"D:\Trae CN\Trae CN.exe" --type=utility --utility-sub-type=monitor.mojom.MonitorService --lang=zh-CN --service-sandbox-type=none --user-data-dir="C:\Users\79368\AppData\Local\Temp\trae-cn-profile-9346-14076" --standard-schemes=vscode-webview,vscode-file,solo-remote-file --enable-sandbox --secure-schemes=vscode-webview,vscode-file,solo-remote-file --cors-schemes=vscode-webview,vscode-file,solo-remote-file --fetch-schemes=vscode-webview,vscode-file,solo-remote-file --service-worker-schemes=vscode-webview --code-cache-schemes=vscode-webview,vscode-file --field-trial-handle=3028,i,2830996505004751620,9860351495398714899,262144 --enable-features=DocumentPolicyIncludeJSCallStacksInCrashReports,EarlyEstablishGpuChannel,EnableTransparentHwndEnlargement,EstablishGpuChannelAsync,PdfUseShowSaveFilePicker --disable-features=CalculateNativeWinOcclusion,LocalNetworkAccessChecks,ScreenAIOCREnabled,SpareRendererForSitePerProcess,TraceSiteInstanceGetProcessCreation --variations-seed-version --trace-process-track-uuid=3190708990060038890 --enable-logging=handle --log-file=3828 --mojo-platform-channel-handle=3820 /prefetch:14
[7116:6016:0621/002006.444:INFO:aha\components\perf\collector\perf_collector_base.cc:29] [perf collector][function=ShouldCollectProcess] AddProcess pid:17928 cmd:"D:\Trae CN\Trae CN.exe" --type=utility --utility-sub-type=monitor.mojom.MonitorService --lang=zh-CN --service-sandbox-type=none --user-data-dir="C:\Users\79368\AppData\Local\Temp\trae-cn-profile-9346-14076" --standard-schemes=vscode-webview,vscode-file,solo-remote-file --enable-sandbox --secure-schemes=vscode-webview,vscode-file,solo-remote-file --cors-schemes=vscode-webview,vscode-file,solo-remote-file --fetch-schemes=vscode-webview,vscode-file,solo-remote-file --service-worker-schemes=vscode-webview --code-cache-schemes=vscode-webview,vscode-file --field-trial-handle=3028,i,2830996505004751620,9860351495398714899,262144 --enable-features=DocumentPolicyIncludeJSCallStacksInCrashReports,EarlyEstablishGpuChannel,EnableTransparentHwndEnlargement,EstablishGpuChannelAsync,PdfUseShowSaveFilePicker --disable-features=CalculateNativeWinOcclusion,LocalNetworkAccessChecks,ScreenAIOCREnabled,SpareRendererForSitePerProcess,TraceSiteInstanceGetProcessCreation --variations-seed-version --trace-process-track-uuid=3190708990060038890 --enable-logging=handle --log-file=3828 --mojo-platform-channel-handle=3820 /prefetch:14
[7116:6016:0621/002006.444:INFO:aha\components\perf\collector\perf_collector_base.cc:29] [perf collector][function=ShouldCollectProcess] AddProcess pid:17928 cmd:"D:\Trae CN\Trae CN.exe" --type=utility --utility-sub-type=monitor.mojom.MonitorService --lang=zh-CN --service-sandbox-type=none --user-data-dir="C:\Users\79368\AppData\Local\Temp\trae-cn-profile-9346-14076" --standard-schemes=vscode-webview,vscode-file,solo-remote-file --enable-sandbox --secure-schemes=vscode-webview,vscode-file,solo-remote-file --cors-schemes=vscode-webview,vscode-file,solo-remote-file --fetch-schemes=vscode-webview,vscode-file,solo-remote-file --service-worker-schemes=vscode-webview --code-cache-schemes=vscode-webview,vscode-file --field-trial-handle=3028,i,2830996505004751620,9860351495398714899,262144 --enable-features=DocumentPolicyIncludeJSCallStacksInCrashReports,EarlyEstablishGpuChannel,EnableTransparentHwndEnlargement,EstablishGpuChannelAsync,PdfUseShowSaveFilePicker --disable-features=CalculateNativeWinOcclusion,LocalNetworkAccessChecks,ScreenAIOCREnabled,SpareRendererForSitePerProcess,TraceSiteInstanceGetProcessCreation --variations-seed-version --trace-process-track-uuid=3190708990060038890 --enable-logging=handle --log-file=3828 --mojo-platform-channel-handle=3820 /prefetch:14
[7116:4548:0621/002006.444:INFO:aha\components\perf\process\process_type_provider.cc:119] [ProcessTypeProvider] aha::ProcessTypeProvider::AddProcessOnTaskRunner, pid 17928, type MonitorService
[7116:6016:0621/002006.444:INFO:aha\components\process_observer\aha_process_observer.cc:45] [process observer][process launched] type is:gpu-process, pid is:16544
[7116:6016:0621/002006.444:INFO:aha\components\perf\perf_manager_base.cc:452] [perf manager][function = AddProcess] add process:16544
[7116:6016:0621/002006.444:INFO:aha\components\perf\collector\perf_collector_base.cc:29] [perf collector][function=ShouldCollectProcess] AddProcess pid:16544 cmd:"D:\Trae CN\Trae CN.exe" --type=gpu-process --user-data-dir="C:\Users\79368\AppData\Local\Temp\trae-cn-profile-9346-14076" --gpu-preferences=UAAAAAAAAADgAAAEAAAAAAAAAAAAAGAAAQAAAAAAAAAAAAAAAAAAAAIAAAAAAAAAAAAAAAAAAAAYAAAAAAAAABgAAAAAAAAABQAAAAoAAAAIAAAAAAAAAAgAAAAAAAAA --field-trial-handle=3028,i,2830996505004751620,9860351495398714899,262144 --enable-features=DocumentPolicyIncludeJSCallStacksInCrashReports,EarlyEstablishGpuChannel,EnableTransparentHwndEnlargement,EstablishGpuChannelAsync,PdfUseShowSaveFilePicker --disable-features=CalculateNativeWinOcclusion,LocalNetworkAccessChecks,ScreenAIOCREnabled,SpareRendererForSitePerProcess,TraceSiteInstanceGetProcessCreation --variations-seed-version --trace-process-track-uuid=3190708988185955192 --enable-logging=handle --log-file=3032 --mojo-platform-channel-handle=3024 /prefetch:2
[7116:6016:0621/002006.444:INFO:aha\components\perf\collector\perf_collector_base.cc:29] [perf collector][function=ShouldCollectProcess] AddProcess pid:16544 cmd:"D:\Trae CN\Trae CN.exe" --type=gpu-process --user-data-dir="C:\Users\79368\AppData\Local\Temp\trae-cn-profile-9346-14076" --gpu-preferences=UAAAAAAAAADgAAAEAAAAAAAAAAAAAGAAAQAAAAAAAAAAAAAAAAAAAAIAAAAAAAAAAAAAAAAAAAAYAAAAAAAAABgAAAAAAAAABQAAAAoAAAAIAAAAAAAAAAgAAAAAAAAA --field-trial-handle=3028,i,2830996505004751620,9860351495398714899,262144 --enable-features=DocumentPolicyIncludeJSCallStacksInCrashReports,EarlyEstablishGpuChannel,EnableTransparentHwndEnlargement,EstablishGpuChannelAsync,PdfUseShowSaveFilePicker --disable-features=CalculateNativeWinOcclusion,LocalNetworkAccessChecks,ScreenAIOCREnabled,SpareRendererForSitePerProcess,TraceSiteInstanceGetProcessCreation --variations-seed-version --trace-process-track-uuid=3190708988185955192 --enable-logging=handle --log-file=3032 --mojo-platform-channel-handle=3024 /prefetch:2
[7116:6016:0621/002006.444:INFO:aha\components\perf\collector\perf_collector_base.cc:29] [perf collector][function=ShouldCollectProcess] AddProcess pid:16544 cmd:"D:\Trae CN\Trae CN.exe" --type=gpu-process --user-data-dir="C:\Users\79368\AppData\Local\Temp\trae-cn-profile-9346-14076" --gpu-preferences=UAAAAAAAAADgAAAEAAAAAAAAAAAAAGAAAQAAAAAAAAAAAAAAAAAAAAIAAAAAAAAAAAAAAAAAAAAYAAAAAAAAABgAAAAAAAAABQAAAAoAAAAIAAAAAAAAAAgAAAAAAAAA --field-trial-handle=3028,i,2830996505004751620,9860351495398714899,262144 --enable-features=DocumentPolicyIncludeJSCallStacksInCrashReports,EarlyEstablishGpuChannel,EnableTransparentHwndEnlargement,EstablishGpuChannelAsync,PdfUseShowSaveFilePicker --disable-features=CalculateNativeWinOcclusion,LocalNetworkAccessChecks,ScreenAIOCREnabled,SpareRendererForSitePerProcess,TraceSiteInstanceGetProcessCreation --variations-seed-version --trace-process-track-uuid=3190708988185955192 --enable-logging=handle --log-file=3032 --mojo-platform-channel-handle=3024 /prefetch:2
[7116:4548:0621/002006.447:INFO:aha\components\perf\process\process_type_provider.cc:119] [ProcessTypeProvider] aha::ProcessTypeProvider::AddProcessOnTaskRunner, pid 16544, type gpu-process
[7116:6016:0621/002006.465:INFO:aha\components\basil\core\native_extension_impl.cc:212] [Basil]process launched, name=ai, pid=19376
[7116:6016:0621/002006.465:INFO:aha\components\report_context\report_context_process_host.cc:175] [ReportContext] virtual aha::ReportContextProcessHost::BrowserChildProcessLaunchedAndConnected, type=6 pid=19376 name=basil.mojom.NativeExtensionService unique_id=5
[7116:6016:0621/002006.465:INFO:aha\components\report_context\report_context_process_host.cc:198] [ReportContext] aha::ReportContextProcessHost::BindAndSyncChildProcess, binding Mojo remote for child process pid=19376 unique_id=5
[7116:6016:0621/002006.465:INFO:aha\components\report_context\report_context_process_host.cc:217] [ReportContext] aha::ReportContextProcessHost::BindAndSyncChildProcess, successfully bound, total_entries=3 pid=19376
[7116:6016:0621/002006.465:INFO:aha\components\report_context\report_context_process_host.cc:254] [ReportContext] aha::ReportContextProcessHost::SyncExistingContext, pid=19376 crash_keys_count=0
[7116:6016:0621/002006.465:INFO:aha\components\report_context\report_context_process_host.cc:264] [ReportContext] aha::ReportContextProcessHost::SyncExistingContext, pid=19376 common_keys_count=0
[7116:6016:0621/002006.465:INFO:aha\components\process_observer\aha_process_observer.cc:45] [process observer][process launched] type is:ai, pid is:19376
[7116:6016:0621/002006.465:INFO:aha\components\perf\perf_manager_base.cc:452] [perf manager][function = AddProcess] add process:19376
[7116:6016:0621/002006.466:INFO:aha\components\perf\collector\perf_collector_base.cc:29] [perf collector][function=ShouldCollectProcess] AddProcess pid:19376 cmd:"D:\Trae CN\Trae CN.exe" --type=utility --utility-sub-type=basil.mojom.NativeExtensionService --lang=zh-CN --service-sandbox-type=none --vscode-crash-reporter-process-type=ai --user-data-dir="C:\Users\79368\AppData\Local\Temp\trae-cn-profile-9346-14076" --standard-schemes=vscode-webview,vscode-file,solo-remote-file --enable-sandbox --secure-schemes=vscode-webview,vscode-file,solo-remote-file --cors-schemes=vscode-webview,vscode-file,solo-remote-file --fetch-schemes=vscode-webview,vscode-file,solo-remote-file --service-worker-schemes=vscode-webview --code-cache-schemes=vscode-webview,vscode-file --field-trial-handle=3028,i,2830996505004751620,9860351495398714899,262144 --enable-features=DocumentPolicyIncludeJSCallStacksInCrashReports,EarlyEstablishGpuChannel,EnableTransparentHwndEnlargement,EstablishGpuChannelAsync,PdfUseShowSaveFilePicker --disable-features=CalculateNativeWinOcclusion,LocalNetworkAccessChecks,ScreenAIOCREnabled,SpareRendererForSitePerProcess,TraceSiteInstanceGetProcessCreation --variations-seed-version --trace-process-track-uuid=3190708990997080739 --enable-logging=handle --log-file=2920 --mojo-platform-channel-handle=3784 /prefetch:14
[7116:6016:0621/002006.466:INFO:aha\components\perf\collector\perf_collector_base.cc:29] [perf collector][function=ShouldCollectProcess] AddProcess pid:19376 cmd:"D:\Trae CN\Trae CN.exe" --type=utility --utility-sub-type=basil.mojom.NativeExtensionService --lang=zh-CN --service-sandbox-type=none --vscode-crash-reporter-process-type=ai --user-data-dir="C:\Users\79368\AppData\Local\Temp\trae-cn-profile-9346-14076" --standard-schemes=vscode-webview,vscode-file,solo-remote-file --enable-sandbox --secure-schemes=vscode-webview,vscode-file,solo-remote-file --cors-schemes=vscode-webview,vscode-file,solo-remote-file --fetch-schemes=vscode-webview,vscode-file,solo-remote-file --service-worker-schemes=vscode-webview --code-cache-schemes=vscode-webview,vscode-file --field-trial-handle=3028,i,2830996505004751620,9860351495398714899,262144 --enable-features=DocumentPolicyIncludeJSCallStacksInCrashReports,EarlyEstablishGpuChannel,EnableTransparentHwndEnlargement,EstablishGpuChannelAsync,PdfUseShowSaveFilePicker --disable-features=CalculateNativeWinOcclusion,LocalNetworkAccessChecks,ScreenAIOCREnabled,SpareRendererForSitePerProcess,TraceSiteInstanceGetProcessCreation --variations-seed-version --trace-process-track-uuid=3190708990997080739 --enable-logging=handle --log-file=2920 --mojo-platform-channel-handle=3784 /prefetch:14
[7116:6016:0621/002006.466:INFO:aha\components\perf\collector\perf_collector_base.cc:29] [perf collector][function=ShouldCollectProcess] AddProcess pid:19376 cmd:"D:\Trae CN\Trae CN.exe" --type=utility --utility-sub-type=basil.mojom.NativeExtensionService --lang=zh-CN --service-sandbox-type=none --vscode-crash-reporter-process-type=ai --user-data-dir="C:\Users\79368\AppData\Local\Temp\trae-cn-profile-9346-14076" --standard-schemes=vscode-webview,vscode-file,solo-remote-file --enable-sandbox --secure-schemes=vscode-webview,vscode-file,solo-remote-file --cors-schemes=vscode-webview,vscode-file,solo-remote-file --fetch-schemes=vscode-webview,vscode-file,solo-remote-file --service-worker-schemes=vscode-webview --code-cache-schemes=vscode-webview,vscode-file --field-trial-handle=3028,i,2830996505004751620,9860351495398714899,262144 --enable-features=DocumentPolicyIncludeJSCallStacksInCrashReports,EarlyEstablishGpuChannel,EnableTransparentHwndEnlargement,EstablishGpuChannelAsync,PdfUseShowSaveFilePicker --disable-features=CalculateNativeWinOcclusion,LocalNetworkAccessChecks,ScreenAIOCREnabled,SpareRendererForSitePerProcess,TraceSiteInstanceGetProcessCreation --variations-seed-version --trace-process-track-uuid=3190708990997080739 --enable-logging=handle --log-file=2920 --mojo-platform-channel-handle=3784 /prefetch:14
[7116:4548:0621/002006.466:INFO:aha\components\perf\process\process_type_provider.cc:119] [ProcessTypeProvider] aha::ProcessTypeProvider::AddProcessOnTaskRunner, pid 19376, type ai
[7116:6016:0621/002006.480:INFO:aha\components\basil\core\native_extension_impl.cc:212] [Basil]process launched, name=ckg, pid=19468
[7116:6016:0621/002006.480:INFO:aha\electron\shell\browser\api\electron_api_aha_reporter.cc:693] electron::api::AhaReporter::setPerfContextForProcess enableCkgAhaRequest true

[7116:6016:0621/002006.480:INFO:aha\components\perf\perf_custom_param_manager.cc:25] Add custom category param enableCkgAhaRequest = true
 for process 19468
[7116:6016:0621/002006.481:INFO:aha\components\report_context\report_context_process_host.cc:175] [ReportContext] virtual aha::ReportContextProcessHost::BrowserChildProcessLaunchedAndConnected, type=6 pid=19468 name=basil.mojom.NativeExtensionService unique_id=6
[7116:6016:0621/002006.481:INFO:aha\components\report_context\report_context_process_host.cc:198] [ReportContext] aha::ReportContextProcessHost::BindAndSyncChildProcess, binding Mojo remote for child process pid=19468 unique_id=6
[7116:6016:0621/002006.481:INFO:aha\components\report_context\report_context_process_host.cc:217] [ReportContext] aha::ReportContextProcessHost::BindAndSyncChildProcess, successfully bound, total_entries=4 pid=19468
[7116:6016:0621/002006.481:INFO:aha\components\report_context\report_context_process_host.cc:254] [ReportContext] aha::ReportContextProcessHost::SyncExistingContext, pid=19468 crash_keys_count=0
[7116:6016:0621/002006.481:INFO:aha\components\report_context\report_context_process_host.cc:264] [ReportContext] aha::ReportContextProcessHost::SyncExistingContext, pid=19468 common_keys_count=0
[7116:6016:0621/002006.481:INFO:aha\components\process_observer\aha_process_observer.cc:45] [process observer][process launched] type is:ckg, pid is:19468
[7116:6016:0621/002006.481:INFO:aha\components\perf\perf_manager_base.cc:452] [perf manager][function = AddProcess] add process:19468
[7116:6016:0621/002006.481:INFO:aha\components\perf\collector\perf_collector_base.cc:29] [perf collector][function=ShouldCollectProcess] AddProcess pid:19468 cmd:"D:\Trae CN\Trae CN.exe" --type=utility --utility-sub-type=basil.mojom.NativeExtensionService --lang=zh-CN --service-sandbox-type=none --vscode-crash-reporter-process-type=ckg --user-data-dir="C:\Users\79368\AppData\Local\Temp\trae-cn-profile-9346-14076" --standard-schemes=vscode-webview,vscode-file,solo-remote-file --enable-sandbox --secure-schemes=vscode-webview,vscode-file,solo-remote-file --cors-schemes=vscode-webview,vscode-file,solo-remote-file --fetch-schemes=vscode-webview,vscode-file,solo-remote-file --service-worker-schemes=vscode-webview --code-cache-schemes=vscode-webview,vscode-file --field-trial-handle=3028,i,2830996505004751620,9860351495398714899,262144 --enable-features=DocumentPolicyIncludeJSCallStacksInCrashReports,EarlyEstablishGpuChannel,EnableTransparentHwndEnlargement,EstablishGpuChannelAsync,PdfUseShowSaveFilePicker --disable-features=CalculateNativeWinOcclusion,LocalNetworkAccessChecks,ScreenAIOCREnabled,SpareRendererForSitePerProcess,TraceSiteInstanceGetProcessCreation --variations-seed-version --trace-process-track-uuid=3190708991934122588 --enable-logging=handle --log-file=3312 --mojo-platform-channel-handle=3316 /prefetch:14
[7116:6016:0621/002006.481:INFO:aha\components\perf\collector\perf_collector_base.cc:29] [perf collector][function=ShouldCollectProcess] AddProcess pid:19468 cmd:"D:\Trae CN\Trae CN.exe" --type=utility --utility-sub-type=basil.mojom.NativeExtensionService --lang=zh-CN --service-sandbox-type=none --vscode-crash-reporter-process-type=ckg --user-data-dir="C:\Users\79368\AppData\Local\Temp\trae-cn-profile-9346-14076" --standard-schemes=vscode-webview,vscode-file,solo-remote-file --enable-sandbox --secure-schemes=vscode-webview,vscode-file,solo-remote-file --cors-schemes=vscode-webview,vscode-file,solo-remote-file --fetch-schemes=vscode-webview,vscode-file,solo-remote-file --service-worker-schemes=vscode-webview --code-cache-schemes=vscode-webview,vscode-file --field-trial-handle=3028,i,2830996505004751620,9860351495398714899,262144 --enable-features=DocumentPolicyIncludeJSCallStacksInCrashReports,EarlyEstablishGpuChannel,EnableTransparentHwndEnlargement,EstablishGpuChannelAsync,PdfUseShowSaveFilePicker --disable-features=CalculateNativeWinOcclusion,LocalNetworkAccessChecks,ScreenAIOCREnabled,SpareRendererForSitePerProcess,TraceSiteInstanceGetProcessCreation --variations-seed-version --trace-process-track-uuid=3190708991934122588 --enable-logging=handle --log-file=3312 --mojo-platform-channel-handle=3316 /prefetch:14
[7116:6016:0621/002006.481:INFO:aha\components\perf\collector\perf_collector_base.cc:29] [perf collector][function=ShouldCollectProcess] AddProcess pid:19468 cmd:"D:\Trae CN\Trae CN.exe" --type=utility --utility-sub-type=basil.mojom.NativeExtensionService --lang=zh-CN --service-sandbox-type=none --vscode-crash-reporter-process-type=ckg --user-data-dir="C:\Users\79368\AppData\Local\Temp\trae-cn-profile-9346-14076" --standard-schemes=vscode-webview,vscode-file,solo-remote-file --enable-sandbox --secure-schemes=vscode-webview,vscode-file,solo-remote-file --cors-schemes=vscode-webview,vscode-file,solo-remote-file --fetch-schemes=vscode-webview,vscode-file,solo-remote-file --service-worker-schemes=vscode-webview --code-cache-schemes=vscode-webview,vscode-file --field-trial-handle=3028,i,2830996505004751620,9860351495398714899,262144 --enable-features=DocumentPolicyIncludeJSCallStacksInCrashReports,EarlyEstablishGpuChannel,EnableTransparentHwndEnlargement,EstablishGpuChannelAsync,PdfUseShowSaveFilePicker --disable-features=CalculateNativeWinOcclusion,LocalNetworkAccessChecks,ScreenAIOCREnabled,SpareRendererForSitePerProcess,TraceSiteInstanceGetProcessCreation --variations-seed-version --trace-process-track-uuid=3190708991934122588 --enable-logging=handle --log-file=3312 --mojo-platform-channel-handle=3316 /prefetch:14
[7116:4548:0621/002006.483:INFO:aha\components\perf\process\process_type_provider.cc:119] [ProcessTypeProvider] aha::ProcessTypeProvider::AddProcessOnTaskRunner, pid 19468, type ckg
[7116:6016:0621/002006.489:ERROR:electron\shell\browser\electron_browser_client.cc:1997] bind receiver for utility
[7116:6016:0621/002006.489:INFO:aha\components\towel\embedder\master_binder.cc:52] [TOWEL]BindMasterInBrowser, ProcessType(2)
[7116:6016:0621/002006.489:INFO:aha\components\towel\embedder\master_binder.cc:55] [TOWEL]BindMasterInBrowser, run in main thread, bind.
[7116:6016:0621/002006.489:INFO:aha\components\towel\common\master_impl.cc:153] [TOWEL][MasterImpl::RegisterProvider] success AhaNet provider size now is 3
[7116:6016:0621/002006.489:INFO:aha\components\towel\common\ap_impl.cc:406] [TOWEL][APImpl::OnProviderAdded] provider_name AhaNet, RoutingId(7116, 341743295)
[7116:6016:0621/002006.489:INFO:aha\components\ipc\ipc_client.cc:172] [AhaIpc] provider connected, name: AhaNet
[7116:6016:0621/002006.489:INFO:aha\components\towel\common\static_routing_ap.cc:181] [TOWEL][StaticRoutingAP::RunPendingRequestAndEvents] provider_name= AhaNet
[7116:6016:0621/002006.489:INFO:aha\components\towel\common\ap_impl.cc:406] [TOWEL][APImpl::OnProviderAdded] provider_name AhaNet, RoutingId(7116, 1336779637)
[7116:6016:0621/002006.489:INFO:aha\components\towel\common\static_routing_ap.cc:181] [TOWEL][StaticRoutingAP::RunPendingRequestAndEvents] provider_name= AhaNet
[7116:6016:0621/002006.489:INFO:aha\components\towel\common\ap_impl.cc:406] [TOWEL][APImpl::OnProviderAdded] provider_name AhaNet, RoutingId(7116, 1578995633)
[7116:6016:0621/002006.489:INFO:aha\services\aha_net\aha_net_client_impl.cc:92] AhaNet provider connected
[7116:6016:0621/002006.489:INFO:aha\services\aha_net\aha_net_client_impl.cc:94] listen to provider
[7116:6016:0621/002006.489:WARNING:aha\components\towel\common\ap_impl.cc:220] [TOWEL][APImpl::ListensEvents] no provider for event AhaNet::TNCConfigUpdated
[7116:6016:0621/002006.489:WARNING:aha\components\towel\common\ap_impl.cc:220] [TOWEL][APImpl::ListensEvents] no provider for event AhaNet::NetReport
[7116:6016:0621/002006.489:WARNING:aha\components\towel\common\ap_impl.cc:220] [TOWEL][APImpl::ListensEvents] no provider for event AhaNet::RTTAndThroughput
[7116:6016:0621/002006.489:WARNING:aha\components\towel\common\ap_impl.cc:220] [TOWEL][APImpl::ListensEvents] no provider for event AhaNet::NetworkQualityType
[7116:6016:0621/002006.489:WARNING:aha\components\towel\common\ap_impl.cc:220] [TOWEL][APImpl::ListensEvents] no provider for event AhaNet::PacketLostStats
[7116:6016:0621/002006.489:INFO:aha\components\towel\common\ap_impl.cc:594] [TOWEL][APImpl::ListensEvents] start, RoutingId(7116, 1578995633)
[7116:6016:0621/002006.489:INFO:aha\components\towel\common\ap_impl.cc:596] [TOWEL][APImpl::ListensEvents] no pending_listen_requests_, do nothing
[7116:6016:0621/002006.489:INFO:aha\components\towel\common\static_routing_ap.cc:171] [TOWEL][StaticRoutingAP::TryAddPendingEvents] provider not ready, store event and wait. event AhaNet::TNCConfigUpdated
[7116:6016:0621/002006.489:INFO:aha\components\towel\common\static_routing_ap.cc:171] [TOWEL][StaticRoutingAP::TryAddPendingEvents] provider not ready, store event and wait. event AhaNet::NetReport
[7116:6016:0621/002006.489:INFO:aha\components\towel\common\static_routing_ap.cc:171] [TOWEL][StaticRoutingAP::TryAddPendingEvents] provider not ready, store event and wait. event AhaNet::RTTAndThroughput
[7116:6016:0621/002006.489:INFO:aha\components\towel\common\static_routing_ap.cc:171] [TOWEL][StaticRoutingAP::TryAddPendingEvents] provider not ready, store event and wait. event AhaNet::NetworkQualityType
[7116:6016:0621/002006.489:INFO:aha\components\towel\common\static_routing_ap.cc:171] [TOWEL][StaticRoutingAP::TryAddPendingEvents] provider not ready, store event and wait. event AhaNet::PacketLostStats
[7116:6016:0621/002006.489:INFO:aha\components\towel\common\static_routing_ap.cc:181] [TOWEL][StaticRoutingAP::RunPendingRequestAndEvents] provider_name= AhaNet
[7116:6016:0621/002006.489:INFO:aha\components\towel\common\static_routing_ap.cc:195] [TOWEL][StaticRoutingAP::RunPendingEvents] run pending events, event_list is AhaNet::TNCConfigUpdated,AhaNet::NetReport,AhaNet::RTTAndThroughput,AhaNet::NetworkQualityType,AhaNet::PacketLostStats,AhaNet::TNCConfigUpdated,AhaNet::NetReport,AhaNet::RTTAndThroughput,AhaNet::NetworkQualityType,AhaNet::PacketLostStats
[7116:6016:0621/002006.489:INFO:aha\components\towel\common\static_routing_ap.cc:217] [TOWEL][StaticRoutingAP::RunPendingRequestAndEvents] run pending requests, method= AhaNet::UpdateAhaNetAccessPolicy
[7116:6016:0621/002006.493:ERROR:electron\shell\browser\electron_browser_client.cc:1997] bind receiver for utility
[7116:6016:0621/002006.493:INFO:aha\components\towel\embedder\master_binder.cc:52] [TOWEL]BindMasterInBrowser, ProcessType(2)
[7116:6016:0621/002006.493:INFO:aha\components\towel\embedder\master_binder.cc:55] [TOWEL]BindMasterInBrowser, run in main thread, bind.
[7116:6016:0621/002006.493:INFO:aha\components\towel\common\master_impl.cc:39] [TOWEL][MasterImpl::AddAPWithId] add ap 906515100
[7116:6016:0621/002006.493:INFO:aha\components\towel\common\master_impl.cc:55] [TOWEL][MasterImpl::AddAP] add ap 906515100
[7116:6016:0621/002006.493:INFO:aha\components\towel\common\master_impl.cc:193] [TOWEL][MasterImpl::GetAllProviders] provider size is 3 given size is 3
[7116:6016:0621/002006.495:INFO:aha\components\towel\common\ap_impl.cc:530] [TOWEL][APImpl::OnGetProviderMetaInfo]: RoutingId(7116, 341743295) provider AhaNet
[7116:6016:0621/002006.495:INFO:aha\components\towel\common\ap_impl.cc:540] [TOWEL][APImpl::OnGetProviderMetaInfo] update meta info for AhaNet method_list is AhaNet::UpdateAhaNetAccessPolicy|AhaNet::UpdateTNCConfig|AhaNet::SetProxy|AhaNet::WsCreate|AhaNet::WsConnect|AhaNet::WsSend|AhaNet::WsDisconnect|AhaNet::WsDestroy, event_list is AhaNet::WsMessage|AhaNet::WsStatusChanged|AhaNet::WsError|AhaNet::TNCConfigUpdated|AhaNet::NetReport|AhaNet::RTTAndThroughput|AhaNet::NetworkQualityType|AhaNet::PacketLostStats
[7116:6016:0621/002006.495:INFO:aha\components\towel\common\static_routing_ap.cc:181] [TOWEL][StaticRoutingAP::RunPendingRequestAndEvents] provider_name= AhaNet
[7116:6016:0621/002006.495:INFO:aha\components\towel\common\ap_impl.cc:530] [TOWEL][APImpl::OnGetProviderMetaInfo]: RoutingId(7116, 1336779637) provider AhaNet
[7116:6016:0621/002006.495:INFO:aha\components\towel\common\ap_impl.cc:540] [TOWEL][APImpl::OnGetProviderMetaInfo] update meta info for AhaNet method_list is AhaNet::UpdateAhaNetAccessPolicy|AhaNet::UpdateTNCConfig|AhaNet::SetProxy|AhaNet::WsCreate|AhaNet::WsConnect|AhaNet::WsSend|AhaNet::WsDisconnect|AhaNet::WsDestroy, event_list is AhaNet::WsMessage|AhaNet::WsStatusChanged|AhaNet::WsError|AhaNet::TNCConfigUpdated|AhaNet::NetReport|AhaNet::RTTAndThroughput|AhaNet::NetworkQualityType|AhaNet::PacketLostStats
[7116:6016:0621/002006.495:INFO:aha\components\towel\common\static_routing_ap.cc:181] [TOWEL][StaticRoutingAP::RunPendingRequestAndEvents] provider_name= AhaNet
[7116:6016:0621/002006.495:INFO:aha\components\towel\common\ap_impl.cc:530] [TOWEL][APImpl::OnGetProviderMetaInfo]: RoutingId(7116, 1578995633) provider AhaNet
[7116:6016:0621/002006.495:INFO:aha\components\towel\common\ap_impl.cc:540] [TOWEL][APImpl::OnGetProviderMetaInfo] update meta info for AhaNet method_list is AhaNet::UpdateAhaNetAccessPolicy|AhaNet::UpdateTNCConfig|AhaNet::SetProxy|AhaNet::WsCreate|AhaNet::WsConnect|AhaNet::WsSend|AhaNet::WsDisconnect|AhaNet::WsDestroy, event_list is AhaNet::WsMessage|AhaNet::WsStatusChanged|AhaNet::WsError|AhaNet::TNCConfigUpdated|AhaNet::NetReport|AhaNet::RTTAndThroughput|AhaNet::NetworkQualityType|AhaNet::PacketLostStats
[7116:6016:0621/002006.495:INFO:aha\components\towel\common\static_routing_ap.cc:181] [TOWEL][StaticRoutingAP::RunPendingRequestAndEvents] provider_name= AhaNet
[7116:6016:0621/002006.495:INFO:aha\components\towel\common\master_impl.cc:78] [TOWEL][MasterImpl::BindAP] success for 1578995633
[7116:6016:0621/002006.495:INFO:aha\components\towel\public\provider.cc:196] [TOWEL][Provider::GetMetaInfo] provider BlockDetectorProvider, method_size is 1 method_list is BlockDetector::HEART_BEAT
[7116:6016:0621/002006.495:INFO:aha\components\towel\public\provider.cc:196] [TOWEL][Provider::GetMetaInfo] provider trae-cn-config-channel, method_size is 1 method_list is trae-cn-config-channel::SEND
[7116:6016:0621/002006.509:INFO:aha\components\towel\common\static_routing_ap.cc:244] [TOWEL]run timeout checker
[7116:6016:0621/002006.509:INFO:aha\components\towel\common\static_routing_ap.cc:267] [TOWEL]stop timeout checker
[7116:6016:0621/002006.509:INFO:aha\components\towel\common\static_routing_ap.cc:244] [TOWEL]run timeout checker
[7116:6016:0621/002006.535:INFO:aha\electron\shell\browser\api\electron_api_aha_net.cc:249] [AHA_NET_NQE] AhaNet::OnNetworkQualityType. network-quality-type, network_quality_type: 4
[16544:16548:0621/002006.585:INFO:electron\shell\app\electron_main_delegate.cc:618] #### AhaElectron (gpu-process)  Startup #### cmd: 
[16544:16548:0621/002006.585:INFO:aha\components\memory_system\memory_system_manager.cc:43] MemorySystemManager::InitializeMemorySystem. process_gwp_asan_enable_list: 
[16544:16548:0621/002006.585:INFO:aha\components\memory_system\memory_system_manager.cc:47] MemorySystemManager::InitializeMemorySystem. process: gpu-process not enable for Gwp-Asan
[17928:17932:0621/002006.587:INFO:electron\shell\app\electron_main_delegate.cc:618] #### AhaElectron (utility) monitor.mojom.MonitorService Startup #### cmd: 
[17928:17932:0621/002006.588:INFO:aha\components\memory_system\memory_system_manager.cc:43] MemorySystemManager::InitializeMemorySystem. process_gwp_asan_enable_list: 
[17928:17932:0621/002006.588:INFO:aha\components\memory_system\memory_system_manager.cc:47] MemorySystemManager::InitializeMemorySystem. process: MonitorService not enable for Gwp-Asan
[17928:17932:0621/002006.588:INFO:aha\components\towel\embedder\interface_binder.cc:17] [TOWEL]InterfaceBinder Intialized. ProcessType(4)
[19376:19380:0621/002006.591:INFO:electron\shell\app\electron_main_delegate.cc:618] #### AhaElectron (utility) basil.mojom.NativeExtensionService Startup #### cmd: 
[19376:19380:0621/002006.592:INFO:aha\components\memory_system\memory_system_manager.cc:43] MemorySystemManager::InitializeMemorySystem. process_gwp_asan_enable_list: 
[19376:19380:0621/002006.592:INFO:aha\components\memory_system\memory_system_manager.cc:47] MemorySystemManager::InitializeMemorySystem. process: ai not enable for Gwp-Asan
[19376:19380:0621/002006.592:INFO:aha\components\towel\embedder\interface_binder.cc:17] [TOWEL]InterfaceBinder Intialized. ProcessType(4)
[19468:19472:0621/002006.594:INFO:electron\shell\app\electron_main_delegate.cc:618] #### AhaElectron (utility) basil.mojom.NativeExtensionService Startup #### cmd: 
[19468:19472:0621/002006.594:INFO:aha\components\memory_system\memory_system_manager.cc:43] MemorySystemManager::InitializeMemorySystem. process_gwp_asan_enable_list: 
[19468:19472:0621/002006.594:INFO:aha\components\memory_system\memory_system_manager.cc:47] MemorySystemManager::InitializeMemorySystem. process: ckg not enable for Gwp-Asan
[19468:19472:0621/002006.595:INFO:aha\components\towel\embedder\interface_binder.cc:17] [TOWEL]InterfaceBinder Intialized. ProcessType(4)
[19376:19380:0621/002006.600:INFO:aha\components\basil\service\native_extension_service.cc:24] [Basil]create service in utility process
[19376:19380:0621/002006.600:INFO:aha\components\towel\embedder\master_binder.cc:60] [TOWEL]BindMasterInAnyProcess, ProcessType(4)
[19376:19380:0621/002006.600:INFO:aha\components\towel\embedder\master_binder.cc:82] [TOWEL]BindMasterInAnyProcess, in main thread, bind.
[19376:19380:0621/002006.600:INFO:aha\components\towel\common\ap_impl.cc:26] [TOWEL][APImpl::APImpl] create ap, id is RoutingId(-1, 13459)
[19376:19380:0621/002006.600:INFO:aha\components\towel\common\ap_impl.cc:31] [TOWEL][APImpl] register to master, current id is RoutingId(-1, 13459)
[19376:19380:0621/002006.600:WARNING:aha\components\towel\common\ap_impl.cc:220] [TOWEL][APImpl::ListensEvents] no provider for event AhaNet::TNCConfigUpdated
[19376:19380:0621/002006.600:WARNING:aha\components\towel\common\ap_impl.cc:220] [TOWEL][APImpl::ListensEvents] no provider for event AhaNet::NetReport
[19376:19380:0621/002006.600:WARNING:aha\components\towel\common\ap_impl.cc:220] [TOWEL][APImpl::ListensEvents] no provider for event AhaNet::RTTAndThroughput
[19376:19380:0621/002006.600:WARNING:aha\components\towel\common\ap_impl.cc:220] [TOWEL][APImpl::ListensEvents] no provider for event AhaNet::NetworkQualityType
[19376:19380:0621/002006.600:WARNING:aha\components\towel\common\ap_impl.cc:220] [TOWEL][APImpl::ListensEvents] no provider for event AhaNet::PacketLostStats
[19376:19380:0621/002006.600:INFO:aha\components\towel\common\ap_impl.cc:594] [TOWEL][APImpl::ListensEvents] start, RoutingId(-1, 13459)
[19376:19380:0621/002006.600:INFO:aha\components\towel\common\ap_impl.cc:596] [TOWEL][APImpl::ListensEvents] no pending_listen_requests_, do nothing
[19376:19380:0621/002006.600:INFO:aha\components\towel\common\static_routing_ap.cc:171] [TOWEL][StaticRoutingAP::TryAddPendingEvents] provider not ready, store event and wait. event AhaNet::TNCConfigUpdated
[7116:6016:0621/002006.600:ERROR:electron\shell\browser\electron_browser_client.cc:1997] bind receiver for utility
[19376:19380:0621/002006.600:INFO:aha\components\towel\common\static_routing_ap.cc:171] [TOWEL][StaticRoutingAP::TryAddPendingEvents] provider not ready, store event and wait. event AhaNet::NetReport
[7116:6016:0621/002006.600:INFO:aha\components\towel\embedder\master_binder.cc:52] [TOWEL]BindMasterInBrowser, ProcessType(2)
[19376:19380:0621/002006.600:INFO:aha\components\towel\common\static_routing_ap.cc:171] [TOWEL][StaticRoutingAP::TryAddPendingEvents] provider not ready, store event and wait. event AhaNet::RTTAndThroughput
[19376:19380:0621/002006.600:INFO:aha\components\towel\common\static_routing_ap.cc:171] [TOWEL][StaticRoutingAP::TryAddPendingEvents] provider not ready, store event and wait. event AhaNet::NetworkQualityType
[19376:19380:0621/002006.600:INFO:aha\components\towel\common\static_routing_ap.cc:171] [TOWEL][StaticRoutingAP::TryAddPendingEvents] provider not ready, store event and wait. event AhaNet::PacketLostStats
[7116:6016:0621/002006.600:INFO:aha\components\towel\embedder\master_binder.cc:55] [TOWEL]BindMasterInBrowser, run in main thread, bind.
[19376:19380:0621/002006.600:INFO:electron\shell\utility\electron_content_utility_client.cc:183] [ReportContext] electron::ElectronContentUtilityClient::ExposeInterfacesToBrowser(mojo::BinderMap *)::(anonymous class)::operator(), bound, creating ReportContextClientImpl
[7116:6016:0621/002006.600:INFO:aha\components\towel\common\master_impl.cc:39] [TOWEL][MasterImpl::AddAPWithId] add ap 1914257655
[19376:19380:0621/002006.600:INFO:aha\components\basil\service\native_extension_service.cc:41] [Basil]start service, name=ai
[19376:19380:0621/002006.600:INFO:aha\components\basil\service\native_extension_service.cc:53] [Basil]create ai service
[19376:19380:0621/002006.600:INFO:aha\components\basil\embedder\trae\ai_service.cc:146] [Basil][AIService] ai service construct
[7116:6016:0621/002006.600:INFO:aha\components\towel\common\master_impl.cc:55] [TOWEL][MasterImpl::AddAP] add ap 1914257655
[7116:6016:0621/002006.600:INFO:aha\components\towel\common\master_impl.cc:193] [TOWEL][MasterImpl::GetAllProviders] provider size is 3 given size is 3
[19376:19380:0621/002006.605:INFO:aha\components\basil\core\ipc\ipc_client_resource.cc:82] [AhaIpc] ffi::Connect, resource: 1
[19376:19380:0621/002006.605:INFO:aha\components\ipc\ipc_client.cc:13] [AhaIpc] set request_timeout_ms: 10000
[19376:19380:0621/002006.605:INFO:aha\components\towel\embedder\master_binder.cc:60] [TOWEL]BindMasterInAnyProcess, ProcessType(4)
[19376:19380:0621/002006.605:INFO:aha\components\towel\embedder\master_binder.cc:82] [TOWEL]BindMasterInAnyProcess, in main thread, bind.
[19376:19380:0621/002006.605:INFO:aha\components\towel\common\ap_impl.cc:26] [TOWEL][APImpl::APImpl] create ap, id is RoutingId(-1, 13475)
[19376:19380:0621/002006.605:INFO:aha\components\towel\common\ap_impl.cc:31] [TOWEL][APImpl] register to master, current id is RoutingId(-1, 13475)
[19376:19380:0621/002006.605:INFO:aha\components\basil\core\ipc\ipc_client_resource.cc:37] [AhaIpc] BindIpcSocket, target_server: trae-cn-config-channel, resource_id: 1
[19376:19380:0621/002006.605:INFO:aha\components\ipc\ipc_client.cc:36] [AhaIpc] create socket, server: trae-cn-config-channel, channel_id: cb1faab8-a77a-4e52-b9c0-8fde855eccd6
[19376:19380:0621/002006.605:INFO:aha\components\ipc\ipc_client.cc:41] [AhaIpc] listen to server first time, server=trae-cn-config-channel
[19376:19380:0621/002006.605:WARNING:aha\components\towel\common\ap_impl.cc:220] [TOWEL][APImpl::ListensEvents] no provider for event trae-cn-config-channel::PUSH_PACKET
[19376:19380:0621/002006.605:INFO:aha\components\towel\common\ap_impl.cc:594] [TOWEL][APImpl::ListensEvents] start, RoutingId(-1, 13475)
[19376:19380:0621/002006.605:INFO:aha\components\towel\common\ap_impl.cc:596] [TOWEL][APImpl::ListensEvents] no pending_listen_requests_, do nothing
[19376:19380:0621/002006.605:INFO:aha\components\towel\common\static_routing_ap.cc:171] [TOWEL][StaticRoutingAP::TryAddPendingEvents] provider not ready, store event and wait. event trae-cn-config-channel::PUSH_PACKET
[19376:19380:0621/002006.605:INFO:aha\components\towel\common\static_routing_ap.cc:135] [TOWEL][StaticRoutingAP::TryAddPendingRequest] provider not ready, store request and wait. method trae-cn-config-channel::SEND
[19376:19380:0621/002006.605:INFO:aha\components\towel\common\static_routing_ap.cc:144] [TOWEL][StaticRoutingAP] start timeout checker
[19376:19380:0621/002006.605:INFO:aha\components\basil\core\ipc\ipc_client_resource.cc:151] [AhaIpc] Bind socket, resource: 1, channel_id: cb1faab8-a77a-4e52-b9c0-8fde855eccd6
[7116:6016:0621/002006.605:ERROR:electron\shell\browser\electron_browser_client.cc:1997] bind receiver for utility
[7116:6016:0621/002006.605:INFO:aha\components\towel\embedder\master_binder.cc:52] [TOWEL]BindMasterInBrowser, ProcessType(2)
[7116:6016:0621/002006.605:INFO:aha\components\towel\embedder\master_binder.cc:55] [TOWEL]BindMasterInBrowser, run in main thread, bind.
[7116:6016:0621/002006.605:INFO:aha\components\towel\common\master_impl.cc:39] [TOWEL][MasterImpl::AddAPWithId] add ap 1445795129
[7116:6016:0621/002006.605:INFO:aha\components\towel\common\master_impl.cc:55] [TOWEL][MasterImpl::AddAP] add ap 1445795129
[7116:6016:0621/002006.605:INFO:aha\components\towel\common\master_impl.cc:193] [TOWEL][MasterImpl::GetAllProviders] provider size is 3 given size is 3
[19376:19380:0621/002006.606:INFO:aha\components\towel\embedder\master_binder.cc:60] [TOWEL]BindMasterInAnyProcess, ProcessType(4)
[19376:19380:0621/002006.606:INFO:aha\components\towel\embedder\master_binder.cc:82] [TOWEL]BindMasterInAnyProcess, in main thread, bind.
[19376:19380:0621/002006.606:INFO:aha\components\towel\public\provider.cc:76] [TOWEL][Provider::Mount] mount provider, name= ai-agent, force_reset=0
[7116:6016:0621/002006.606:ERROR:electron\shell\browser\electron_browser_client.cc:1997] bind receiver for utility
[7116:6016:0621/002006.606:INFO:aha\components\towel\embedder\master_binder.cc:52] [TOWEL]BindMasterInBrowser, ProcessType(2)
[7116:6016:0621/002006.606:INFO:aha\components\towel\embedder\master_binder.cc:55] [TOWEL]BindMasterInBrowser, run in main thread, bind.
[19376:19380:0621/002006.606:INFO:aha\components\basil\embedder\trae\ai_agent.cc:28] [Basil][AIAgent] call init, set callback to lib.
[19376:19380:0621/002006.606:INFO:aha\components\basil\embedder\trae\ai_service.cc:176] [Basil][AIService] create towel provider
[19376:19380:0621/002006.606:INFO:aha\components\towel\embedder\master_binder.cc:60] [TOWEL]BindMasterInAnyProcess, ProcessType(4)
[19376:19380:0621/002006.606:INFO:aha\components\towel\embedder\master_binder.cc:82] [TOWEL]BindMasterInAnyProcess, in main thread, bind.
[19376:19380:0621/002006.606:INFO:aha\components\towel\public\provider.cc:76] [TOWEL][Provider::Mount] mount provider, name= ai, force_reset=1
[19376:19380:0621/002006.606:INFO:aha\components\towel\embedder\master_binder.cc:60] [TOWEL]BindMasterInAnyProcess, ProcessType(4)
[19376:19380:0621/002006.606:INFO:aha\components\towel\embedder\master_binder.cc:82] [TOWEL]BindMasterInAnyProcess, in main thread, bind.
[19376:19380:0621/002006.606:INFO:aha\components\towel\common\ap_impl.cc:26] [TOWEL][APImpl::APImpl] create ap, id is RoutingId(-1, 13478)
[19376:19380:0621/002006.606:INFO:aha\components\towel\common\ap_impl.cc:31] [TOWEL][APImpl] register to master, current id is RoutingId(-1, 13478)
[19376:19380:0621/002006.606:WARNING:aha\components\towel\common\ap_impl.cc:220] [TOWEL][APImpl::ListensEvents] no provider for event AhaNet::WsMessage
[19376:19380:0621/002006.606:WARNING:aha\components\towel\common\ap_impl.cc:220] [TOWEL][APImpl::ListensEvents] no provider for event AhaNet::WsStatusChanged
[19376:19380:0621/002006.606:WARNING:aha\components\towel\common\ap_impl.cc:220] [TOWEL][APImpl::ListensEvents] no provider for event AhaNet::WsError
[19376:19380:0621/002006.606:INFO:aha\components\towel\common\ap_impl.cc:594] [TOWEL][APImpl::ListensEvents] start, RoutingId(-1, 13478)
[19376:19380:0621/002006.606:INFO:aha\components\towel\common\ap_impl.cc:596] [TOWEL][APImpl::ListensEvents] no pending_listen_requests_, do nothing
[19376:19380:0621/002006.606:INFO:aha\components\towel\common\static_routing_ap.cc:171] [TOWEL][StaticRoutingAP::TryAddPendingEvents] provider not ready, store event and wait. event AhaNet::WsMessage
[19376:19380:0621/002006.606:INFO:aha\components\towel\common\static_routing_ap.cc:171] [TOWEL][StaticRoutingAP::TryAddPendingEvents] provider not ready, store event and wait. event AhaNet::WsStatusChanged
[19376:19380:0621/002006.606:INFO:aha\components\towel\common\static_routing_ap.cc:171] [TOWEL][StaticRoutingAP::TryAddPendingEvents] provider not ready, store event and wait. event AhaNet::WsError
[7116:6016:0621/002006.606:INFO:aha\components\towel\common\master_impl.cc:153] [TOWEL][MasterImpl::RegisterProvider] success ai-agent provider size now is 4
[19376:19380:0621/002006.606:INFO:aha\components\towel\common\ap_impl.cc:416] [TOWEL][APImpl::OnAddToMaster] real_id is RoutingId(7116, 1914257655), fake_id is RoutingId(-1, 13459)
[19376:19380:0621/002006.606:INFO:aha\components\towel\common\ap_impl.cc:594] [TOWEL][APImpl::ListensEvents] start, RoutingId(7116, 1914257655)
[19376:19380:0621/002006.606:INFO:aha\components\towel\common\ap_impl.cc:596] [TOWEL][APImpl::ListensEvents] no pending_listen_requests_, do nothing
[7116:6016:0621/002006.606:INFO:aha\components\towel\common\ap_impl.cc:406] [TOWEL][APImpl::OnProviderAdded] provider_name ai-agent, RoutingId(7116, 341743295)
[19376:19380:0621/002006.606:INFO:aha\components\towel\common\ap_impl.cc:416] [TOWEL][APImpl::OnAddToMaster] real_id is RoutingId(7116, 1445795129), fake_id is RoutingId(-1, 13475)
[7116:6016:0621/002006.606:INFO:aha\components\ipc\ipc_client.cc:172] [AhaIpc] provider connected, name: ai-agent
[19376:19380:0621/002006.606:INFO:aha\components\towel\common\ap_impl.cc:594] [TOWEL][APImpl::ListensEvents] start, RoutingId(7116, 1445795129)
[19376:19380:0621/002006.606:INFO:aha\components\towel\common\ap_impl.cc:596] [TOWEL][APImpl::ListensEvents] no pending_listen_requests_, do nothing
[7116:6016:0621/002006.606:WARNING:aha\components\towel\common\ap_impl.cc:220] [TOWEL][APImpl::ListensEvents] no provider for event ai-agent::PUSH_PACKET
[7116:6016:0621/002006.606:INFO:aha\components\towel\common\ap_impl.cc:594] [TOWEL][APImpl::ListensEvents] start, RoutingId(7116, 341743295)
[7116:6016:0621/002006.606:INFO:aha\components\towel\common\ap_impl.cc:596] [TOWEL][APImpl::ListensEvents] no pending_listen_requests_, do nothing
[7116:6016:0621/002006.606:INFO:aha\components\towel\common\static_routing_ap.cc:171] [TOWEL][StaticRoutingAP::TryAddPendingEvents] provider not ready, store event and wait. event ai-agent::PUSH_PACKET
[7116:6016:0621/002006.606:INFO:aha\components\towel\common\static_routing_ap.cc:181] [TOWEL][StaticRoutingAP::RunPendingRequestAndEvents] provider_name= ai-agent
[7116:6016:0621/002006.606:INFO:aha\components\towel\common\static_routing_ap.cc:195] [TOWEL][StaticRoutingAP::RunPendingEvents] run pending events, event_list is ai-agent::PUSH_PACKET,ai-agent::PUSH_PACKET
[7116:6016:0621/002006.606:INFO:aha\components\towel\common\static_routing_ap.cc:217] [TOWEL][StaticRoutingAP::RunPendingRequestAndEvents] run pending requests, method= ai-agent::SEND
[7116:6016:0621/002006.606:INFO:aha\components\towel\common\static_routing_ap.cc:217] [TOWEL][StaticRoutingAP::RunPendingRequestAndEvents] run pending requests, method= ai-agent::SEND
[19376:19380:0621/002006.606:INFO:aha\components\towel\common\ap_impl.cc:406] [TOWEL][APImpl::OnProviderAdded] provider_name ai-agent, RoutingId(7116, 1445795129)
[19376:19380:0621/002006.606:INFO:aha\components\ipc\ipc_client.cc:172] [AhaIpc] provider connected, name: ai-agent
[19376:19380:0621/002006.606:INFO:aha\components\towel\common\static_routing_ap.cc:181] [TOWEL][StaticRoutingAP::RunPendingRequestAndEvents] provider_name= ai-agent
[19376:19380:0621/002006.606:INFO:aha\components\towel\common\ap_impl.cc:406] [TOWEL][APImpl::OnProviderAdded] provider_name ai-agent, RoutingId(7116, 1914257655)
[19376:19380:0621/002006.606:INFO:aha\components\towel\common\static_routing_ap.cc:181] [TOWEL][StaticRoutingAP::RunPendingRequestAndEvents] provider_name= ai-agent
[7116:6016:0621/002006.606:INFO:aha\components\towel\common\ap_impl.cc:406] [TOWEL][APImpl::OnProviderAdded] provider_name ai-agent, RoutingId(7116, 1336779637)
[7116:6016:0621/002006.606:INFO:aha\components\towel\common\static_routing_ap.cc:181] [TOWEL][StaticRoutingAP::RunPendingRequestAndEvents] provider_name= ai-agent
[19376:19380:0621/002006.606:INFO:aha\components\towel\common\ap_impl.cc:511] [TOWEL][APImpl::OnGetAllProviders]: RoutingId(7116, 1914257655) provider size 3
[7116:6016:0621/002006.606:INFO:aha\components\towel\common\ap_impl.cc:406] [TOWEL][APImpl::OnProviderAdded] provider_name ai-agent, RoutingId(7116, 1578995633)
[7116:6016:0621/002006.606:INFO:aha\components\towel\common\static_routing_ap.cc:181] [TOWEL][StaticRoutingAP::RunPendingRequestAndEvents] provider_name= ai-agent
[7116:6016:0621/002006.606:INFO:aha\components\basil\core\native_extension_impl.cc:225] [Basil]start service success, name=ai
[7116:6016:0621/002006.606:ERROR:electron\shell\browser\electron_browser_client.cc:1997] bind receiver for utility
[7116:6016:0621/002006.606:INFO:aha\components\towel\embedder\master_binder.cc:52] [TOWEL]BindMasterInBrowser, ProcessType(2)
[7116:6016:0621/002006.606:INFO:aha\components\towel\embedder\master_binder.cc:55] [TOWEL]BindMasterInBrowser, run in main thread, bind.
[19376:19380:0621/002006.606:INFO:aha\components\towel\common\ap_impl.cc:520] [TOWEL][APImpl::OnGetAllProviders] add provider AhaNet
[19376:19380:0621/002006.606:INFO:aha\components\towel\common\ap_impl.cc:520] [TOWEL][APImpl::OnGetAllProviders] add provider BlockDetectorProvider
[19376:19380:0621/002006.606:INFO:aha\components\towel\common\ap_impl.cc:520] [TOWEL][APImpl::OnGetAllProviders] add provider trae-cn-config-channel
[7116:6016:0621/002006.606:INFO:aha\components\towel\common\master_impl.cc:153] [TOWEL][MasterImpl::RegisterProvider] success ai provider size now is 5
[7116:6016:0621/002006.606:ERROR:electron\shell\browser\electron_browser_client.cc:1997] bind receiver for utility
[7116:6016:0621/002006.606:INFO:aha\components\towel\embedder\master_binder.cc:52] [TOWEL]BindMasterInBrowser, ProcessType(2)
[16544:16548:0621/002006.606:INFO:gpu\ipc\service\gpu_init.cc:463] [GpuWatchdogThread] [scene1] create gpu block detect enable
[7116:6016:0621/002006.606:INFO:aha\components\towel\embedder\master_binder.cc:55] [TOWEL]BindMasterInBrowser, run in main thread, bind.
[16544:16548:0621/002006.606:INFO:gpu\ipc\service\gpu_watchdog_thread.cc:99] [GpuWatchdogThread] GpuWatchdogThread ctor: 0xacc000e4540
[19376:19380:0621/002006.606:INFO:aha\components\towel\common\static_routing_ap.cc:181] [TOWEL][StaticRoutingAP::RunPendingRequestAndEvents] provider_name= AhaNet
[7116:6016:0621/002006.606:INFO:aha\components\towel\common\ap_impl.cc:406] [TOWEL][APImpl::OnProviderAdded] provider_name ai, RoutingId(7116, 341743295)
[7116:6016:0621/002006.606:INFO:aha\components\ipc\ipc_client.cc:172] [AhaIpc] provider connected, name: ai
[7116:6016:0621/002006.606:INFO:aha\components\towel\common\static_routing_ap.cc:181] [TOWEL][StaticRoutingAP::RunPendingRequestAndEvents] provider_name= ai
[7116:6016:0621/002006.606:INFO:aha\components\towel\common\ap_impl.cc:406] [TOWEL][APImpl::OnProviderAdded] provider_name ai, RoutingId(7116, 1336779637)
[16544:16548:0621/002006.606:INFO:gpu\ipc\service\gpu_watchdog_thread.cc:214] [GpuWatchdogThread] watchdog timeout: 5 s, terminate process threshold delta: 10 s
[7116:6016:0621/002006.606:INFO:aha\electron\shell\renderer\api\electron_api_towel.cc:131] [TOWEL]ai provider connected
[7116:6016:0621/002006.606:INFO:aha\components\towel\common\static_routing_ap.cc:181] [TOWEL][StaticRoutingAP::RunPendingRequestAndEvents] provider_name= ai
[7116:6016:0621/002006.606:INFO:aha\components\towel\common\static_routing_ap.cc:195] [TOWEL][StaticRoutingAP::RunPendingEvents] run pending events, event_list is ai::PUSH_PACKET
[19376:19380:0621/002006.606:INFO:aha\components\towel\common\static_routing_ap.cc:195] [TOWEL][StaticRoutingAP::RunPendingEvents] run pending events, event_list is AhaNet::TNCConfigUpdated,AhaNet::NetReport,AhaNet::RTTAndThroughput,AhaNet::NetworkQualityType,AhaNet::PacketLostStats
[19376:19380:0621/002006.606:INFO:aha\components\towel\common\static_routing_ap.cc:181] [TOWEL][StaticRoutingAP::RunPendingRequestAndEvents] provider_name= BlockDetectorProvider
[19376:19380:0621/002006.606:INFO:aha\components\towel\common\static_routing_ap.cc:181] [TOWEL][StaticRoutingAP::RunPendingRequestAndEvents] provider_name= trae-cn-config-channel
[7116:6016:0621/002006.606:INFO:aha\components\towel\public\provider.cc:196] [TOWEL][Provider::GetMetaInfo] provider BlockDetectorProvider, method_size is 1 method_list is BlockDetector::HEART_BEAT
[19376:19380:0621/002006.606:INFO:aha\components\towel\common\ap_impl.cc:511] [TOWEL][APImpl::OnGetAllProviders]: RoutingId(7116, 1445795129) provider size 3
[7116:6016:0621/002006.607:INFO:aha\components\towel\common\ap_impl.cc:406] [TOWEL][APImpl::OnProviderAdded] provider_name ai, RoutingId(7116, 1578995633)
[7116:6016:0621/002006.607:INFO:aha\components\towel\common\static_routing_ap.cc:181] [TOWEL][StaticRoutingAP::RunPendingRequestAndEvents] provider_name= ai
[19376:19380:0621/002006.607:INFO:aha\components\towel\common\ap_impl.cc:520] [TOWEL][APImpl::OnGetAllProviders] add provider AhaNet
[7116:6016:0621/002006.607:INFO:aha\components\towel\common\master_impl.cc:39] [TOWEL][MasterImpl::AddAPWithId] add ap 2122083188
[7116:6016:0621/002006.607:INFO:aha\components\towel\common\master_impl.cc:55] [TOWEL][MasterImpl::AddAP] add ap 2122083188
[7116:6016:0621/002006.607:INFO:aha\components\towel\public\provider.cc:196] [TOWEL][Provider::GetMetaInfo] provider trae-cn-config-channel, method_size is 1 method_list is trae-cn-config-channel::SEND
[19376:19380:0621/002006.607:INFO:aha\components\towel\common\ap_impl.cc:520] [TOWEL][APImpl::OnGetAllProviders] add provider BlockDetectorProvider
[19376:19380:0621/002006.607:INFO:aha\components\towel\common\ap_impl.cc:520] [TOWEL][APImpl::OnGetAllProviders] add provider trae-cn-config-channel
[19376:19380:0621/002006.607:INFO:aha\components\towel\common\static_routing_ap.cc:181] [TOWEL][StaticRoutingAP::RunPendingRequestAndEvents] provider_name= AhaNet
[19376:19380:0621/002006.607:INFO:aha\components\towel\common\static_routing_ap.cc:181] [TOWEL][StaticRoutingAP::RunPendingRequestAndEvents] provider_name= BlockDetectorProvider
[19376:19380:0621/002006.607:INFO:aha\components\towel\common\static_routing_ap.cc:181] [TOWEL][StaticRoutingAP::RunPendingRequestAndEvents] provider_name= trae-cn-config-channel
[19376:19380:0621/002006.607:INFO:aha\components\towel\common\static_routing_ap.cc:195] [TOWEL][StaticRoutingAP::RunPendingEvents] run pending events, event_list is trae-cn-config-channel::PUSH_PACKET
[7116:6016:0621/002006.607:INFO:aha\components\towel\common\master_impl.cc:193] [TOWEL][MasterImpl::GetAllProviders] provider size is 5 given size is 5
[19376:19380:0621/002006.607:INFO:aha\components\towel\common\static_routing_ap.cc:217] [TOWEL][StaticRoutingAP::RunPendingRequestAndEvents] run pending requests, method= trae-cn-config-channel::SEND
[19376:19380:0621/002006.607:INFO:aha\components\towel\public\provider.cc:196] [TOWEL][Provider::GetMetaInfo] provider ai-agent, method_size is 1 method_list is ai-agent::SEND
[19376:19380:0621/002006.607:INFO:aha\components\towel\common\ap_impl.cc:406] [TOWEL][APImpl::OnProviderAdded] provider_name ai, RoutingId(7116, 1445795129)
[19376:19380:0621/002006.607:INFO:aha\components\ipc\ipc_client.cc:172] [AhaIpc] provider connected, name: ai
[19376:19380:0621/002006.607:INFO:aha\components\towel\common\static_routing_ap.cc:181] [TOWEL][StaticRoutingAP::RunPendingRequestAndEvents] provider_name= ai
[19376:19380:0621/002006.607:INFO:aha\components\towel\common\ap_impl.cc:406] [TOWEL][APImpl::OnProviderAdded] provider_name ai, RoutingId(7116, 1914257655)
[19376:19380:0621/002006.607:INFO:aha\components\towel\common\static_routing_ap.cc:181] [TOWEL][StaticRoutingAP::RunPendingRequestAndEvents] provider_name= ai
[19376:19380:0621/002006.607:INFO:aha\components\towel\common\ap_impl.cc:530] [TOWEL][APImpl::OnGetProviderMetaInfo]: RoutingId(7116, 1914257655) provider AhaNet
[19376:19380:0621/002006.607:INFO:aha\components\towel\common\ap_impl.cc:540] [TOWEL][APImpl::OnGetProviderMetaInfo] update meta info for AhaNet method_list is AhaNet::UpdateAhaNetAccessPolicy|AhaNet::UpdateTNCConfig|AhaNet::SetProxy|AhaNet::WsCreate|AhaNet::WsConnect|AhaNet::WsSend|AhaNet::WsDisconnect|AhaNet::WsDestroy, event_list is AhaNet::WsMessage|AhaNet::WsStatusChanged|AhaNet::WsError|AhaNet::TNCConfigUpdated|AhaNet::NetReport|AhaNet::RTTAndThroughput|AhaNet::NetworkQualityType|AhaNet::PacketLostStats
[19376:19380:0621/002006.607:INFO:aha\components\towel\common\static_routing_ap.cc:181] [TOWEL][StaticRoutingAP::RunPendingRequestAndEvents] provider_name= AhaNet
[19376:19380:0621/002006.607:INFO:aha\components\towel\common\ap_impl.cc:530] [TOWEL][APImpl::OnGetProviderMetaInfo]: RoutingId(7116, 1445795129) provider AhaNet
[19376:19380:0621/002006.607:INFO:aha\components\towel\common\ap_impl.cc:540] [TOWEL][APImpl::OnGetProviderMetaInfo] update meta info for AhaNet method_list is AhaNet::UpdateAhaNetAccessPolicy|AhaNet::UpdateTNCConfig|AhaNet::SetProxy|AhaNet::WsCreate|AhaNet::WsConnect|AhaNet::WsSend|AhaNet::WsDisconnect|AhaNet::WsDestroy, event_list is AhaNet::WsMessage|AhaNet::WsStatusChanged|AhaNet::WsError|AhaNet::TNCConfigUpdated|AhaNet::NetReport|AhaNet::RTTAndThroughput|AhaNet::NetworkQualityType|AhaNet::PacketLostStats
[19376:19380:0621/002006.607:INFO:aha\components\towel\common\static_routing_ap.cc:181] [TOWEL][StaticRoutingAP::RunPendingRequestAndEvents] provider_name= AhaNet
[19376:19380:0621/002006.607:INFO:aha\components\towel\public\provider.cc:310] [TOWEL][Provider::ListenEvent] start, from ap RoutingId(7116, 341743295), event_list is ai-agent::PUSH_PACKET|ai-agent::PUSH_PACKET
[19376:19380:0621/002006.607:INFO:aha\components\towel\public\provider.cc:316] [TOWEL][Provider::ListenEvent] no APListenInfo, create one
[19376:19380:0621/002006.607:INFO:aha\components\towel\public\provider.cc:325] [TOWEL][Provider::ListenEvent] no remote_ap for RoutingId(7116, 341743295), get it from master
[7116:6016:0621/002006.607:INFO:aha\components\towel\public\provider.cc:196] [TOWEL][Provider::GetMetaInfo] provider BlockDetectorProvider, method_size is 1 method_list is BlockDetector::HEART_BEAT
[7116:6016:0621/002006.607:INFO:aha\components\towel\public\provider.cc:196] [TOWEL][Provider::GetMetaInfo] provider trae-cn-config-channel, method_size is 1 method_list is trae-cn-config-channel::SEND
[7116:6016:0621/002006.607:INFO:aha\components\towel\common\ap_impl.cc:530] [TOWEL][APImpl::OnGetProviderMetaInfo]: RoutingId(7116, 341743295) provider ai-agent
[7116:6016:0621/002006.607:INFO:aha\components\towel\common\ap_impl.cc:540] [TOWEL][APImpl::OnGetProviderMetaInfo] update meta info for ai-agent method_list is ai-agent::SEND, event_list is ai-agent::PUSH_PACKET
[7116:6016:0621/002006.607:INFO:aha\components\towel\common\static_routing_ap.cc:181] [TOWEL][StaticRoutingAP::RunPendingRequestAndEvents] provider_name= ai-agent
[19376:19380:0621/002006.607:INFO:aha\components\basil\core\ipc\ipc_server_resource.cc:224] [AhaIpc] OnConnect, channel_id:1bc71b4a-0723-4cc8-a58b-84601e980145, resource_id: 3
[7116:6016:0621/002006.607:INFO:aha\components\towel\common\master_impl.cc:78] [TOWEL][MasterImpl::BindAP] success for 1914257655
[7116:6016:0621/002006.607:INFO:aha\components\towel\common\master_impl.cc:78] [TOWEL][MasterImpl::BindAP] success for 341743295
[7116:6016:0621/002006.607:INFO:aha\components\towel\public\provider.cc:310] [TOWEL][Provider::ListenEvent] start, from ap RoutingId(7116, 1445795129), event_list is trae-cn-config-channel::PUSH_PACKET
[7116:6016:0621/002006.607:INFO:aha\components\towel\public\provider.cc:316] [TOWEL][Provider::ListenEvent] no APListenInfo, create one
[7116:6016:0621/002006.607:INFO:aha\components\towel\public\provider.cc:325] [TOWEL][Provider::ListenEvent] no remote_ap for RoutingId(7116, 1445795129), get it from master
[19376:19380:0621/002006.607:INFO:aha\components\towel\public\provider.cc:196] [TOWEL][Provider::GetMetaInfo] provider ai-agent, method_size is 1 method_list is ai-agent::SEND
[19376:19380:0621/002006.607:INFO:aha\components\towel\public\provider.cc:196] [TOWEL][Provider::GetMetaInfo] provider ai-agent, method_size is 1 method_list is ai-agent::SEND
[19376:19380:0621/002006.607:INFO:aha\components\towel\public\provider.cc:196] [TOWEL][Provider::GetMetaInfo] provider ai-agent, method_size is 1 method_list is ai-agent::SEND
[19376:19380:0621/002006.607:INFO:aha\components\towel\public\provider.cc:196] [TOWEL][Provider::GetMetaInfo] provider ai-agent, method_size is 1 method_list is ai-agent::SEND
[19376:19380:0621/002006.607:INFO:aha\components\towel\public\provider.cc:196] [TOWEL][Provider::GetMetaInfo] provider ai-agent, method_size is 1 method_list is ai-agent::SEND
[19376:19380:0621/002006.607:INFO:aha\components\towel\public\provider.cc:196] [TOWEL][Provider::GetMetaInfo] provider ai, method_size is 1 method_list is ai::SEND
[19376:19380:0621/002006.607:INFO:aha\components\towel\common\ap_impl.cc:530] [TOWEL][APImpl::OnGetProviderMetaInfo]: RoutingId(7116, 1914257655) provider BlockDetectorProvider
[19376:19380:0621/002006.607:INFO:aha\components\towel\common\ap_impl.cc:540] [TOWEL][APImpl::OnGetProviderMetaInfo] update meta info for BlockDetectorProvider method_list is BlockDetector::HEART_BEAT, event_list is 
[19376:19380:0621/002006.607:INFO:aha\components\towel\common\static_routing_ap.cc:181] [TOWEL][StaticRoutingAP::RunPendingRequestAndEvents] provider_name= BlockDetectorProvider
[19376:19380:0621/002006.607:INFO:aha\components\towel\common\ap_impl.cc:530] [TOWEL][APImpl::OnGetProviderMetaInfo]: RoutingId(7116, 1445795129) provider ai-agent
[19376:19380:0621/002006.607:INFO:aha\components\towel\common\ap_impl.cc:540] [TOWEL][APImpl::OnGetProviderMetaInfo] update meta info for ai-agent method_list is ai-agent::SEND, event_list is ai-agent::PUSH_PACKET
[19376:19380:0621/002006.607:INFO:aha\components\towel\common\static_routing_ap.cc:181] [TOWEL][StaticRoutingAP::RunPendingRequestAndEvents] provider_name= ai-agent
[19376:19380:0621/002006.607:INFO:aha\components\towel\common\ap_impl.cc:530] [TOWEL][APImpl::OnGetProviderMetaInfo]: RoutingId(7116, 1914257655) provider ai-agent
[19376:19380:0621/002006.607:INFO:aha\components\towel\common\ap_impl.cc:540] [TOWEL][APImpl::OnGetProviderMetaInfo] update meta info for ai-agent method_list is ai-agent::SEND, event_list is ai-agent::PUSH_PACKET
[19376:19380:0621/002006.607:INFO:aha\components\towel\common\static_routing_ap.cc:181] [TOWEL][StaticRoutingAP::RunPendingRequestAndEvents] provider_name= ai-agent
[19376:19380:0621/002006.607:INFO:aha\components\towel\public\provider.cc:196] [TOWEL][Provider::GetMetaInfo] provider ai, method_size is 1 method_list is ai::SEND
[19376:19380:0621/002006.607:INFO:aha\components\towel\public\provider.cc:196] [TOWEL][Provider::GetMetaInfo] provider ai, method_size is 1 method_list is ai::SEND
[19376:19380:0621/002006.607:INFO:aha\components\towel\public\provider.cc:310] [TOWEL][Provider::ListenEvent] start, from ap RoutingId(7116, 1336779637), event_list is ai::PUSH_PACKET
[19376:19380:0621/002006.607:INFO:aha\components\towel\public\provider.cc:316] [TOWEL][Provider::ListenEvent] no APListenInfo, create one
[19376:19380:0621/002006.607:INFO:aha\components\towel\public\provider.cc:325] [TOWEL][Provider::ListenEvent] no remote_ap for RoutingId(7116, 1336779637), get it from master
[19376:19380:0621/002006.607:INFO:aha\components\towel\common\ap_impl.cc:416] [TOWEL][APImpl::OnAddToMaster] real_id is RoutingId(7116, 2122083188), fake_id is RoutingId(-1, 13478)
[19376:19380:0621/002006.607:INFO:aha\components\towel\common\ap_impl.cc:594] [TOWEL][APImpl::ListensEvents] start, RoutingId(7116, 2122083188)
[19376:19380:0621/002006.607:INFO:aha\components\towel\common\ap_impl.cc:596] [TOWEL][APImpl::ListensEvents] no pending_listen_requests_, do nothing
[19376:19380:0621/002006.607:INFO:aha\components\towel\common\ap_impl.cc:530] [TOWEL][APImpl::OnGetProviderMetaInfo]: RoutingId(7116, 1914257655) provider trae-cn-config-channel
[19376:19380:0621/002006.607:INFO:aha\components\towel\common\ap_impl.cc:540] [TOWEL][APImpl::OnGetProviderMetaInfo] update meta info for trae-cn-config-channel method_list is trae-cn-config-channel::SEND, event_list is trae-cn-config-channel::PUSH_PACKET
[19376:19380:0621/002006.607:INFO:aha\components\towel\common\static_routing_ap.cc:181] [TOWEL][StaticRoutingAP::RunPendingRequestAndEvents] provider_name= trae-cn-config-channel
[19376:19380:0621/002006.607:INFO:aha\components\towel\public\provider.cc:196] [TOWEL][Provider::GetMetaInfo] provider ai, method_size is 1 method_list is ai::SEND
[19376:19380:0621/002006.607:INFO:aha\components\towel\public\provider.cc:196] [TOWEL][Provider::GetMetaInfo] provider ai, method_size is 1 method_list is ai::SEND
[19376:19380:0621/002006.607:INFO:aha\components\towel\public\provider.cc:196] [TOWEL][Provider::GetMetaInfo] provider ai, method_size is 1 method_list is ai::SEND
[19376:19380:0621/002006.607:INFO:aha\components\towel\common\ap_impl.cc:530] [TOWEL][APImpl::OnGetProviderMetaInfo]: RoutingId(7116, 1445795129) provider BlockDetectorProvider
[19376:19380:0621/002006.607:INFO:aha\components\towel\common\ap_impl.cc:540] [TOWEL][APImpl::OnGetProviderMetaInfo] update meta info for BlockDetectorProvider method_list is BlockDetector::HEART_BEAT, event_list is 
[19376:19380:0621/002006.607:INFO:aha\components\towel\common\static_routing_ap.cc:181] [TOWEL][StaticRoutingAP::RunPendingRequestAndEvents] provider_name= BlockDetectorProvider
[19376:19380:0621/002006.607:INFO:aha\components\towel\common\ap_impl.cc:530] [TOWEL][APImpl::OnGetProviderMetaInfo]: RoutingId(7116, 1445795129) provider trae-cn-config-channel
[19376:19380:0621/002006.607:INFO:aha\components\towel\common\ap_impl.cc:540] [TOWEL][APImpl::OnGetProviderMetaInfo] update meta info for trae-cn-config-channel method_list is trae-cn-config-channel::SEND, event_list is trae-cn-config-channel::PUSH_PACKET
[19376:19380:0621/002006.607:INFO:aha\components\towel\common\static_routing_ap.cc:181] [TOWEL][StaticRoutingAP::RunPendingRequestAndEvents] provider_name= trae-cn-config-channel
[19376:19380:0621/002006.607:INFO:aha\components\towel\common\ap_impl.cc:511] [TOWEL][APImpl::OnGetAllProviders]: RoutingId(7116, 2122083188) provider size 5
[19376:19380:0621/002006.607:INFO:aha\components\towel\common\ap_impl.cc:520] [TOWEL][APImpl::OnGetAllProviders] add provider AhaNet
[19376:19380:0621/002006.608:INFO:aha\components\towel\common\ap_impl.cc:520] [TOWEL][APImpl::OnGetAllProviders] add provider BlockDetectorProvider
[19376:19380:0621/002006.608:INFO:aha\components\towel\common\ap_impl.cc:520] [TOWEL][APImpl::OnGetAllProviders] add provider ai
[7116:6016:0621/002006.608:INFO:aha\components\towel\common\master_impl.cc:78] [TOWEL][MasterImpl::BindAP] success for 1445795129
[7116:6016:0621/002006.608:INFO:aha\components\towel\common\ap_impl.cc:530] [TOWEL][APImpl::OnGetProviderMetaInfo]: RoutingId(7116, 1336779637) provider ai-agent
[7116:6016:0621/002006.608:INFO:aha\components\towel\common\ap_impl.cc:540] [TOWEL][APImpl::OnGetProviderMetaInfo] update meta info for ai-agent method_list is ai-agent::SEND, event_list is ai-agent::PUSH_PACKET
[7116:6016:0621/002006.608:INFO:aha\components\towel\common\static_routing_ap.cc:181] [TOWEL][StaticRoutingAP::RunPendingRequestAndEvents] provider_name= ai-agent
[7116:6016:0621/002006.608:INFO:aha\components\towel\common\ap_impl.cc:530] [TOWEL][APImpl::OnGetProviderMetaInfo]: RoutingId(7116, 1578995633) provider ai-agent
[7116:6016:0621/002006.608:INFO:aha\components\towel\common\ap_impl.cc:540] [TOWEL][APImpl::OnGetProviderMetaInfo] update meta info for ai-agent method_list is ai-agent::SEND, event_list is ai-agent::PUSH_PACKET
[7116:6016:0621/002006.608:INFO:aha\components\towel\common\static_routing_ap.cc:181] [TOWEL][StaticRoutingAP::RunPendingRequestAndEvents] provider_name= ai-agent
[7116:6016:0621/002006.608:INFO:aha\components\towel\common\ap_impl.cc:530] [TOWEL][APImpl::OnGetProviderMetaInfo]: RoutingId(7116, 341743295) provider ai
[7116:6016:0621/002006.608:INFO:aha\components\towel\common\ap_impl.cc:540] [TOWEL][APImpl::OnGetProviderMetaInfo] update meta info for ai method_list is ai::SEND, event_list is ai::PUSH_PACKET
[7116:6016:0621/002006.608:INFO:aha\components\towel\common\static_routing_ap.cc:181] [TOWEL][StaticRoutingAP::RunPendingRequestAndEvents] provider_name= ai
[7116:6016:0621/002006.608:INFO:aha\components\towel\common\ap_impl.cc:530] [TOWEL][APImpl::OnGetProviderMetaInfo]: RoutingId(7116, 1336779637) provider ai
[7116:6016:0621/002006.608:INFO:aha\components\towel\common\ap_impl.cc:540] [TOWEL][APImpl::OnGetProviderMetaInfo] update meta info for ai method_list is ai::SEND, event_list is ai::PUSH_PACKET
[7116:6016:0621/002006.608:INFO:aha\components\towel\common\static_routing_ap.cc:181] [TOWEL][StaticRoutingAP::RunPendingRequestAndEvents] provider_name= ai
[7116:6016:0621/002006.608:INFO:aha\components\towel\common\ap_impl.cc:530] [TOWEL][APImpl::OnGetProviderMetaInfo]: RoutingId(7116, 1578995633) provider ai
[7116:6016:0621/002006.608:INFO:aha\components\towel\common\ap_impl.cc:540] [TOWEL][APImpl::OnGetProviderMetaInfo] update meta info for ai method_list is ai::SEND, event_list is ai::PUSH_PACKET
[7116:6016:0621/002006.608:INFO:aha\components\towel\common\static_routing_ap.cc:181] [TOWEL][StaticRoutingAP::RunPendingRequestAndEvents] provider_name= ai
[7116:6016:0621/002006.608:INFO:aha\components\towel\common\master_impl.cc:78] [TOWEL][MasterImpl::BindAP] success for 1336779637
[7116:6016:0621/002006.608:INFO:aha\components\towel\public\provider.cc:196] [TOWEL][Provider::GetMetaInfo] provider BlockDetectorProvider, method_size is 1 method_list is BlockDetector::HEART_BEAT
[19376:19380:0621/002006.608:INFO:aha\components\towel\common\ap_impl.cc:520] [TOWEL][APImpl::OnGetAllProviders] add provider ai-agent
[19376:19380:0621/002006.608:INFO:aha\components\towel\common\ap_impl.cc:520] [TOWEL][APImpl::OnGetAllProviders] add provider trae-cn-config-channel
[19376:19380:0621/002006.608:INFO:aha\components\towel\common\static_routing_ap.cc:181] [TOWEL][StaticRoutingAP::RunPendingRequestAndEvents] provider_name= AhaNet
[19376:19380:0621/002006.608:INFO:aha\components\towel\common\static_routing_ap.cc:195] [TOWEL][StaticRoutingAP::RunPendingEvents] run pending events, event_list is AhaNet::WsMessage,AhaNet::WsStatusChanged,AhaNet::WsError
[19376:19380:0621/002006.608:INFO:aha\components\towel\common\static_routing_ap.cc:181] [TOWEL][StaticRoutingAP::RunPendingRequestAndEvents] provider_name= BlockDetectorProvider
[19376:19380:0621/002006.608:INFO:aha\components\towel\common\static_routing_ap.cc:181] [TOWEL][StaticRoutingAP::RunPendingRequestAndEvents] provider_name= ai
[19376:19380:0621/002006.608:INFO:aha\components\towel\common\static_routing_ap.cc:181] [TOWEL][StaticRoutingAP::RunPendingRequestAndEvents] provider_name= ai-agent
[19376:19380:0621/002006.608:INFO:aha\components\towel\common\static_routing_ap.cc:181] [TOWEL][StaticRoutingAP::RunPendingRequestAndEvents] provider_name= trae-cn-config-channel
[19376:19380:0621/002006.608:INFO:aha\components\towel\common\ap_impl.cc:530] [TOWEL][APImpl::OnGetProviderMetaInfo]: RoutingId(7116, 1445795129) provider ai
[19376:19380:0621/002006.608:INFO:aha\components\towel\common\ap_impl.cc:540] [TOWEL][APImpl::OnGetProviderMetaInfo] update meta info for ai method_list is ai::SEND, event_list is ai::PUSH_PACKET
[19376:19380:0621/002006.608:INFO:aha\components\towel\common\static_routing_ap.cc:181] [TOWEL][StaticRoutingAP::RunPendingRequestAndEvents] provider_name= ai
[19376:19380:0621/002006.608:INFO:aha\components\towel\common\ap_impl.cc:530] [TOWEL][APImpl::OnGetProviderMetaInfo]: RoutingId(7116, 1914257655) provider ai
[19376:19380:0621/002006.608:INFO:aha\components\towel\common\ap_impl.cc:540] [TOWEL][APImpl::OnGetProviderMetaInfo] update meta info for ai method_list is ai::SEND, event_list is ai::PUSH_PACKET
[19376:19380:0621/002006.608:INFO:aha\components\towel\common\static_routing_ap.cc:181] [TOWEL][StaticRoutingAP::RunPendingRequestAndEvents] provider_name= ai
[19376:19380:0621/002006.608:INFO:aha\components\towel\public\provider.cc:196] [TOWEL][Provider::GetMetaInfo] provider ai, method_size is 1 method_list is ai::SEND
[19376:19380:0621/002006.608:INFO:aha\components\towel\common\ap_impl.cc:530] [TOWEL][APImpl::OnGetProviderMetaInfo]: RoutingId(7116, 2122083188) provider AhaNet
[19376:19380:0621/002006.608:INFO:aha\components\towel\common\ap_impl.cc:540] [TOWEL][APImpl::OnGetProviderMetaInfo] update meta info for AhaNet method_list is AhaNet::UpdateAhaNetAccessPolicy|AhaNet::UpdateTNCConfig|AhaNet::SetProxy|AhaNet::WsCreate|AhaNet::WsConnect|AhaNet::WsSend|AhaNet::WsDisconnect|AhaNet::WsDestroy, event_list is AhaNet::WsMessage|AhaNet::WsStatusChanged|AhaNet::WsError|AhaNet::TNCConfigUpdated|AhaNet::NetReport|AhaNet::RTTAndThroughput|AhaNet::NetworkQualityType|AhaNet::PacketLostStats
[19376:19380:0621/002006.608:INFO:aha\components\towel\common\static_routing_ap.cc:181] [TOWEL][StaticRoutingAP::RunPendingRequestAndEvents] provider_name= AhaNet
[19376:19380:0621/002006.608:INFO:aha\components\towel\public\provider.cc:196] [TOWEL][Provider::GetMetaInfo] provider ai-agent, method_size is 1 method_list is ai-agent::SEND
[19376:19380:0621/002006.608:INFO:aha\components\towel\common\ap_impl.cc:530] [TOWEL][APImpl::OnGetProviderMetaInfo]: RoutingId(7116, 2122083188) provider ai
[19376:19380:0621/002006.608:INFO:aha\components\towel\common\ap_impl.cc:540] [TOWEL][APImpl::OnGetProviderMetaInfo] update meta info for ai method_list is ai::SEND, event_list is ai::PUSH_PACKET
[7116:6016:0621/002006.608:INFO:aha\components\towel\public\provider.cc:196] [TOWEL][Provider::GetMetaInfo] provider trae-cn-config-channel, method_size is 1 method_list is trae-cn-config-channel::SEND
[19376:19380:0621/002006.608:INFO:aha\components\towel\common\static_routing_ap.cc:181] [TOWEL][StaticRoutingAP::RunPendingRequestAndEvents] provider_name= ai
[19376:19380:0621/002006.608:INFO:aha\components\towel\common\ap_impl.cc:530] [TOWEL][APImpl::OnGetProviderMetaInfo]: RoutingId(7116, 2122083188) provider ai-agent
[19376:19380:0621/002006.608:INFO:aha\components\towel\common\ap_impl.cc:540] [TOWEL][APImpl::OnGetProviderMetaInfo] update meta info for ai-agent method_list is ai-agent::SEND, event_list is ai-agent::PUSH_PACKET
[19376:19380:0621/002006.608:INFO:aha\components\towel\common\static_routing_ap.cc:181] [TOWEL][StaticRoutingAP::RunPendingRequestAndEvents] provider_name= ai-agent
[19376:19380:0621/002006.608:INFO:aha\components\towel\common\ap_impl.cc:530] [TOWEL][APImpl::OnGetProviderMetaInfo]: RoutingId(7116, 2122083188) provider BlockDetectorProvider
[19376:19380:0621/002006.608:INFO:aha\components\towel\common\ap_impl.cc:540] [TOWEL][APImpl::OnGetProviderMetaInfo] update meta info for BlockDetectorProvider method_list is BlockDetector::HEART_BEAT, event_list is 
[19376:19380:0621/002006.608:INFO:aha\components\towel\common\static_routing_ap.cc:181] [TOWEL][StaticRoutingAP::RunPendingRequestAndEvents] provider_name= BlockDetectorProvider
[7116:6016:0621/002006.608:INFO:aha\components\towel\common\master_impl.cc:78] [TOWEL][MasterImpl::BindAP] success for 2122083188
[19376:19380:0621/002006.608:INFO:aha\components\towel\common\ap_impl.cc:530] [TOWEL][APImpl::OnGetProviderMetaInfo]: RoutingId(7116, 2122083188) provider trae-cn-config-channel
[19376:19380:0621/002006.608:INFO:aha\components\towel\common\ap_impl.cc:540] [TOWEL][APImpl::OnGetProviderMetaInfo] update meta info for trae-cn-config-channel method_list is trae-cn-config-channel::SEND, event_list is trae-cn-config-channel::PUSH_PACKET
[19376:19380:0621/002006.608:INFO:aha\components\towel\common\static_routing_ap.cc:181] [TOWEL][StaticRoutingAP::RunPendingRequestAndEvents] provider_name= trae-cn-config-channel
[19468:19472:0621/002006.608:INFO:aha\components\basil\service\native_extension_service.cc:24] [Basil]create service in utility process
[19468:19472:0621/002006.608:INFO:aha\components\towel\embedder\master_binder.cc:60] [TOWEL]BindMasterInAnyProcess, ProcessType(4)
[19468:19472:0621/002006.608:INFO:aha\components\towel\embedder\master_binder.cc:82] [TOWEL]BindMasterInAnyProcess, in main thread, bind.
[19468:19472:0621/002006.608:INFO:aha\components\towel\common\ap_impl.cc:26] [TOWEL][APImpl::APImpl] create ap, id is RoutingId(-1, 13488)
[19468:19472:0621/002006.608:INFO:aha\components\towel\common\ap_impl.cc:31] [TOWEL][APImpl] register to master, current id is RoutingId(-1, 13488)
[19468:19472:0621/002006.608:WARNING:aha\components\towel\common\ap_impl.cc:220] [TOWEL][APImpl::ListensEvents] no provider for event AhaNet::TNCConfigUpdated
[19468:19472:0621/002006.608:WARNING:aha\components\towel\common\ap_impl.cc:220] [TOWEL][APImpl::ListensEvents] no provider for event AhaNet::NetReport
[19468:19472:0621/002006.608:WARNING:aha\components\towel\common\ap_impl.cc:220] [TOWEL][APImpl::ListensEvents] no provider for event AhaNet::RTTAndThroughput
[19468:19472:0621/002006.608:WARNING:aha\components\towel\common\ap_impl.cc:220] [TOWEL][APImpl::ListensEvents] no provider for event AhaNet::NetworkQualityType
[19468:19472:0621/002006.608:WARNING:aha\components\towel\common\ap_impl.cc:220] [TOWEL][APImpl::ListensEvents] no provider for event AhaNet::PacketLostStats
[19468:19472:0621/002006.608:INFO:aha\components\towel\common\ap_impl.cc:594] [TOWEL][APImpl::ListensEvents] start, RoutingId(-1, 13488)
[19468:19472:0621/002006.608:INFO:aha\components\towel\common\ap_impl.cc:596] [TOWEL][APImpl::ListensEvents] no pending_listen_requests_, do nothing
[19468:19472:0621/002006.608:INFO:aha\components\towel\common\static_routing_ap.cc:171] [TOWEL][StaticRoutingAP::TryAddPendingEvents] provider not ready, store event and wait. event AhaNet::TNCConfigUpdated
[19468:19472:0621/002006.608:INFO:aha\components\towel\common\static_routing_ap.cc:171] [TOWEL][StaticRoutingAP::TryAddPendingEvents] provider not ready, store event and wait. event AhaNet::NetReport
[19468:19472:0621/002006.608:INFO:aha\components\towel\common\static_routing_ap.cc:171] [TOWEL][StaticRoutingAP::TryAddPendingEvents] provider not ready, store event and wait. event AhaNet::RTTAndThroughput
[19468:19472:0621/002006.608:INFO:aha\components\towel\common\static_routing_ap.cc:171] [TOWEL][StaticRoutingAP::TryAddPendingEvents] provider not ready, store event and wait. event AhaNet::NetworkQualityType
[19468:19472:0621/002006.608:INFO:aha\components\towel\common\static_routing_ap.cc:171] [TOWEL][StaticRoutingAP::TryAddPendingEvents] provider not ready, store event and wait. event AhaNet::PacketLostStats
[19468:19472:0621/002006.608:INFO:aha\components\basil\service\native_extension_service.cc:41] [Basil]start service, name=ckg
[19468:19472:0621/002006.608:INFO:aha\components\basil\service\native_extension_service.cc:56] [Basil]create lib proxy
[7116:6016:0621/002006.610:INFO:aha\components\towel\common\static_routing_ap.cc:244] [TOWEL]run timeout checker
[7116:6016:0621/002006.610:ERROR:electron\shell\browser\electron_browser_client.cc:1997] bind receiver for utility
[7116:6016:0621/002006.610:INFO:aha\components\towel\embedder\master_binder.cc:52] [TOWEL]BindMasterInBrowser, ProcessType(2)
[7116:6016:0621/002006.610:INFO:aha\components\towel\embedder\master_binder.cc:55] [TOWEL]BindMasterInBrowser, run in main thread, bind.
[7116:6016:0621/002006.610:INFO:aha\components\towel\common\master_impl.cc:39] [TOWEL][MasterImpl::AddAPWithId] add ap 24699585
[7116:6016:0621/002006.610:INFO:aha\components\towel\common\master_impl.cc:55] [TOWEL][MasterImpl::AddAP] add ap 24699585
[7116:6016:0621/002006.611:INFO:aha\components\towel\common\master_impl.cc:193] [TOWEL][MasterImpl::GetAllProviders] provider size is 5 given size is 5
[19376:19380:0621/002006.710:INFO:aha\components\towel\common\static_routing_ap.cc:244] [TOWEL]run timeout checker
[19376:19380:0621/002006.710:INFO:aha\components\towel\common\static_routing_ap.cc:267] [TOWEL]stop timeout checker
[7116:6016:0621/002006.713:INFO:aha\components\report_context\report_context_process_host.cc:175] [ReportContext] virtual aha::ReportContextProcessHost::BrowserChildProcessLaunchedAndConnected, type=9 pid=16544 name=GPU unique_id=2
[7116:6016:0621/002006.713:INFO:aha\components\report_context\report_context_process_host.cc:198] [ReportContext] aha::ReportContextProcessHost::BindAndSyncChildProcess, binding Mojo remote for child process pid=16544 unique_id=2
[7116:6016:0621/002006.713:INFO:aha\components\report_context\report_context_process_host.cc:217] [ReportContext] aha::ReportContextProcessHost::BindAndSyncChildProcess, successfully bound, total_entries=5 pid=16544
[7116:6016:0621/002006.713:INFO:aha\components\report_context\report_context_process_host.cc:254] [ReportContext] aha::ReportContextProcessHost::SyncExistingContext, pid=16544 crash_keys_count=0
[7116:6016:0621/002006.713:INFO:aha\components\report_context\report_context_process_host.cc:264] [ReportContext] aha::ReportContextProcessHost::SyncExistingContext, pid=16544 common_keys_count=0
[7116:6016:0621/002006.713:INFO:aha\components\towel\common\static_routing_ap.cc:244] [TOWEL]run timeout checker
[16544:16548:0621/002006.715:INFO:electron\shell\browser\electron_gpu_client.cc:53] [Towel] init in gpu process
[16544:16548:0621/002006.715:INFO:aha\components\towel\embedder\interface_binder.cc:17] [TOWEL]InterfaceBinder Intialized. ProcessType(5)
[16544:16548:0621/002006.715:INFO:electron\shell\browser\electron_gpu_client.cc:71] [ReportContext] virtual electron::ElectronGpuClient::ExposeInterfacesToBrowser, registering AhaReportContextClient binder
[16544:16548:0621/002006.717:INFO:electron\shell\browser\electron_gpu_client.cc:76] [ReportContext] electron::ElectronGpuClient::ExposeInterfacesToBrowser(viz::GpuServiceImpl *, const gpu::GpuPreferences &, const gpu::GpuDriverBugWorkarounds &, mojo::BinderMap *)::(anonymous class)::operator(), bound, creating ReportContextClientImpl
[16544:20732:0621/002006.801:INFO:components\viz\service\display\display_resource_provider.cc:425] [DisplayResource] DeclareUsedResourcesFromChild, child_id=1
[7116:6016:0621/002006.819:INFO:aha\components\towel\common\static_routing_ap.cc:244] [TOWEL]run timeout checker
[17928:17932:0621/002006.861:INFO:aha\services\monitor\src\monitor_service.cc:21] [MonitorService] MonitorService: monitor service inited
[17928:17932:0621/002006.862:INFO:aha\services\monitor\src\monitor_service.cc:30] [MonitorService] InitTowelProvider: create towel provider
[17928:17932:0621/002006.862:INFO:aha\components\towel\embedder\master_binder.cc:60] [TOWEL]BindMasterInAnyProcess, ProcessType(4)
[17928:17932:0621/002006.862:INFO:aha\components\towel\embedder\master_binder.cc:82] [TOWEL]BindMasterInAnyProcess, in main thread, bind.
[17928:17932:0621/002006.862:INFO:aha\services\monitor\src\monitor_service.cc:38] [MonitorService] InitTowelProvider: Registering methods...
[17928:17932:0621/002006.862:INFO:aha\services\monitor\src\monitor_service.cc:72] [MonitorService] InitTowelProvider: Mounting provider...
[17928:17932:0621/002006.862:INFO:aha\components\towel\public\provider.cc:76] [TOWEL][Provider::Mount] mount provider, name= monitor, force_reset=0
[17928:17932:0621/002006.862:INFO:aha\services\monitor\src\monitor_handler.cc:158] [MonitorHandler] InitConfig: [MonitorService] InitConfig, device_id: 1800321390968515, user_id: anonymous, tenant_id: , app_version: 3.3.67, channel: stable, root_path: C:\Users\79368\AppData\Local\Temp\trae-cn-profile-9346-14076\monitor, slardar_domain: pc-mon.zijieapi.com, logifier_domain: api.trae.com.cn, aid: 787976
[17928:17932:0621/002006.862:INFO:aha\components\manifest\manifest.cc:91] GetManifestContent exe_dir: D:\Trae CN
[17928:17932:0621/002006.862:INFO:aha\components\manifest\manifest.cc:106] AppManifest manifest_content={"appId":"787976","appVersion":"3.3.67","buildVersion":"2.3.42911","activeUrl":"https://log.snssdk.com/service/2/app_alert_check/","channel":"stable","language":"en","logifierDomain":"api.trae.com.cn","settingsDomain":"api.trae.com.cn","name":"Trae CN","package":"com.trae.app","packageType":"stable_cn","region":"CN","registryUrl":"https://log.snssdk.com/service/2/desktop/device_register/","slardarDomain":"pc-mon.zijieapi.com","slardarAid":787976,"oversea":false,"ahaNet":{"ttnet_params":{"domain_httpdns":"dig.bdurl.net","domain_netlog":"crash.snssdk.com","app_id":"787976","tnc_host_first":"tnc3-bjlgy.zijieapi.com","app_name":"trae","tnc_host_second":"","tnc_host_third":"","domain_boe":".boe-gateway.byted.org","update_version_code":"","version_code":"3367","bypass_proxy":false,"is_drop_first_tnc":false,"use_domestic_store_region":false,"get_domain_default_json":"{\"data\":{\"tnc_update_interval\":300,\"chromium_open\":1,\"http_dns_enabled\":1,\"ttnet_http_dns_enabled\":1,\"ttnet_tt_http_dns\":1,\"ttnet_http_dns_timeout\":5,\"opaque_data_enabled\":1,\"wpad_enabled\":0,\"pac_enabled\":1,\"clear_pool_enabled\":1,\"get_domain_default_json\":1,\"md5_check\":0},\"message\":\"success\"}"},"params":{"user_agent":"","experimental_options":"","enable_http2":true,"enable_brotli":true,"enable_quic":true,"enable_network_quality_estimator":false,"enable_verbose_log":false,"enable_ca_store":false,"store_idc_rule_json":"","ttnet_inner_log_switch":255,"bypass_mssdk":true},"access_policy":"{\"domain_white_list\":{\"*.trae.ai\":[\"*\"],\"*.traeapi.us\":[\"*\"],\"*.mchost.guru\":[\"*\"],\"*.bytedance.net\":[\"*\"],\"*.tiktok-row.net\":[\"*\"],\"*.byteintl.net\":[\"*\"],\"*.byted.org\":[\"*\"],\"*.trae.com.cn\":[\"*\"],\"*.trae.cn\":[\"*\"]},\"enable_detail_log\":false}"}}
[7116:6016:0621/002006.863:ERROR:electron\shell\browser\electron_browser_client.cc:1997] bind receiver for utility
[7116:6016:0621/002006.863:INFO:aha\components\towel\embedder\master_binder.cc:52] [TOWEL]BindMasterInBrowser, ProcessType(2)
[7116:6016:0621/002006.863:INFO:aha\components\towel\embedder\master_binder.cc:55] [TOWEL]BindMasterInBrowser, run in main thread, bind.
[7116:6016:0621/002006.863:INFO:aha\components\towel\common\master_impl.cc:153] [TOWEL][MasterImpl::RegisterProvider] success monitor provider size now is 6
[7116:6016:0621/002006.863:INFO:aha\components\towel\common\ap_impl.cc:406] [TOWEL][APImpl::OnProviderAdded] provider_name monitor, RoutingId(7116, 341743295)
[7116:6016:0621/002006.863:INFO:aha\components\ipc\ipc_client.cc:172] [AhaIpc] provider connected, name: monitor
[7116:6016:0621/002006.863:INFO:aha\components\towel\common\static_routing_ap.cc:181] [TOWEL][StaticRoutingAP::RunPendingRequestAndEvents] provider_name= monitor
[19376:19380:0621/002006.863:INFO:aha\components\towel\common\ap_impl.cc:406] [TOWEL][APImpl::OnProviderAdded] provider_name monitor, RoutingId(7116, 1445795129)
[7116:6016:0621/002006.863:INFO:aha\components\towel\common\ap_impl.cc:406] [TOWEL][APImpl::OnProviderAdded] provider_name monitor, RoutingId(7116, 1336779637)
[19376:19380:0621/002006.863:INFO:aha\components\ipc\ipc_client.cc:172] [AhaIpc] provider connected, name: monitor
[7116:6016:0621/002006.863:INFO:aha\components\towel\common\static_routing_ap.cc:181] [TOWEL][StaticRoutingAP::RunPendingRequestAndEvents] provider_name= monitor
[19376:19380:0621/002006.863:INFO:aha\components\towel\common\static_routing_ap.cc:181] [TOWEL][StaticRoutingAP::RunPendingRequestAndEvents] provider_name= monitor
[19376:19380:0621/002006.863:INFO:aha\components\towel\common\ap_impl.cc:406] [TOWEL][APImpl::OnProviderAdded] provider_name monitor, RoutingId(7116, 1914257655)
[19376:19380:0621/002006.863:INFO:aha\components\towel\common\static_routing_ap.cc:181] [TOWEL][StaticRoutingAP::RunPendingRequestAndEvents] provider_name= monitor
[7116:6016:0621/002006.863:INFO:aha\components\towel\common\ap_impl.cc:406] [TOWEL][APImpl::OnProviderAdded] provider_name monitor, RoutingId(7116, 1578995633)
[19376:19380:0621/002006.863:INFO:aha\components\towel\common\ap_impl.cc:406] [TOWEL][APImpl::OnProviderAdded] provider_name monitor, RoutingId(7116, 2122083188)
[19376:19380:0621/002006.863:INFO:aha\components\towel\common\static_routing_ap.cc:181] [TOWEL][StaticRoutingAP::RunPendingRequestAndEvents] provider_name= monitor
[7116:6016:0621/002006.863:INFO:aha\components\towel\common\static_routing_ap.cc:181] [TOWEL][StaticRoutingAP::RunPendingRequestAndEvents] provider_name= monitor
[19468:19472:0621/002006.866:INFO:aha\components\towel\embedder\master_binder.cc:60] [TOWEL]BindMasterInAnyProcess, ProcessType(4)
[19468:19472:0621/002006.866:INFO:aha\components\towel\embedder\master_binder.cc:82] [TOWEL]BindMasterInAnyProcess, in main thread, bind.
[19468:19472:0621/002006.866:INFO:aha\components\towel\public\provider.cc:76] [TOWEL][Provider::Mount] mount provider, name= ckg, force_reset=0
[7116:6016:0621/002006.866:ERROR:electron\shell\browser\electron_browser_client.cc:1997] bind receiver for utility
[7116:6016:0621/002006.866:INFO:aha\components\towel\embedder\master_binder.cc:52] [TOWEL]BindMasterInBrowser, ProcessType(2)
[7116:6016:0621/002006.866:INFO:aha\components\towel\embedder\master_binder.cc:55] [TOWEL]BindMasterInBrowser, run in main thread, bind.
[7116:6016:0621/002006.866:INFO:aha\components\basil\core\native_extension_impl.cc:225] [Basil]start service success, name=ckg
[7116:6016:0621/002006.867:INFO:aha\components\towel\common\master_impl.cc:153] [TOWEL][MasterImpl::RegisterProvider] success ckg provider size now is 7
[7116:6016:0621/002006.867:INFO:aha\components\towel\common\ap_impl.cc:406] [TOWEL][APImpl::OnProviderAdded] provider_name ckg, RoutingId(7116, 341743295)
[7116:6016:0621/002006.867:INFO:aha\components\ipc\ipc_client.cc:172] [AhaIpc] provider connected, name: ckg
[7116:6016:0621/002006.867:INFO:aha\components\towel\common\static_routing_ap.cc:181] [TOWEL][StaticRoutingAP::RunPendingRequestAndEvents] provider_name= ckg
[7116:6016:0621/002006.867:INFO:aha\components\towel\common\ap_impl.cc:406] [TOWEL][APImpl::OnProviderAdded] provider_name ckg, RoutingId(7116, 1336779637)
[7116:6016:0621/002006.867:INFO:aha\components\towel\common\static_routing_ap.cc:181] [TOWEL][StaticRoutingAP::RunPendingRequestAndEvents] provider_name= ckg
[7116:6016:0621/002006.867:INFO:aha\components\towel\common\ap_impl.cc:406] [TOWEL][APImpl::OnProviderAdded] provider_name ckg, RoutingId(7116, 1578995633)
[7116:6016:0621/002006.867:INFO:aha\components\towel\common\static_routing_ap.cc:181] [TOWEL][StaticRoutingAP::RunPendingRequestAndEvents] provider_name= ckg
[19376:19380:0621/002006.867:INFO:aha\components\towel\common\ap_impl.cc:406] [TOWEL][APImpl::OnProviderAdded] provider_name ckg, RoutingId(7116, 1445795129)
[19376:19380:0621/002006.867:INFO:aha\components\ipc\ipc_client.cc:172] [AhaIpc] provider connected, name: ckg
[19376:19380:0621/002006.867:INFO:aha\components\towel\common\static_routing_ap.cc:181] [TOWEL][StaticRoutingAP::RunPendingRequestAndEvents] provider_name= ckg
[19376:19380:0621/002006.867:INFO:aha\components\towel\common\ap_impl.cc:406] [TOWEL][APImpl::OnProviderAdded] provider_name ckg, RoutingId(7116, 1914257655)
[19376:19380:0621/002006.867:INFO:aha\components\towel\common\static_routing_ap.cc:181] [TOWEL][StaticRoutingAP::RunPendingRequestAndEvents] provider_name= ckg
[19376:19380:0621/002006.867:INFO:aha\components\towel\common\ap_impl.cc:406] [TOWEL][APImpl::OnProviderAdded] provider_name ckg, RoutingId(7116, 2122083188)
[19376:19380:0621/002006.867:INFO:aha\components\towel\common\static_routing_ap.cc:181] [TOWEL][StaticRoutingAP::RunPendingRequestAndEvents] provider_name= ckg
[19468:19472:0621/002006.867:INFO:aha\components\towel\embedder\master_binder.cc:60] [TOWEL]BindMasterInAnyProcess, ProcessType(4)
[19468:19472:0621/002006.867:INFO:aha\components\towel\embedder\master_binder.cc:82] [TOWEL]BindMasterInAnyProcess, in main thread, bind.
[19468:19472:0621/002006.867:INFO:aha\components\towel\common\ap_impl.cc:26] [TOWEL][APImpl::APImpl] create ap, id is RoutingId(-1, 14331)
[19468:19472:0621/002006.867:INFO:aha\components\towel\common\ap_impl.cc:31] [TOWEL][APImpl] register to master, current id is RoutingId(-1, 14331)
[7116:6016:0621/002006.867:ERROR:electron\shell\browser\electron_browser_client.cc:1997] bind receiver for utility
[19468:19472:0621/002006.867:WARNING:aha\components\towel\common\ap_impl.cc:220] [TOWEL][APImpl::ListensEvents] no provider for event AhaNet::WsMessage
[7116:6016:0621/002006.867:INFO:aha\components\towel\embedder\master_binder.cc:52] [TOWEL]BindMasterInBrowser, ProcessType(2)
[19468:19472:0621/002006.867:WARNING:aha\components\towel\common\ap_impl.cc:220] [TOWEL][APImpl::ListensEvents] no provider for event AhaNet::WsStatusChanged
[19468:19472:0621/002006.867:WARNING:aha\components\towel\common\ap_impl.cc:220] [TOWEL][APImpl::ListensEvents] no provider for event AhaNet::WsError
[19468:19472:0621/002006.867:INFO:aha\components\towel\common\ap_impl.cc:594] [TOWEL][APImpl::ListensEvents] start, RoutingId(-1, 14331)
[19468:19472:0621/002006.867:INFO:aha\components\towel\common\ap_impl.cc:596] [TOWEL][APImpl::ListensEvents] no pending_listen_requests_, do nothing
[19468:19472:0621/002006.867:INFO:aha\components\towel\common\static_routing_ap.cc:171] [TOWEL][StaticRoutingAP::TryAddPendingEvents] provider not ready, store event and wait. event AhaNet::WsMessage
[19468:19472:0621/002006.867:INFO:aha\components\towel\common\static_routing_ap.cc:171] [TOWEL][StaticRoutingAP::TryAddPendingEvents] provider not ready, store event and wait. event AhaNet::WsStatusChanged
[7116:6016:0621/002006.867:INFO:aha\components\towel\embedder\master_binder.cc:55] [TOWEL]BindMasterInBrowser, run in main thread, bind.
[19468:19472:0621/002006.867:INFO:aha\components\towel\common\static_routing_ap.cc:171] [TOWEL][StaticRoutingAP::TryAddPendingEvents] provider not ready, store event and wait. event AhaNet::WsError
[19468:19472:0621/002006.867:INFO:electron\shell\utility\electron_content_utility_client.cc:183] [ReportContext] electron::ElectronContentUtilityClient::ExposeInterfacesToBrowser(mojo::BinderMap *)::(anonymous class)::operator(), bound, creating ReportContextClientImpl
[7116:6016:0621/002006.867:INFO:aha\components\towel\common\master_impl.cc:39] [TOWEL][MasterImpl::AddAPWithId] add ap 261962117
[7116:6016:0621/002006.867:INFO:aha\components\towel\common\master_impl.cc:55] [TOWEL][MasterImpl::AddAP] add ap 261962117
[19468:19472:0621/002006.867:INFO:aha\components\towel\common\ap_impl.cc:416] [TOWEL][APImpl::OnAddToMaster] real_id is RoutingId(7116, 24699585), fake_id is RoutingId(-1, 13488)
[19468:19472:0621/002006.867:INFO:aha\components\towel\common\ap_impl.cc:594] [TOWEL][APImpl::ListensEvents] start, RoutingId(7116, 24699585)
[7116:6016:0621/002006.867:INFO:aha\components\towel\common\master_impl.cc:193] [TOWEL][MasterImpl::GetAllProviders] provider size is 7 given size is 7
[19468:19472:0621/002006.867:INFO:aha\components\towel\common\ap_impl.cc:596] [TOWEL][APImpl::ListensEvents] no pending_listen_requests_, do nothing
[19468:19472:0621/002006.868:INFO:aha\components\towel\common\ap_impl.cc:406] [TOWEL][APImpl::OnProviderAdded] provider_name monitor, RoutingId(7116, 24699585)
[19468:19472:0621/002006.868:INFO:aha\components\towel\common\static_routing_ap.cc:181] [TOWEL][StaticRoutingAP::RunPendingRequestAndEvents] provider_name= monitor
[19468:19472:0621/002006.868:INFO:aha\components\towel\common\ap_impl.cc:416] [TOWEL][APImpl::OnAddToMaster] real_id is RoutingId(7116, 261962117), fake_id is RoutingId(-1, 14331)
[19468:19472:0621/002006.868:INFO:aha\components\towel\common\ap_impl.cc:594] [TOWEL][APImpl::ListensEvents] start, RoutingId(7116, 261962117)
[19468:19472:0621/002006.868:INFO:aha\components\towel\common\ap_impl.cc:596] [TOWEL][APImpl::ListensEvents] no pending_listen_requests_, do nothing
[19468:19472:0621/002006.868:INFO:aha\components\towel\common\ap_impl.cc:511] [TOWEL][APImpl::OnGetAllProviders]: RoutingId(7116, 24699585) provider size 5
[19468:19472:0621/002006.868:INFO:aha\components\towel\common\ap_impl.cc:520] [TOWEL][APImpl::OnGetAllProviders] add provider AhaNet
[7116:6016:0621/002006.868:INFO:aha\components\towel\public\provider.cc:196] [TOWEL][Provider::GetMetaInfo] provider BlockDetectorProvider, method_size is 1 method_list is BlockDetector::HEART_BEAT
[19468:19472:0621/002006.870:INFO:aha\components\towel\common\ap_impl.cc:520] [TOWEL][APImpl::OnGetAllProviders] add provider BlockDetectorProvider
[19376:19380:0621/002006.870:INFO:aha\components\towel\public\provider.cc:196] [TOWEL][Provider::GetMetaInfo] provider ai, method_size is 1 method_list is ai::SEND
[19468:19472:0621/002006.874:INFO:aha\components\towel\common\ap_impl.cc:520] [TOWEL][APImpl::OnGetAllProviders] add provider ai
[19376:19380:0621/002006.874:INFO:aha\components\towel\public\provider.cc:196] [TOWEL][Provider::GetMetaInfo] provider ai-agent, method_size is 1 method_list is ai-agent::SEND
[19468:19472:0621/002006.875:INFO:aha\components\towel\common\ap_impl.cc:520] [TOWEL][APImpl::OnGetAllProviders] add provider ai-agent
[7116:6016:0621/002006.875:INFO:aha\components\towel\public\provider.cc:196] [TOWEL][Provider::GetMetaInfo] provider trae-cn-config-channel, method_size is 1 method_list is trae-cn-config-channel::SEND
[17928:17932:0621/002006.875:INFO:aha\third_party\parfait\core_common\parfait_core.cc:209] [Parfait] Enable upload with interval 60
[17928:17932:0621/002006.875:INFO:aha\third_party\parfait\aha\parfait_client.cc:133] [Parfait] Init ParfaitClient with config
	pft_version=1.3.0.0
	aid=787976
	user_id=anonymous
	device_id=1800321390968515
	version=3.3.67
	root_path=C:\Users\79368\AppData\Local\Temp\trae-cn-profile-9346-14076\monitor
	session_id=
	data_report_url=https://pc-mon.zijieapi.com/monitor_pc/collect/api/pc_log
	crash_report_url=https://pc-mon.zijieapi.com/monitor_pc/collect/api/pc_crash
	gwpasan_report_url=https://pc-mon.zijieapi.com/monitor_pc/collect/api/pc_gwpasan
	block_report_url=https://pc-mon.zijieapi.com/monitor_pc/collect/api/pc_jank
	matrix_report_url=https://pc-mon.zijieapi.com/monitor_pc/collect/api/pc_matrix
	cpu_profile_report_url=https://pc-mon.zijieapi.com/monitor_pc/collect/file/pc_cpu_profile
	snapshot_report_url=https://pc-mon.zijieapi.com/monitor_pc/collect/file/pc_snapshot
	custom_exception_report_url=https://pc-mon.zijieapi.com/monitor_pc/collect/file/pc_custom_exception
	settings_enabled=0
	settings_url=
	tenant_id=
[17928:21508:0621/002006.875:INFO:aha\third_party\parfait\core_common\parfait_core.cc:217] [Parfait] Set upload interval 60
[17928:17932:0621/002006.875:INFO:aha\services\monitor\src\monitor_handler.cc:192] [MonitorHandler] InitConfig: [Logifier] Initializing with domain: api.trae.com.cn, aid: 787976
[17928:17932:0621/002006.875:INFO:aha\components\logifier\logifier_host.cc:19] [LogifierHost] Initialize requested.
[17928:17932:0621/002006.875:INFO:aha\components\logifier\logifier_host.cc:35] [LogifierHost] StartPollRetrievalTask requested.
[17928:17932:0621/002006.876:INFO:electron\shell\utility\electron_content_utility_client.cc:183] [ReportContext] electron::ElectronContentUtilityClient::ExposeInterfacesToBrowser(mojo::BinderMap *)::(anonymous class)::operator(), bound, creating ReportContextClientImpl
[17928:17932:0621/002006.876:INFO:aha\services\monitor\src\monitor_handler.cc:213] [MonitorHandler] UpdateConfig: [MonitorService] UpdateConfig, device_id: 1800321390968515, user_id: , tenant_id: 
[17928:17932:0621/002006.876:INFO:aha\components\logifier\logifier_host.cc:26] [LogifierHost] UpdateUserInfo requested. user_info={user_id=, device_id=1800321390968515}
[17928:17932:0621/002006.877:INFO:aha\third_party\parfait\aha\parfait_client.cc:176] [Parfait] update ParfaitClient with config
	pft_version=1.3.0.0
	user_id=
	device_id=1800321390968515
	session_id=
	data_report_url=https://pc-mon.zijieapi.com/monitor_pc/collect/api/pc_log
	crash_report_url=https://pc-mon.zijieapi.com/monitor_pc/collect/api/pc_crash
	gwpasan_report_url=https://pc-mon.zijieapi.com/monitor_pc/collect/api/pc_gwpasan
	block_report_url=https://pc-mon.zijieapi.com/monitor_pc/collect/api/pc_jank
	matrix_report_url=https://pc-mon.zijieapi.com/monitor_pc/collect/api/pc_matrix
	cpu_profile_report_url=https://pc-mon.zijieapi.com/monitor_pc/collect/file/pc_cpu_profile
	custom_exception_report_url=https://pc-mon.zijieapi.com/monitor_pc/collect/file/pc_custom_exception
	snapshot_report_url=https://pc-mon.zijieapi.com/monitor_pc/collect/file/pc_snapshot
	settings_url=
	tenant_id=
[17928:17932:0621/002006.877:INFO:aha\services\monitor\src\monitor_handler.cc:213] [MonitorHandler] UpdateConfig: [MonitorService] UpdateConfig, device_id: 1800321390968515, user_id: 1554025451100144, tenant_id: marscode
[17928:17932:0621/002006.877:INFO:aha\components\logifier\logifier_host.cc:26] [LogifierHost] UpdateUserInfo requested. user_info={user_id=1554025451100144, device_id=1800321390968515}
[17928:17932:0621/002006.877:INFO:aha\third_party\parfait\aha\parfait_client.cc:176] [Parfait] update ParfaitClient with config
	pft_version=1.3.0.0
	user_id=1554025451100144
	device_id=1800321390968515
	session_id=
	data_report_url=https://pc-mon.zijieapi.com/monitor_pc/collect/api/pc_log
	crash_report_url=https://pc-mon.zijieapi.com/monitor_pc/collect/api/pc_crash
	gwpasan_report_url=https://pc-mon.zijieapi.com/monitor_pc/collect/api/pc_gwpasan
	block_report_url=https://pc-mon.zijieapi.com/monitor_pc/collect/api/pc_jank
	matrix_report_url=https://pc-mon.zijieapi.com/monitor_pc/collect/api/pc_matrix
	cpu_profile_report_url=https://pc-mon.zijieapi.com/monitor_pc/collect/file/pc_cpu_profile
	custom_exception_report_url=https://pc-mon.zijieapi.com/monitor_pc/collect/file/pc_custom_exception
	snapshot_report_url=https://pc-mon.zijieapi.com/monitor_pc/collect/file/pc_snapshot
	settings_url=
	tenant_id=marscode
[17928:17932:0621/002006.877:INFO:aha\components\towel\public\provider.cc:196] [TOWEL][Provider::GetMetaInfo] provider monitor, method_size is 8 method_list is monitor::MONITOR_EVENT|monitor::UPLOAD_LOGS|monitor::TOGGLE_LOGIFIER|monitor::REPORT_NETWORK_EVENT|monitor::REPORT_SLARDAR_WEB|monitor::REPORT_CPU_PROFILE|monitor::REPORT_SNAPSHOT|monitor::REPORT_CUSTOM_EXCEPTION
[17928:17932:0621/002006.877:INFO:aha\components\towel\public\provider.cc:196] [TOWEL][Provider::GetMetaInfo] provider monitor, method_size is 8 method_list is monitor::MONITOR_EVENT|monitor::UPLOAD_LOGS|monitor::TOGGLE_LOGIFIER|monitor::REPORT_NETWORK_EVENT|monitor::REPORT_SLARDAR_WEB|monitor::REPORT_CPU_PROFILE|monitor::REPORT_SNAPSHOT|monitor::REPORT_CUSTOM_EXCEPTION
[17928:17932:0621/002006.877:INFO:aha\components\towel\public\provider.cc:196] [TOWEL][Provider::GetMetaInfo] provider monitor, method_size is 8 method_list is monitor::MONITOR_EVENT|monitor::UPLOAD_LOGS|monitor::TOGGLE_LOGIFIER|monitor::REPORT_NETWORK_EVENT|monitor::REPORT_SLARDAR_WEB|monitor::REPORT_CPU_PROFILE|monitor::REPORT_SNAPSHOT|monitor::REPORT_CUSTOM_EXCEPTION
[17928:17932:0621/002006.877:INFO:aha\components\towel\public\provider.cc:196] [TOWEL][Provider::GetMetaInfo] provider monitor, method_size is 8 method_list is monitor::MONITOR_EVENT|monitor::UPLOAD_LOGS|monitor::TOGGLE_LOGIFIER|monitor::REPORT_NETWORK_EVENT|monitor::REPORT_SLARDAR_WEB|monitor::REPORT_CPU_PROFILE|monitor::REPORT_SNAPSHOT|monitor::REPORT_CUSTOM_EXCEPTION
[17928:17932:0621/002006.877:INFO:aha\components\towel\public\provider.cc:196] [TOWEL][Provider::GetMetaInfo] provider monitor, method_size is 8 method_list is monitor::MONITOR_EVENT|monitor::UPLOAD_LOGS|monitor::TOGGLE_LOGIFIER|monitor::REPORT_NETWORK_EVENT|monitor::REPORT_SLARDAR_WEB|monitor::REPORT_CPU_PROFILE|monitor::REPORT_SNAPSHOT|monitor::REPORT_CUSTOM_EXCEPTION
[17928:17932:0621/002006.877:INFO:aha\components\towel\public\provider.cc:196] [TOWEL][Provider::GetMetaInfo] provider monitor, method_size is 8 method_list is monitor::MONITOR_EVENT|monitor::UPLOAD_LOGS|monitor::TOGGLE_LOGIFIER|monitor::REPORT_NETWORK_EVENT|monitor::REPORT_SLARDAR_WEB|monitor::REPORT_CPU_PROFILE|monitor::REPORT_SNAPSHOT|monitor::REPORT_CUSTOM_EXCEPTION
[17928:17932:0621/002006.877:INFO:aha\components\towel\public\provider.cc:196] [TOWEL][Provider::GetMetaInfo] provider monitor, method_size is 8 method_list is monitor::MONITOR_EVENT|monitor::UPLOAD_LOGS|monitor::TOGGLE_LOGIFIER|monitor::REPORT_NETWORK_EVENT|monitor::REPORT_SLARDAR_WEB|monitor::REPORT_CPU_PROFILE|monitor::REPORT_SNAPSHOT|monitor::REPORT_CUSTOM_EXCEPTION
[17928:17932:0621/002006.877:INFO:aha\components\towel\public\provider.cc:196] [TOWEL][Provider::GetMetaInfo] provider monitor, method_size is 8 method_list is monitor::MONITOR_EVENT|monitor::UPLOAD_LOGS|monitor::TOGGLE_LOGIFIER|monitor::REPORT_NETWORK_EVENT|monitor::REPORT_SLARDAR_WEB|monitor::REPORT_CPU_PROFILE|monitor::REPORT_SNAPSHOT|monitor::REPORT_CUSTOM_EXCEPTION
[7116:6016:0621/002006.877:INFO:aha\components\towel\common\ap_impl.cc:530] [TOWEL][APImpl::OnGetProviderMetaInfo]: RoutingId(7116, 341743295) provider monitor
[7116:6016:0621/002006.877:INFO:aha\components\towel\common\ap_impl.cc:540] [TOWEL][APImpl::OnGetProviderMetaInfo] update meta info for monitor method_list is monitor::MONITOR_EVENT|monitor::UPLOAD_LOGS|monitor::TOGGLE_LOGIFIER|monitor::REPORT_NETWORK_EVENT|monitor::REPORT_SLARDAR_WEB|monitor::REPORT_CPU_PROFILE|monitor::REPORT_SNAPSHOT|monitor::REPORT_CUSTOM_EXCEPTION, event_list is 
[7116:6016:0621/002006.877:INFO:aha\components\towel\common\static_routing_ap.cc:181] [TOWEL][StaticRoutingAP::RunPendingRequestAndEvents] provider_name= monitor
[19376:19380:0621/002006.877:INFO:aha\components\towel\common\ap_impl.cc:530] [TOWEL][APImpl::OnGetProviderMetaInfo]: RoutingId(7116, 1445795129) provider monitor
[19376:19380:0621/002006.877:INFO:aha\components\towel\common\ap_impl.cc:540] [TOWEL][APImpl::OnGetProviderMetaInfo] update meta info for monitor method_list is monitor::MONITOR_EVENT|monitor::UPLOAD_LOGS|monitor::TOGGLE_LOGIFIER|monitor::REPORT_NETWORK_EVENT|monitor::REPORT_SLARDAR_WEB|monitor::REPORT_CPU_PROFILE|monitor::REPORT_SNAPSHOT|monitor::REPORT_CUSTOM_EXCEPTION, event_list is 
[7116:6016:0621/002006.877:INFO:aha\components\towel\common\ap_impl.cc:530] [TOWEL][APImpl::OnGetProviderMetaInfo]: RoutingId(7116, 1336779637) provider monitor
[19376:19380:0621/002006.877:INFO:aha\components\towel\common\static_routing_ap.cc:181] [TOWEL][StaticRoutingAP::RunPendingRequestAndEvents] provider_name= monitor
[7116:6016:0621/002006.877:INFO:aha\components\towel\common\ap_impl.cc:540] [TOWEL][APImpl::OnGetProviderMetaInfo] update meta info for monitor method_list is monitor::MONITOR_EVENT|monitor::UPLOAD_LOGS|monitor::TOGGLE_LOGIFIER|monitor::REPORT_NETWORK_EVENT|monitor::REPORT_SLARDAR_WEB|monitor::REPORT_CPU_PROFILE|monitor::REPORT_SNAPSHOT|monitor::REPORT_CUSTOM_EXCEPTION, event_list is 
[7116:6016:0621/002006.877:INFO:aha\components\towel\common\static_routing_ap.cc:181] [TOWEL][StaticRoutingAP::RunPendingRequestAndEvents] provider_name= monitor
[7116:6016:0621/002006.877:INFO:aha\components\towel\common\ap_impl.cc:530] [TOWEL][APImpl::OnGetProviderMetaInfo]: RoutingId(7116, 1578995633) provider monitor
[7116:6016:0621/002006.877:INFO:aha\components\towel\common\ap_impl.cc:540] [TOWEL][APImpl::OnGetProviderMetaInfo] update meta info for monitor method_list is monitor::MONITOR_EVENT|monitor::UPLOAD_LOGS|monitor::TOGGLE_LOGIFIER|monitor::REPORT_NETWORK_EVENT|monitor::REPORT_SLARDAR_WEB|monitor::REPORT_CPU_PROFILE|monitor::REPORT_SNAPSHOT|monitor::REPORT_CUSTOM_EXCEPTION, event_list is 
[7116:6016:0621/002006.877:INFO:aha\components\towel\common\static_routing_ap.cc:181] [TOWEL][StaticRoutingAP::RunPendingRequestAndEvents] provider_name= monitor
[19376:19380:0621/002006.877:INFO:aha\components\towel\common\ap_impl.cc:530] [TOWEL][APImpl::OnGetProviderMetaInfo]: RoutingId(7116, 1914257655) provider monitor
[19376:19380:0621/002006.877:INFO:aha\components\towel\common\ap_impl.cc:540] [TOWEL][APImpl::OnGetProviderMetaInfo] update meta info for monitor method_list is monitor::MONITOR_EVENT|monitor::UPLOAD_LOGS|monitor::TOGGLE_LOGIFIER|monitor::REPORT_NETWORK_EVENT|monitor::REPORT_SLARDAR_WEB|monitor::REPORT_CPU_PROFILE|monitor::REPORT_SNAPSHOT|monitor::REPORT_CUSTOM_EXCEPTION, event_list is 
[19376:19380:0621/002006.877:INFO:aha\components\towel\common\static_routing_ap.cc:181] [TOWEL][StaticRoutingAP::RunPendingRequestAndEvents] provider_name= monitor
[19376:19380:0621/002006.877:INFO:aha\components\towel\common\ap_impl.cc:530] [TOWEL][APImpl::OnGetProviderMetaInfo]: RoutingId(7116, 2122083188) provider monitor
[19376:19380:0621/002006.877:INFO:aha\components\towel\common\ap_impl.cc:540] [TOWEL][APImpl::OnGetProviderMetaInfo] update meta info for monitor method_list is monitor::MONITOR_EVENT|monitor::UPLOAD_LOGS|monitor::TOGGLE_LOGIFIER|monitor::REPORT_NETWORK_EVENT|monitor::REPORT_SLARDAR_WEB|monitor::REPORT_CPU_PROFILE|monitor::REPORT_SNAPSHOT|monitor::REPORT_CUSTOM_EXCEPTION, event_list is 
[19376:19380:0621/002006.877:INFO:aha\components\towel\common\static_routing_ap.cc:181] [TOWEL][StaticRoutingAP::RunPendingRequestAndEvents] provider_name= monitor
[19468:19472:0621/002006.877:INFO:aha\components\towel\common\ap_impl.cc:520] [TOWEL][APImpl::OnGetAllProviders] add provider trae-cn-config-channel
[19468:19472:0621/002006.877:INFO:aha\components\towel\common\static_routing_ap.cc:181] [TOWEL][StaticRoutingAP::RunPendingRequestAndEvents] provider_name= AhaNet
[19468:19472:0621/002006.877:INFO:aha\components\towel\common\static_routing_ap.cc:195] [TOWEL][StaticRoutingAP::RunPendingEvents] run pending events, event_list is AhaNet::TNCConfigUpdated,AhaNet::NetReport,AhaNet::RTTAndThroughput,AhaNet::NetworkQualityType,AhaNet::PacketLostStats
[7116:6016:0621/002006.877:INFO:aha\components\towel\common\master_impl.cc:78] [TOWEL][MasterImpl::BindAP] success for 24699585
[19468:19472:0621/002006.881:INFO:aha\components\towel\common\static_routing_ap.cc:181] [TOWEL][StaticRoutingAP::RunPendingRequestAndEvents] provider_name= BlockDetectorProvider
[19468:19472:0621/002006.881:INFO:aha\components\towel\common\static_routing_ap.cc:181] [TOWEL][StaticRoutingAP::RunPendingRequestAndEvents] provider_name= ai
[19468:19472:0621/002006.881:INFO:aha\components\towel\common\static_routing_ap.cc:181] [TOWEL][StaticRoutingAP::RunPendingRequestAndEvents] provider_name= ai-agent
[19468:19472:0621/002006.881:INFO:aha\components\towel\common\static_routing_ap.cc:181] [TOWEL][StaticRoutingAP::RunPendingRequestAndEvents] provider_name= trae-cn-config-channel
[19468:19472:0621/002006.881:INFO:aha\components\towel\common\ap_impl.cc:406] [TOWEL][APImpl::OnProviderAdded] provider_name ckg, RoutingId(7116, 24699585)
[19468:19472:0621/002006.881:INFO:aha\components\towel\common\static_routing_ap.cc:181] [TOWEL][StaticRoutingAP::RunPendingRequestAndEvents] provider_name= ckg
[19468:19472:0621/002006.881:INFO:aha\components\towel\common\ap_impl.cc:530] [TOWEL][APImpl::OnGetProviderMetaInfo]: RoutingId(7116, 24699585) provider AhaNet
[19468:19472:0621/002006.881:INFO:aha\components\towel\common\ap_impl.cc:540] [TOWEL][APImpl::OnGetProviderMetaInfo] update meta info for AhaNet method_list is AhaNet::UpdateAhaNetAccessPolicy|AhaNet::UpdateTNCConfig|AhaNet::SetProxy|AhaNet::WsCreate|AhaNet::WsConnect|AhaNet::WsSend|AhaNet::WsDisconnect|AhaNet::WsDestroy, event_list is AhaNet::WsMessage|AhaNet::WsStatusChanged|AhaNet::WsError|AhaNet::TNCConfigUpdated|AhaNet::NetReport|AhaNet::RTTAndThroughput|AhaNet::NetworkQualityType|AhaNet::PacketLostStats
[19468:19472:0621/002006.881:INFO:aha\components\towel\common\static_routing_ap.cc:181] [TOWEL][StaticRoutingAP::RunPendingRequestAndEvents] provider_name= AhaNet
[19468:19472:0621/002006.881:INFO:aha\components\towel\common\ap_impl.cc:511] [TOWEL][APImpl::OnGetAllProviders]: RoutingId(7116, 261962117) provider size 7
[19468:19472:0621/002006.881:INFO:aha\components\towel\common\ap_impl.cc:520] [TOWEL][APImpl::OnGetAllProviders] add provider AhaNet
[19468:19472:0621/002006.881:INFO:aha\components\towel\common\ap_impl.cc:520] [TOWEL][APImpl::OnGetAllProviders] add provider BlockDetectorProvider
[19468:19472:0621/002006.881:INFO:aha\components\towel\common\ap_impl.cc:520] [TOWEL][APImpl::OnGetAllProviders] add provider ai
[19468:19472:0621/002006.881:INFO:aha\components\towel\common\ap_impl.cc:520] [TOWEL][APImpl::OnGetAllProviders] add provider ai-agent
[19376:19380:0621/002006.882:INFO:aha\components\towel\public\provider.cc:196] [TOWEL][Provider::GetMetaInfo] provider ai, method_size is 1 method_list is ai::SEND
[19376:19380:0621/002006.882:INFO:aha\components\towel\public\provider.cc:196] [TOWEL][Provider::GetMetaInfo] provider ai-agent, method_size is 1 method_list is ai-agent::SEND
[19468:19472:0621/002006.882:INFO:aha\components\towel\common\ap_impl.cc:520] [TOWEL][APImpl::OnGetAllProviders] add provider ckg
[19468:19472:0621/002006.882:INFO:aha\components\towel\common\ap_impl.cc:520] [TOWEL][APImpl::OnGetAllProviders] add provider monitor
[19468:19472:0621/002006.882:INFO:aha\components\towel\common\ap_impl.cc:520] [TOWEL][APImpl::OnGetAllProviders] add provider trae-cn-config-channel
[19468:19472:0621/002006.882:INFO:aha\components\towel\common\static_routing_ap.cc:181] [TOWEL][StaticRoutingAP::RunPendingRequestAndEvents] provider_name= AhaNet
[19468:19472:0621/002006.882:INFO:aha\components\towel\common\static_routing_ap.cc:195] [TOWEL][StaticRoutingAP::RunPendingEvents] run pending events, event_list is AhaNet::WsMessage,AhaNet::WsStatusChanged,AhaNet::WsError
[7116:6016:0621/002006.882:INFO:aha\components\towel\public\provider.cc:196] [TOWEL][Provider::GetMetaInfo] provider BlockDetectorProvider, method_size is 1 method_list is BlockDetector::HEART_BEAT
[19468:19472:0621/002006.882:INFO:aha\components\towel\common\static_routing_ap.cc:181] [TOWEL][StaticRoutingAP::RunPendingRequestAndEvents] provider_name= BlockDetectorProvider
[19468:19472:0621/002006.882:INFO:aha\components\towel\common\static_routing_ap.cc:181] [TOWEL][StaticRoutingAP::RunPendingRequestAndEvents] provider_name= ai
[19468:19472:0621/002006.882:INFO:aha\components\towel\common\static_routing_ap.cc:181] [TOWEL][StaticRoutingAP::RunPendingRequestAndEvents] provider_name= ai-agent
[19468:19472:0621/002006.882:INFO:aha\components\towel\common\static_routing_ap.cc:181] [TOWEL][StaticRoutingAP::RunPendingRequestAndEvents] provider_name= ckg
[19468:19472:0621/002006.882:INFO:aha\components\towel\common\static_routing_ap.cc:181] [TOWEL][StaticRoutingAP::RunPendingRequestAndEvents] provider_name= monitor
[19468:19472:0621/002006.882:INFO:aha\components\towel\common\static_routing_ap.cc:181] [TOWEL][StaticRoutingAP::RunPendingRequestAndEvents] provider_name= trae-cn-config-channel
[19468:19472:0621/002006.882:INFO:aha\components\towel\common\ap_impl.cc:530] [TOWEL][APImpl::OnGetProviderMetaInfo]: RoutingId(7116, 24699585) provider BlockDetectorProvider
[19468:19472:0621/002006.882:INFO:aha\components\towel\common\ap_impl.cc:540] [TOWEL][APImpl::OnGetProviderMetaInfo] update meta info for BlockDetectorProvider method_list is BlockDetector::HEART_BEAT, event_list is 
[19468:19472:0621/002006.882:INFO:aha\components\towel\common\static_routing_ap.cc:181] [TOWEL][StaticRoutingAP::RunPendingRequestAndEvents] provider_name= BlockDetectorProvider
[19468:19472:0621/002006.882:INFO:aha\components\towel\common\ap_impl.cc:530] [TOWEL][APImpl::OnGetProviderMetaInfo]: RoutingId(7116, 24699585) provider ai
[19468:19472:0621/002006.882:INFO:aha\components\towel\common\ap_impl.cc:540] [TOWEL][APImpl::OnGetProviderMetaInfo] update meta info for ai method_list is ai::SEND, event_list is ai::PUSH_PACKET
[19468:19472:0621/002006.882:INFO:aha\components\towel\common\static_routing_ap.cc:181] [TOWEL][StaticRoutingAP::RunPendingRequestAndEvents] provider_name= ai
[19468:19472:0621/002006.882:INFO:aha\components\towel\common\ap_impl.cc:530] [TOWEL][APImpl::OnGetProviderMetaInfo]: RoutingId(7116, 24699585) provider ai-agent
[7116:6016:0621/002006.882:INFO:aha\components\towel\public\provider.cc:196] [TOWEL][Provider::GetMetaInfo] provider trae-cn-config-channel, method_size is 1 method_list is trae-cn-config-channel::SEND
[7116:6016:0621/002006.882:INFO:aha\components\towel\common\master_impl.cc:78] [TOWEL][MasterImpl::BindAP] success for 261962117
[17928:17932:0621/002006.882:INFO:aha\components\towel\public\provider.cc:196] [TOWEL][Provider::GetMetaInfo] provider monitor, method_size is 8 method_list is monitor::MONITOR_EVENT|monitor::UPLOAD_LOGS|monitor::TOGGLE_LOGIFIER|monitor::REPORT_NETWORK_EVENT|monitor::REPORT_SLARDAR_WEB|monitor::REPORT_CPU_PROFILE|monitor::REPORT_SNAPSHOT|monitor::REPORT_CUSTOM_EXCEPTION
[19468:19472:0621/002006.882:INFO:aha\components\towel\common\ap_impl.cc:540] [TOWEL][APImpl::OnGetProviderMetaInfo] update meta info for ai-agent method_list is ai-agent::SEND, event_list is ai-agent::PUSH_PACKET
[19468:19472:0621/002006.883:INFO:aha\components\towel\common\static_routing_ap.cc:181] [TOWEL][StaticRoutingAP::RunPendingRequestAndEvents] provider_name= ai-agent
[19468:19472:0621/002006.883:INFO:aha\components\towel\common\ap_impl.cc:530] [TOWEL][APImpl::OnGetProviderMetaInfo]: RoutingId(7116, 24699585) provider trae-cn-config-channel
[19468:19472:0621/002006.883:INFO:aha\components\towel\common\ap_impl.cc:540] [TOWEL][APImpl::OnGetProviderMetaInfo] update meta info for trae-cn-config-channel method_list is trae-cn-config-channel::SEND, event_list is trae-cn-config-channel::PUSH_PACKET
[19468:19472:0621/002006.883:INFO:aha\components\towel\common\static_routing_ap.cc:181] [TOWEL][StaticRoutingAP::RunPendingRequestAndEvents] provider_name= trae-cn-config-channel
[19468:19472:0621/002006.883:INFO:aha\components\towel\common\ap_impl.cc:530] [TOWEL][APImpl::OnGetProviderMetaInfo]: RoutingId(7116, 24699585) provider monitor
[19468:19472:0621/002006.883:INFO:aha\components\towel\common\ap_impl.cc:540] [TOWEL][APImpl::OnGetProviderMetaInfo] update meta info for monitor method_list is monitor::MONITOR_EVENT|monitor::UPLOAD_LOGS|monitor::TOGGLE_LOGIFIER|monitor::REPORT_NETWORK_EVENT|monitor::REPORT_SLARDAR_WEB|monitor::REPORT_CPU_PROFILE|monitor::REPORT_SNAPSHOT|monitor::REPORT_CUSTOM_EXCEPTION, event_list is 
[19468:19472:0621/002006.883:INFO:aha\components\towel\common\static_routing_ap.cc:181] [TOWEL][StaticRoutingAP::RunPendingRequestAndEvents] provider_name= monitor
[19468:19472:0621/002006.883:INFO:aha\components\towel\public\provider.cc:196] [TOWEL][Provider::GetMetaInfo] provider ckg, method_size is 1 method_list is ckg::SEND
[19468:19472:0621/002006.883:INFO:aha\components\towel\public\provider.cc:196] [TOWEL][Provider::GetMetaInfo] provider ckg, method_size is 1 method_list is ckg::SEND
[19468:19472:0621/002006.883:INFO:aha\components\towel\public\provider.cc:196] [TOWEL][Provider::GetMetaInfo] provider ckg, method_size is 1 method_list is ckg::SEND
[19468:19472:0621/002006.883:INFO:aha\components\towel\public\provider.cc:196] [TOWEL][Provider::GetMetaInfo] provider ckg, method_size is 1 method_list is ckg::SEND
[19468:19472:0621/002006.883:INFO:aha\components\towel\public\provider.cc:196] [TOWEL][Provider::GetMetaInfo] provider ckg, method_size is 1 method_list is ckg::SEND
[7116:6016:0621/002006.884:INFO:aha\components\towel\common\ap_impl.cc:530] [TOWEL][APImpl::OnGetProviderMetaInfo]: RoutingId(7116, 341743295) provider ckg
[19376:19380:0621/002006.884:INFO:aha\components\towel\common\ap_impl.cc:530] [TOWEL][APImpl::OnGetProviderMetaInfo]: RoutingId(7116, 1445795129) provider ckg
[19468:19472:0621/002006.884:INFO:aha\components\towel\public\provider.cc:196] [TOWEL][Provider::GetMetaInfo] provider ckg, method_size is 1 method_list is ckg::SEND
[7116:6016:0621/002006.884:INFO:aha\components\towel\common\ap_impl.cc:540] [TOWEL][APImpl::OnGetProviderMetaInfo] update meta info for ckg method_list is ckg::SEND, event_list is ckg::PUSH_PACKET
[19376:19380:0621/002006.884:INFO:aha\components\towel\common\ap_impl.cc:540] [TOWEL][APImpl::OnGetProviderMetaInfo] update meta info for ckg method_list is ckg::SEND, event_list is ckg::PUSH_PACKET
[7116:6016:0621/002006.884:INFO:aha\components\towel\common\static_routing_ap.cc:181] [TOWEL][StaticRoutingAP::RunPendingRequestAndEvents] provider_name= ckg
[19376:19380:0621/002006.884:INFO:aha\components\towel\common\static_routing_ap.cc:181] [TOWEL][StaticRoutingAP::RunPendingRequestAndEvents] provider_name= ckg
[19468:19472:0621/002006.884:INFO:aha\components\towel\public\provider.cc:196] [TOWEL][Provider::GetMetaInfo] provider ckg, method_size is 1 method_list is ckg::SEND
[7116:6016:0621/002006.884:INFO:aha\components\towel\common\ap_impl.cc:530] [TOWEL][APImpl::OnGetProviderMetaInfo]: RoutingId(7116, 1336779637) provider ckg
[7116:6016:0621/002006.884:INFO:aha\components\towel\common\ap_impl.cc:540] [TOWEL][APImpl::OnGetProviderMetaInfo] update meta info for ckg method_list is ckg::SEND, event_list is ckg::PUSH_PACKET
[7116:6016:0621/002006.884:INFO:aha\components\towel\common\static_routing_ap.cc:181] [TOWEL][StaticRoutingAP::RunPendingRequestAndEvents] provider_name= ckg
[19468:19472:0621/002006.884:INFO:aha\components\towel\public\provider.cc:196] [TOWEL][Provider::GetMetaInfo] provider ckg, method_size is 1 method_list is ckg::SEND
[19376:19380:0621/002006.884:INFO:aha\components\towel\common\ap_impl.cc:530] [TOWEL][APImpl::OnGetProviderMetaInfo]: RoutingId(7116, 1914257655) provider ckg
[7116:6016:0621/002006.884:INFO:aha\components\towel\common\ap_impl.cc:530] [TOWEL][APImpl::OnGetProviderMetaInfo]: RoutingId(7116, 1578995633) provider ckg
[19376:19380:0621/002006.884:INFO:aha\components\towel\common\ap_impl.cc:540] [TOWEL][APImpl::OnGetProviderMetaInfo] update meta info for ckg method_list is ckg::SEND, event_list is ckg::PUSH_PACKET
[7116:6016:0621/002006.884:INFO:aha\components\towel\common\ap_impl.cc:540] [TOWEL][APImpl::OnGetProviderMetaInfo] update meta info for ckg method_list is ckg::SEND, event_list is ckg::PUSH_PACKET
[19376:19380:0621/002006.884:INFO:aha\components\towel\common\static_routing_ap.cc:181] [TOWEL][StaticRoutingAP::RunPendingRequestAndEvents] provider_name= ckg
[7116:6016:0621/002006.884:INFO:aha\components\towel\common\static_routing_ap.cc:181] [TOWEL][StaticRoutingAP::RunPendingRequestAndEvents] provider_name= ckg
[19376:19380:0621/002006.884:INFO:aha\components\towel\common\ap_impl.cc:530] [TOWEL][APImpl::OnGetProviderMetaInfo]: RoutingId(7116, 2122083188) provider ckg
[19376:19380:0621/002006.884:INFO:aha\components\towel\common\ap_impl.cc:540] [TOWEL][APImpl::OnGetProviderMetaInfo] update meta info for ckg method_list is ckg::SEND, event_list is ckg::PUSH_PACKET
[19376:19380:0621/002006.884:INFO:aha\components\towel\common\static_routing_ap.cc:181] [TOWEL][StaticRoutingAP::RunPendingRequestAndEvents] provider_name= ckg
[19468:19472:0621/002006.884:INFO:aha\components\towel\common\ap_impl.cc:530] [TOWEL][APImpl::OnGetProviderMetaInfo]: RoutingId(7116, 261962117) provider AhaNet
[19468:19472:0621/002006.885:INFO:aha\components\towel\common\ap_impl.cc:540] [TOWEL][APImpl::OnGetProviderMetaInfo] update meta info for AhaNet method_list is AhaNet::UpdateAhaNetAccessPolicy|AhaNet::UpdateTNCConfig|AhaNet::SetProxy|AhaNet::WsCreate|AhaNet::WsConnect|AhaNet::WsSend|AhaNet::WsDisconnect|AhaNet::WsDestroy, event_list is AhaNet::WsMessage|AhaNet::WsStatusChanged|AhaNet::WsError|AhaNet::TNCConfigUpdated|AhaNet::NetReport|AhaNet::RTTAndThroughput|AhaNet::NetworkQualityType|AhaNet::PacketLostStats
[19468:19472:0621/002006.885:INFO:aha\components\towel\common\static_routing_ap.cc:181] [TOWEL][StaticRoutingAP::RunPendingRequestAndEvents] provider_name= AhaNet
[19468:19472:0621/002006.885:INFO:aha\components\towel\common\ap_impl.cc:530] [TOWEL][APImpl::OnGetProviderMetaInfo]: RoutingId(7116, 261962117) provider ai
[19468:19472:0621/002006.885:INFO:aha\components\towel\common\ap_impl.cc:540] [TOWEL][APImpl::OnGetProviderMetaInfo] update meta info for ai method_list is ai::SEND, event_list is ai::PUSH_PACKET
[19468:19472:0621/002006.885:INFO:aha\components\towel\common\static_routing_ap.cc:181] [TOWEL][StaticRoutingAP::RunPendingRequestAndEvents] provider_name= ai
[19468:19472:0621/002006.885:INFO:aha\components\towel\common\ap_impl.cc:530] [TOWEL][APImpl::OnGetProviderMetaInfo]: RoutingId(7116, 261962117) provider ai-agent
[19468:19472:0621/002006.885:INFO:aha\components\towel\common\ap_impl.cc:540] [TOWEL][APImpl::OnGetProviderMetaInfo] update meta info for ai-agent method_list is ai-agent::SEND, event_list is ai-agent::PUSH_PACKET
[19468:19472:0621/002006.885:INFO:aha\components\towel\common\static_routing_ap.cc:181] [TOWEL][StaticRoutingAP::RunPendingRequestAndEvents] provider_name= ai-agent
[19468:19472:0621/002006.885:INFO:aha\components\towel\public\provider.cc:196] [TOWEL][Provider::GetMetaInfo] provider ckg, method_size is 1 method_list is ckg::SEND
[19468:19472:0621/002006.885:INFO:aha\components\towel\common\ap_impl.cc:530] [TOWEL][APImpl::OnGetProviderMetaInfo]: RoutingId(7116, 261962117) provider BlockDetectorProvider
[19468:19472:0621/002006.885:INFO:aha\components\towel\common\ap_impl.cc:540] [TOWEL][APImpl::OnGetProviderMetaInfo] update meta info for BlockDetectorProvider method_list is BlockDetector::HEART_BEAT, event_list is 
[19468:19472:0621/002006.885:INFO:aha\components\towel\common\static_routing_ap.cc:181] [TOWEL][StaticRoutingAP::RunPendingRequestAndEvents] provider_name= BlockDetectorProvider
[19468:19472:0621/002006.885:INFO:aha\components\towel\common\ap_impl.cc:530] [TOWEL][APImpl::OnGetProviderMetaInfo]: RoutingId(7116, 261962117) provider trae-cn-config-channel
[19468:19472:0621/002006.885:INFO:aha\components\towel\common\ap_impl.cc:540] [TOWEL][APImpl::OnGetProviderMetaInfo] update meta info for trae-cn-config-channel method_list is trae-cn-config-channel::SEND, event_list is trae-cn-config-channel::PUSH_PACKET
[19468:19472:0621/002006.885:INFO:aha\components\towel\common\static_routing_ap.cc:181] [TOWEL][StaticRoutingAP::RunPendingRequestAndEvents] provider_name= trae-cn-config-channel
[19468:19472:0621/002006.885:INFO:aha\components\towel\common\ap_impl.cc:530] [TOWEL][APImpl::OnGetProviderMetaInfo]: RoutingId(7116, 261962117) provider monitor
[19468:19472:0621/002006.885:INFO:aha\components\towel\common\ap_impl.cc:540] [TOWEL][APImpl::OnGetProviderMetaInfo] update meta info for monitor method_list is monitor::MONITOR_EVENT|monitor::UPLOAD_LOGS|monitor::TOGGLE_LOGIFIER|monitor::REPORT_NETWORK_EVENT|monitor::REPORT_SLARDAR_WEB|monitor::REPORT_CPU_PROFILE|monitor::REPORT_SNAPSHOT|monitor::REPORT_CUSTOM_EXCEPTION, event_list is 
[19468:19472:0621/002006.885:INFO:aha\components\towel\common\static_routing_ap.cc:181] [TOWEL][StaticRoutingAP::RunPendingRequestAndEvents] provider_name= monitor
[19468:19472:0621/002006.885:INFO:aha\components\towel\common\ap_impl.cc:530] [TOWEL][APImpl::OnGetProviderMetaInfo]: RoutingId(7116, 24699585) provider ckg
[19468:19472:0621/002006.885:INFO:aha\components\towel\common\ap_impl.cc:540] [TOWEL][APImpl::OnGetProviderMetaInfo] update meta info for ckg method_list is ckg::SEND, event_list is ckg::PUSH_PACKET
[19468:19472:0621/002006.885:INFO:aha\components\towel\common\static_routing_ap.cc:181] [TOWEL][StaticRoutingAP::RunPendingRequestAndEvents] provider_name= ckg
[19468:19472:0621/002006.885:INFO:aha\components\towel\common\ap_impl.cc:530] [TOWEL][APImpl::OnGetProviderMetaInfo]: RoutingId(7116, 261962117) provider ckg
[19468:19472:0621/002006.885:INFO:aha\components\towel\common\ap_impl.cc:540] [TOWEL][APImpl::OnGetProviderMetaInfo] update meta info for ckg method_list is ckg::SEND, event_list is ckg::PUSH_PACKET
[19468:19472:0621/002006.885:INFO:aha\components\towel\common\static_routing_ap.cc:181] [TOWEL][StaticRoutingAP::RunPendingRequestAndEvents] provider_name= ckg
[7116:6016:0621/002006.921:INFO:aha\components\towel\common\static_routing_ap.cc:244] [TOWEL]run timeout checker
[7116:6016:0621/002006.921:INFO:aha\components\towel\common\static_routing_ap.cc:251] [TOWEL][StaticRoutingAP] found request timeout
[7116:6016:0621/002006.921:INFO:aha\components\towel\common\static_routing_ap.cc:251] [TOWEL][StaticRoutingAP] found request timeout
[7116:6016:0621/002006.921:INFO:aha\components\ipc\ipc_client.cc:166] [AhaIpc] request timeout, channel_id=e7024974-6b7c-4828-a533-6afb54e0999a
[7116:6016:0621/002006.921:WARNING:aha\electron\shell\common\ipc\electron_api_aha_ipc.cc:87] [AhaIpc] on send timeout, channel_id: e7024974-6b7c-4828-a533-6afb54e0999a
[7116:6016:0621/002006.921:INFO:aha\components\towel\common\static_routing_ap.cc:267] [TOWEL]stop timeout checker
[17928:21496:0621/002007.114:INFO:aha\components\logifier\logifier_worker.cc:158] [LogifierWorker] logifier_new success. base_url=https://api.trae.com.cn, app_id=787976, log_path=C:\Users\79368\AppData\Local\Temp\trae-cn-profile-9346-14076\logs
[17928:21496:0621/002007.114:INFO:aha\components\logifier\logifier_worker.cc:109] [LogifierWorker] Initialization successful.
[17928:21496:0621/002007.114:INFO:aha\components\logifier\logifier_worker.cc:257] [LogifierWorker] Start poll deferred: empty device_id.
[17928:21496:0621/002007.114:INFO:aha\components\logifier\logifier_worker.cc:167] [LogifierWorker] user_info updated. old={user_id=, device_id=}, new={user_id=, device_id=1800321390968515}
[17928:21496:0621/002007.114:INFO:aha\components\logifier\logifier_worker.cc:219] [LogifierWorker] Poll thread started.
[17928:21496:0621/002007.114:INFO:aha\components\logifier\logifier_worker.cc:276] [LogifierWorker] Poll start requested. device_id=1800321390968515, log_path=C:\Users\79368\AppData\Local\Temp\trae-cn-profile-9346-14076\logs, generation=1
[17928:21496:0621/002007.114:INFO:aha\components\logifier\logifier_worker.cc:167] [LogifierWorker] user_info updated. old={user_id=, device_id=1800321390968515}, new={user_id=1554025451100144, device_id=1800321390968515}
[7116:6016:0621/002007.116:INFO:aha\electron\shell\browser\api\electron_api_aha_reporter.cc:693] electron::api::AhaReporter::setPerfContextForProcess isSingletonCueServer true

[7116:6016:0621/002007.116:INFO:aha\components\perf\perf_custom_param_manager.cc:25] Add custom category param isSingletonCueServer = true
 for process 20104
[7116:6016:0621/002007.116:INFO:aha\components\report_context\report_context_process_host.cc:175] [ReportContext] virtual aha::ReportContextProcessHost::BrowserChildProcessLaunchedAndConnected, type=6 pid=20104 name=node.mojom.NodeService unique_id=7
[7116:6016:0621/002007.116:INFO:aha\components\report_context\report_context_process_host.cc:198] [ReportContext] aha::ReportContextProcessHost::BindAndSyncChildProcess, binding Mojo remote for child process pid=20104 unique_id=7
[7116:6016:0621/002007.116:INFO:aha\components\report_context\report_context_process_host.cc:217] [ReportContext] aha::ReportContextProcessHost::BindAndSyncChildProcess, successfully bound, total_entries=6 pid=20104
[7116:6016:0621/002007.116:INFO:aha\components\report_context\report_context_process_host.cc:254] [ReportContext] aha::ReportContextProcessHost::SyncExistingContext, pid=20104 crash_keys_count=0
[7116:6016:0621/002007.116:INFO:aha\components\report_context\report_context_process_host.cc:264] [ReportContext] aha::ReportContextProcessHost::SyncExistingContext, pid=20104 common_keys_count=0
[7116:6016:0621/002007.116:INFO:aha\components\process_observer\aha_process_observer.cc:45] [process observer][process launched] type is:ai-server, pid is:20104
[7116:6016:0621/002007.116:INFO:aha\components\perf\perf_manager_base.cc:452] [perf manager][function = AddProcess] add process:20104
[7116:6016:0621/002007.116:INFO:aha\components\perf\collector\perf_collector_base.cc:29] [perf collector][function=ShouldCollectProcess] AddProcess pid:20104 cmd:"D:\Trae CN\Trae CN.exe" --type=utility --utility-sub-type=node.mojom.NodeService --lang=zh-CN --service-sandbox-type=none --vscode-crash-reporter-process-type=ai-server --user-data-dir="C:\Users\79368\AppData\Local\Temp\trae-cn-profile-9346-14076" --standard-schemes=vscode-webview,vscode-file,solo-remote-file --enable-sandbox --secure-schemes=vscode-webview,vscode-file,solo-remote-file --cors-schemes=vscode-webview,vscode-file,solo-remote-file --fetch-schemes=vscode-webview,vscode-file,solo-remote-file --service-worker-schemes=vscode-webview --code-cache-schemes=vscode-webview,vscode-file --field-trial-handle=3028,i,2830996505004751620,9860351495398714899,262144 --enable-features=DocumentPolicyIncludeJSCallStacksInCrashReports,EarlyEstablishGpuChannel,EnableTransparentHwndEnlargement,EstablishGpuChannelAsync,PdfUseShowSaveFilePicker --disable-features=CalculateNativeWinOcclusion,LocalNetworkAccessChecks,ScreenAIOCREnabled,SpareRendererForSitePerProcess,TraceSiteInstanceGetProcessCreation --variations-seed-version --trace-process-track-uuid=3190708992871164437 --enable-logging=handle --log-file=3776 --mojo-platform-channel-handle=3780 /prefetch:14
[7116:6016:0621/002007.116:INFO:aha\components\perf\collector\perf_collector_base.cc:29] [perf collector][function=ShouldCollectProcess] AddProcess pid:20104 cmd:"D:\Trae CN\Trae CN.exe" --type=utility --utility-sub-type=node.mojom.NodeService --lang=zh-CN --service-sandbox-type=none --vscode-crash-reporter-process-type=ai-server --user-data-dir="C:\Users\79368\AppData\Local\Temp\trae-cn-profile-9346-14076" --standard-schemes=vscode-webview,vscode-file,solo-remote-file --enable-sandbox --secure-schemes=vscode-webview,vscode-file,solo-remote-file --cors-schemes=vscode-webview,vscode-file,solo-remote-file --fetch-schemes=vscode-webview,vscode-file,solo-remote-file --service-worker-schemes=vscode-webview --code-cache-schemes=vscode-webview,vscode-file --field-trial-handle=3028,i,2830996505004751620,9860351495398714899,262144 --enable-features=DocumentPolicyIncludeJSCallStacksInCrashReports,EarlyEstablishGpuChannel,EnableTransparentHwndEnlargement,EstablishGpuChannelAsync,PdfUseShowSaveFilePicker --disable-features=CalculateNativeWinOcclusion,LocalNetworkAccessChecks,ScreenAIOCREnabled,SpareRendererForSitePerProcess,TraceSiteInstanceGetProcessCreation --variations-seed-version --trace-process-track-uuid=3190708992871164437 --enable-logging=handle --log-file=3776 --mojo-platform-channel-handle=3780 /prefetch:14
[7116:6016:0621/002007.116:INFO:aha\components\perf\collector\perf_collector_base.cc:29] [perf collector][function=ShouldCollectProcess] AddProcess pid:20104 cmd:"D:\Trae CN\Trae CN.exe" --type=utility --utility-sub-type=node.mojom.NodeService --lang=zh-CN --service-sandbox-type=none --vscode-crash-reporter-process-type=ai-server --user-data-dir="C:\Users\79368\AppData\Local\Temp\trae-cn-profile-9346-14076" --standard-schemes=vscode-webview,vscode-file,solo-remote-file --enable-sandbox --secure-schemes=vscode-webview,vscode-file,solo-remote-file --cors-schemes=vscode-webview,vscode-file,solo-remote-file --fetch-schemes=vscode-webview,vscode-file,solo-remote-file --service-worker-schemes=vscode-webview --code-cache-schemes=vscode-webview,vscode-file --field-trial-handle=3028,i,2830996505004751620,9860351495398714899,262144 --enable-features=DocumentPolicyIncludeJSCallStacksInCrashReports,EarlyEstablishGpuChannel,EnableTransparentHwndEnlargement,EstablishGpuChannelAsync,PdfUseShowSaveFilePicker --disable-features=CalculateNativeWinOcclusion,LocalNetworkAccessChecks,ScreenAIOCREnabled,SpareRendererForSitePerProcess,TraceSiteInstanceGetProcessCreation --variations-seed-version --trace-process-track-uuid=3190708992871164437 --enable-logging=handle --log-file=3776 --mojo-platform-channel-handle=3780 /prefetch:14
[17928:22380:0621/002007.116:INFO:aha\components\logifier\logifier_poll_worker.cc:51] [LogifierPollWorker] Polling start (blocking). device_id=1800321390968515, generation=1, log_paths=1
[7116:1876:0621/002007.131:INFO:aha\components\perf\process\process_type_provider.cc:119] [ProcessTypeProvider] aha::ProcessTypeProvider::AddProcessOnTaskRunner, pid 20104, type ai-server
[7116:6016:0621/002007.131:INFO:aha\components\report_context\report_context_process_host.cc:93] [ReportContext] virtual aha::ReportContextProcessHost::OnRenderProcessHostCreated, host_id=8
[7116:6016:0621/002007.131:INFO:aha\components\report_context\report_context_process_host.cc:128] [ReportContext] aha::ReportContextProcessHost::BindAndSyncRenderer, binding Mojo remote for Renderer, pid=22400 host_id=8
[7116:6016:0621/002007.132:INFO:aha\components\report_context\report_context_process_host.cc:142] [ReportContext] aha::ReportContextProcessHost::BindAndSyncRenderer, successfully bound, total_entries=7 pid=22400
[7116:6016:0621/002007.132:INFO:aha\components\report_context\report_context_process_host.cc:254] [ReportContext] aha::ReportContextProcessHost::SyncExistingContext, pid=22400 crash_keys_count=0
[7116:6016:0621/002007.132:INFO:aha\components\report_context\report_context_process_host.cc:264] [ReportContext] aha::ReportContextProcessHost::SyncExistingContext, pid=22400 common_keys_count=0
[7116:6016:0621/002007.132:INFO:aha\components\process_observer\aha_child_process_observer.cc:56] [process observer]RenderProcess Launched, type = renderer, category = -1
[7116:6016:0621/002007.132:INFO:aha\components\process_observer\aha_process_observer.cc:45] [process observer][process launched] type is:renderer, pid is:22400
[7116:6016:0621/002007.132:INFO:aha\components\perf\perf_manager_base.cc:452] [perf manager][function = AddProcess] add process:22400
[7116:6016:0621/002007.132:INFO:aha\components\perf\collector\perf_collector_base.cc:29] [perf collector][function=ShouldCollectProcess] AddProcess pid:22400 cmd:"D:\Trae CN\Trae CN.exe" --type=renderer --user-data-dir="C:\Users\79368\AppData\Local\Temp\trae-cn-profile-9346-14076" --standard-schemes=vscode-webview,vscode-file,solo-remote-file --enable-sandbox --secure-schemes=vscode-webview,vscode-file,solo-remote-file --cors-schemes=vscode-webview,vscode-file,solo-remote-file --fetch-schemes=vscode-webview,vscode-file,solo-remote-file --service-worker-schemes=vscode-webview --code-cache-schemes=vscode-webview,vscode-file --app-user-model-id=ByteDance.TraeCN --app-path="D:\Trae CN\resources\app" --enable-sandbox --enable-blink-features=HighlightAPI --remote-debugging-port=9346 --js-flags=--max-old-space-size=32522 --disable-blink-features=FontMatchingCTMigration,StandardizedBrowserZoom, --video-capture-use-gpu-memory-buffer --lang=zh-CN --device-scale-factor=1 --num-raster-threads=4 --enable-main-frame-before-activation --renderer-client-id=8 --time-ticks-at-unix-epoch=-1781967546275775 --launch-time-ticks=4860839949 --field-trial-handle=3028,i,2830996505004751620,9860351495398714899,262144 --enable-features=DocumentPolicyIncludeJSCallStacksInCrashReports,EarlyEstablishGpuChannel,EnableTransparentHwndEnlargement,EstablishGpuChannelAsync,PdfUseShowSaveFilePicker --disable-features=CalculateNativeWinOcclusion,LocalNetworkAccessChecks,ScreenAIOCREnabled,SpareRendererForSitePerProcess,TraceSiteInstanceGetProcessCreation --variations-seed-version --trace-process-track-uuid=3190708993808206286 --enable-logging=handle --log-file=3204 --mojo-platform-channel-handle=3848 --vscode-window-config=vscode:10eb0a79-c7b6-4edc-b049-f473748d3fea /prefetch:1
[7116:6016:0621/002007.132:INFO:aha\components\perf\collector\perf_collector_base.cc:29] [perf collector][function=ShouldCollectProcess] AddProcess pid:22400 cmd:"D:\Trae CN\Trae CN.exe" --type=renderer --user-data-dir="C:\Users\79368\AppData\Local\Temp\trae-cn-profile-9346-14076" --standard-schemes=vscode-webview,vscode-file,solo-remote-file --enable-sandbox --secure-schemes=vscode-webview,vscode-file,solo-remote-file --cors-schemes=vscode-webview,vscode-file,solo-remote-file --fetch-schemes=vscode-webview,vscode-file,solo-remote-file --service-worker-schemes=vscode-webview --code-cache-schemes=vscode-webview,vscode-file --app-user-model-id=ByteDance.TraeCN --app-path="D:\Trae CN\resources\app" --enable-sandbox --enable-blink-features=HighlightAPI --remote-debugging-port=9346 --js-flags=--max-old-space-size=32522 --disable-blink-features=FontMatchingCTMigration,StandardizedBrowserZoom, --video-capture-use-gpu-memory-buffer --lang=zh-CN --device-scale-factor=1 --num-raster-threads=4 --enable-main-frame-before-activation --renderer-client-id=8 --time-ticks-at-unix-epoch=-1781967546275775 --launch-time-ticks=4860839949 --field-trial-handle=3028,i,2830996505004751620,9860351495398714899,262144 --enable-features=DocumentPolicyIncludeJSCallStacksInCrashReports,EarlyEstablishGpuChannel,EnableTransparentHwndEnlargement,EstablishGpuChannelAsync,PdfUseShowSaveFilePicker --disable-features=CalculateNativeWinOcclusion,LocalNetworkAccessChecks,ScreenAIOCREnabled,SpareRendererForSitePerProcess,TraceSiteInstanceGetProcessCreation --variations-seed-version --trace-process-track-uuid=3190708993808206286 --enable-logging=handle --log-file=3204 --mojo-platform-channel-handle=3848 --vscode-window-config=vscode:10eb0a79-c7b6-4edc-b049-f473748d3fea /prefetch:1
[7116:6016:0621/002007.132:INFO:aha\components\perf\collector\perf_collector_base.cc:29] [perf collector][function=ShouldCollectProcess] AddProcess pid:22400 cmd:"D:\Trae CN\Trae CN.exe" --type=renderer --user-data-dir="C:\Users\79368\AppData\Local\Temp\trae-cn-profile-9346-14076" --standard-schemes=vscode-webview,vscode-file,solo-remote-file --enable-sandbox --secure-schemes=vscode-webview,vscode-file,solo-remote-file --cors-schemes=vscode-webview,vscode-file,solo-remote-file --fetch-schemes=vscode-webview,vscode-file,solo-remote-file --service-worker-schemes=vscode-webview --code-cache-schemes=vscode-webview,vscode-file --app-user-model-id=ByteDance.TraeCN --app-path="D:\Trae CN\resources\app" --enable-sandbox --enable-blink-features=HighlightAPI --remote-debugging-port=9346 --js-flags=--max-old-space-size=32522 --disable-blink-features=FontMatchingCTMigration,StandardizedBrowserZoom, --video-capture-use-gpu-memory-buffer --lang=zh-CN --device-scale-factor=1 --num-raster-threads=4 --enable-main-frame-before-activation --renderer-client-id=8 --time-ticks-at-unix-epoch=-1781967546275775 --launch-time-ticks=4860839949 --field-trial-handle=3028,i,2830996505004751620,9860351495398714899,262144 --enable-features=DocumentPolicyIncludeJSCallStacksInCrashReports,EarlyEstablishGpuChannel,EnableTransparentHwndEnlargement,EstablishGpuChannelAsync,PdfUseShowSaveFilePicker --disable-features=CalculateNativeWinOcclusion,LocalNetworkAccessChecks,ScreenAIOCREnabled,SpareRendererForSitePerProcess,TraceSiteInstanceGetProcessCreation --variations-seed-version --trace-process-track-uuid=3190708993808206286 --enable-logging=handle --log-file=3204 --mojo-platform-channel-handle=3848 --vscode-window-config=vscode:10eb0a79-c7b6-4edc-b049-f473748d3fea /prefetch:1
[7116:4548:0621/002007.133:INFO:aha\components\perf\process\process_type_provider.cc:119] [ProcessTypeProvider] aha::ProcessTypeProvider::AddProcessOnTaskRunner, pid 22400, type renderer
[20104:20108:0621/002007.225:INFO:electron\shell\app\electron_main_delegate.cc:618] #### AhaElectron (utility) node.mojom.NodeService Startup #### cmd: 
[20104:20108:0621/002007.226:INFO:aha\components\memory_system\memory_system_manager.cc:43] MemorySystemManager::InitializeMemorySystem. process_gwp_asan_enable_list: 
[20104:20108:0621/002007.226:INFO:aha\components\memory_system\memory_system_manager.cc:47] MemorySystemManager::InitializeMemorySystem. process: ai-server not enable for Gwp-Asan
[20104:20108:0621/002007.227:INFO:aha\components\towel\embedder\interface_binder.cc:17] [TOWEL]InterfaceBinder Intialized. ProcessType(4)
[22400:22404:0621/002007.331:INFO:electron\shell\app\electron_main_delegate.cc:618] #### AhaElectron (renderer)  Startup #### cmd: 
[22400:22404:0621/002007.332:INFO:aha\components\memory_system\memory_system_manager.cc:43] MemorySystemManager::InitializeMemorySystem. process_gwp_asan_enable_list: 
[22400:22404:0621/002007.332:INFO:aha\components\memory_system\memory_system_manager.cc:47] MemorySystemManager::InitializeMemorySystem. process: renderer not enable for Gwp-Asan
[22400:22404:0621/002007.335:INFO:content\renderer\render_thread_impl.cc:554] RenderThreadImpl::Init. enable early establish gpu channel, call EstablishGpuChannel
[22400:22404:0621/002007.341:INFO:third_party\blink\renderer\controller\blink_initializer.cc:330] SetPartitionAllocOomCallback
[22400:22404:0621/002007.341:INFO:aha\third_party\blink\renderer\controller\aha_jank_monitor_impl.cc:65] [renderer jank] AhaJankMonitorImpl set up!
[22400:22404:0621/002007.346:INFO:gin\isolate_holder.cc:169] rendererSetPartitionAllocOomCallback and RegisterIsolateHolder
[22400:22404:0621/002007.347:ERROR:electron\shell\renderer\renderer_client_base.cc:321] [Towel] init in render process
[22400:22404:0621/002007.347:INFO:aha\components\towel\embedder\interface_binder.cc:17] [TOWEL]InterfaceBinder Intialized. ProcessType(3)
[20104:20108:0621/002007.349:INFO:electron\shell\utility\electron_content_utility_client.cc:183] [ReportContext] electron::ElectronContentUtilityClient::ExposeInterfacesToBrowser(mojo::BinderMap *)::(anonymous class)::operator(), bound, creating ReportContextClientImpl
[22400:22404:0621/002007.352:INFO:content\renderer\render_thread_impl.cc:1795] page_load_metircs OnRenderProcessReady
[19468:20684:0621/002007.381:INFO:aha\components\basil\core\ipc\ipc_client_resource.cc:82] [AhaIpc] ffi::Connect, resource: 2
[19468:19472:0621/002007.395:INFO:aha\components\ipc\ipc_client.cc:13] [AhaIpc] set request_timeout_ms: 10000
[19468:19472:0621/002007.395:INFO:aha\components\towel\embedder\master_binder.cc:60] [TOWEL]BindMasterInAnyProcess, ProcessType(4)
[19468:19472:0621/002007.395:INFO:aha\components\towel\embedder\master_binder.cc:82] [TOWEL]BindMasterInAnyProcess, in main thread, bind.
[19468:19472:0621/002007.395:INFO:aha\components\towel\common\ap_impl.cc:26] [TOWEL][APImpl::APImpl] create ap, id is RoutingId(-1, 16055)
[19468:19472:0621/002007.395:INFO:aha\components\towel\common\ap_impl.cc:31] [TOWEL][APImpl] register to master, current id is RoutingId(-1, 16055)
[19468:19472:0621/002007.395:INFO:aha\components\basil\core\ipc\ipc_client_resource.cc:37] [AhaIpc] BindIpcSocket, target_server: trae-cn-config-channel, resource_id: 2
[19468:19472:0621/002007.395:INFO:aha\components\ipc\ipc_client.cc:36] [AhaIpc] create socket, server: trae-cn-config-channel, channel_id: 145f1028-ea24-41ed-9f81-ca02bc8350c0
[19468:19472:0621/002007.395:INFO:aha\components\ipc\ipc_client.cc:41] [AhaIpc] listen to server first time, server=trae-cn-config-channel
[19468:19472:0621/002007.395:WARNING:aha\components\towel\common\ap_impl.cc:220] [TOWEL][APImpl::ListensEvents] no provider for event trae-cn-config-channel::PUSH_PACKET
[19468:19472:0621/002007.395:INFO:aha\components\towel\common\ap_impl.cc:594] [TOWEL][APImpl::ListensEvents] start, RoutingId(-1, 16055)
[19468:19472:0621/002007.395:INFO:aha\components\towel\common\ap_impl.cc:596] [TOWEL][APImpl::ListensEvents] no pending_listen_requests_, do nothing
[19468:19472:0621/002007.395:INFO:aha\components\towel\common\static_routing_ap.cc:171] [TOWEL][StaticRoutingAP::TryAddPendingEvents] provider not ready, store event and wait. event trae-cn-config-channel::PUSH_PACKET
[19468:19472:0621/002007.395:INFO:aha\components\towel\common\static_routing_ap.cc:135] [TOWEL][StaticRoutingAP::TryAddPendingRequest] provider not ready, store request and wait. method trae-cn-config-channel::SEND
[19468:19472:0621/002007.395:INFO:aha\components\towel\common\static_routing_ap.cc:144] [TOWEL][StaticRoutingAP] start timeout checker
[19468:19472:0621/002007.395:INFO:aha\components\basil\core\ipc\ipc_client_resource.cc:151] [AhaIpc] Bind socket, resource: 2, channel_id: 145f1028-ea24-41ed-9f81-ca02bc8350c0
[19468:19472:0621/002007.395:INFO:aha\components\towel\common\static_routing_ap.cc:135] [TOWEL][StaticRoutingAP::TryAddPendingRequest] provider not ready, store request and wait. method trae-cn-config-channel::SEND
[7116:6016:0621/002007.400:INFO:content\browser\renderer_host\render_widget_host_view_aura.cc:590] blank paint: ShowImpl called, is_hidden=0, disable_hidden=0, visibility=2
[7116:6016:0621/002007.400:INFO:content\browser\renderer_host\render_widget_host_view_base.cc:890] blank paint: OnShowWithPageVisibility called, is_hidden=0, disable_hidden=0, web_contents_is_visible=1
[7116:6016:0621/002007.401:INFO:aha\components\page_load_metrics\observers\page_load_metrics_observer.cc:400] [page_load_metrics][traceId-] this:0x617c00470800, OnCommit: vscode-file://vscode-app/d:/Trae%20CN/resources/app/out/vs/code/electron-browser/workbench/workbench.html
[7116:6016:0621/002007.401:INFO:aha\components\page_load_metrics\observers\page_load_metrics_observer.cc:224] [page_load_metrics][traceId-] this:0x617c00470800, TryRegisterWidgetObserver: widget:0x617c00470b00, visible:1, minimized:0, web_contents_visible:1
[7116:6016:0621/002007.401:ERROR:electron\shell\browser\electron_browser_client.cc:1997] bind receiver for utility
[7116:6016:0621/002007.401:INFO:aha\components\towel\embedder\master_binder.cc:52] [TOWEL]BindMasterInBrowser, ProcessType(2)
[7116:6016:0621/002007.401:INFO:aha\components\towel\embedder\master_binder.cc:55] [TOWEL]BindMasterInBrowser, run in main thread, bind.
[7116:6016:0621/002007.401:INFO:aha\components\towel\common\master_impl.cc:39] [TOWEL][MasterImpl::AddAPWithId] add ap 2009954208
[7116:6016:0621/002007.401:INFO:aha\components\towel\common\master_impl.cc:55] [TOWEL][MasterImpl::AddAP] add ap 2009954208
[7116:6016:0621/002007.401:INFO:aha\components\towel\common\master_impl.cc:193] [TOWEL][MasterImpl::GetAllProviders] provider size is 7 given size is 7
[19468:19472:0621/002007.404:INFO:aha\components\towel\common\ap_impl.cc:416] [TOWEL][APImpl::OnAddToMaster] real_id is RoutingId(7116, 2009954208), fake_id is RoutingId(-1, 16055)
[19468:19472:0621/002007.404:INFO:aha\components\towel\common\ap_impl.cc:594] [TOWEL][APImpl::ListensEvents] start, RoutingId(7116, 2009954208)
[19468:19472:0621/002007.404:INFO:aha\components\towel\common\ap_impl.cc:596] [TOWEL][APImpl::ListensEvents] no pending_listen_requests_, do nothing
[19468:19472:0621/002007.404:INFO:aha\components\towel\common\ap_impl.cc:511] [TOWEL][APImpl::OnGetAllProviders]: RoutingId(7116, 2009954208) provider size 7
[19468:19472:0621/002007.404:INFO:aha\components\towel\common\ap_impl.cc:520] [TOWEL][APImpl::OnGetAllProviders] add provider AhaNet
[19468:19472:0621/002007.404:INFO:aha\components\towel\common\ap_impl.cc:520] [TOWEL][APImpl::OnGetAllProviders] add provider BlockDetectorProvider
[19468:19472:0621/002007.404:INFO:aha\components\towel\common\ap_impl.cc:520] [TOWEL][APImpl::OnGetAllProviders] add provider ai
[19376:19380:0621/002007.404:INFO:aha\components\towel\public\provider.cc:196] [TOWEL][Provider::GetMetaInfo] provider ai, method_size is 1 method_list is ai::SEND
[19468:19472:0621/002007.404:INFO:aha\components\towel\common\ap_impl.cc:520] [TOWEL][APImpl::OnGetAllProviders] add provider ai-agent
[19468:19472:0621/002007.404:INFO:aha\components\towel\common\ap_impl.cc:520] [TOWEL][APImpl::OnGetAllProviders] add provider ckg
[19468:19472:0621/002007.404:INFO:aha\components\towel\common\ap_impl.cc:520] [TOWEL][APImpl::OnGetAllProviders] add provider monitor
[19468:19472:0621/002007.404:INFO:aha\components\towel\common\ap_impl.cc:520] [TOWEL][APImpl::OnGetAllProviders] add provider trae-cn-config-channel
[19468:19472:0621/002007.404:INFO:aha\components\towel\common\static_routing_ap.cc:181] [TOWEL][StaticRoutingAP::RunPendingRequestAndEvents] provider_name= AhaNet
[7116:6016:0621/002007.404:INFO:aha\components\towel\public\provider.cc:196] [TOWEL][Provider::GetMetaInfo] provider BlockDetectorProvider, method_size is 1 method_list is BlockDetector::HEART_BEAT
[17928:17932:0621/002007.404:INFO:aha\components\towel\public\provider.cc:196] [TOWEL][Provider::GetMetaInfo] provider monitor, method_size is 8 method_list is monitor::MONITOR_EVENT|monitor::UPLOAD_LOGS|monitor::TOGGLE_LOGIFIER|monitor::REPORT_NETWORK_EVENT|monitor::REPORT_SLARDAR_WEB|monitor::REPORT_CPU_PROFILE|monitor::REPORT_SNAPSHOT|monitor::REPORT_CUSTOM_EXCEPTION
[19376:19380:0621/002007.412:INFO:aha\components\towel\public\provider.cc:196] [TOWEL][Provider::GetMetaInfo] provider ai-agent, method_size is 1 method_list is ai-agent::SEND
[19468:19472:0621/002007.404:INFO:aha\components\towel\common\static_routing_ap.cc:181] [TOWEL][StaticRoutingAP::RunPendingRequestAndEvents] provider_name= BlockDetectorProvider
[19468:19472:0621/002007.412:INFO:aha\components\towel\common\static_routing_ap.cc:181] [TOWEL][StaticRoutingAP::RunPendingRequestAndEvents] provider_name= ai
[19468:19472:0621/002007.412:INFO:aha\components\towel\common\static_routing_ap.cc:181] [TOWEL][StaticRoutingAP::RunPendingRequestAndEvents] provider_name= ai-agent
[19468:19472:0621/002007.412:INFO:aha\components\towel\common\static_routing_ap.cc:181] [TOWEL][StaticRoutingAP::RunPendingRequestAndEvents] provider_name= ckg
[19468:19472:0621/002007.412:INFO:aha\components\towel\common\static_routing_ap.cc:181] [TOWEL][StaticRoutingAP::RunPendingRequestAndEvents] provider_name= monitor
[19468:19472:0621/002007.412:INFO:aha\components\towel\common\static_routing_ap.cc:181] [TOWEL][StaticRoutingAP::RunPendingRequestAndEvents] provider_name= trae-cn-config-channel
[19468:19472:0621/002007.412:INFO:aha\components\towel\common\static_routing_ap.cc:195] [TOWEL][StaticRoutingAP::RunPendingEvents] run pending events, event_list is trae-cn-config-channel::PUSH_PACKET
[19468:19472:0621/002007.412:INFO:aha\components\towel\common\static_routing_ap.cc:217] [TOWEL][StaticRoutingAP::RunPendingRequestAndEvents] run pending requests, method= trae-cn-config-channel::SEND
[19468:19472:0621/002007.412:INFO:aha\components\towel\common\static_routing_ap.cc:217] [TOWEL][StaticRoutingAP::RunPendingRequestAndEvents] run pending requests, method= trae-cn-config-channel::SEND
[19468:19472:0621/002007.412:INFO:aha\components\towel\public\provider.cc:196] [TOWEL][Provider::GetMetaInfo] provider ckg, method_size is 1 method_list is ckg::SEND
[19468:19472:0621/002007.412:INFO:aha\components\towel\common\ap_impl.cc:530] [TOWEL][APImpl::OnGetProviderMetaInfo]: RoutingId(7116, 2009954208) provider AhaNet
[19468:19472:0621/002007.412:INFO:aha\components\towel\common\ap_impl.cc:540] [TOWEL][APImpl::OnGetProviderMetaInfo] update meta info for AhaNet method_list is AhaNet::UpdateAhaNetAccessPolicy|AhaNet::UpdateTNCConfig|AhaNet::SetProxy|AhaNet::WsCreate|AhaNet::WsConnect|AhaNet::WsSend|AhaNet::WsDisconnect|AhaNet::WsDestroy, event_list is AhaNet::WsMessage|AhaNet::WsStatusChanged|AhaNet::WsError|AhaNet::TNCConfigUpdated|AhaNet::NetReport|AhaNet::RTTAndThroughput|AhaNet::NetworkQualityType|AhaNet::PacketLostStats
[19468:19472:0621/002007.412:INFO:aha\components\towel\common\static_routing_ap.cc:181] [TOWEL][StaticRoutingAP::RunPendingRequestAndEvents] provider_name= AhaNet
[19468:19472:0621/002007.412:INFO:aha\components\towel\common\ap_impl.cc:530] [TOWEL][APImpl::OnGetProviderMetaInfo]: RoutingId(7116, 2009954208) provider ai
[19468:19472:0621/002007.412:INFO:aha\components\towel\common\ap_impl.cc:540] [TOWEL][APImpl::OnGetProviderMetaInfo] update meta info for ai method_list is ai::SEND, event_list is ai::PUSH_PACKET
[19468:19472:0621/002007.412:INFO:aha\components\towel\common\static_routing_ap.cc:181] [TOWEL][StaticRoutingAP::RunPendingRequestAndEvents] provider_name= ai
[19468:19472:0621/002007.412:INFO:aha\components\towel\common\ap_impl.cc:530] [TOWEL][APImpl::OnGetProviderMetaInfo]: RoutingId(7116, 2009954208) provider BlockDetectorProvider
[19468:19472:0621/002007.412:INFO:aha\components\towel\common\ap_impl.cc:540] [TOWEL][APImpl::OnGetProviderMetaInfo] update meta info for BlockDetectorProvider method_list is BlockDetector::HEART_BEAT, event_list is 
[19468:19472:0621/002007.412:INFO:aha\components\towel\common\static_routing_ap.cc:181] [TOWEL][StaticRoutingAP::RunPendingRequestAndEvents] provider_name= BlockDetectorProvider
[19468:19472:0621/002007.412:INFO:aha\components\towel\common\ap_impl.cc:530] [TOWEL][APImpl::OnGetProviderMetaInfo]: RoutingId(7116, 2009954208) provider monitor
[19468:19472:0621/002007.412:INFO:aha\components\towel\common\ap_impl.cc:540] [TOWEL][APImpl::OnGetProviderMetaInfo] update meta info for monitor method_list is monitor::MONITOR_EVENT|monitor::UPLOAD_LOGS|monitor::TOGGLE_LOGIFIER|monitor::REPORT_NETWORK_EVENT|monitor::REPORT_SLARDAR_WEB|monitor::REPORT_CPU_PROFILE|monitor::REPORT_SNAPSHOT|monitor::REPORT_CUSTOM_EXCEPTION, event_list is 
[19468:19472:0621/002007.412:INFO:aha\components\towel\common\static_routing_ap.cc:181] [TOWEL][StaticRoutingAP::RunPendingRequestAndEvents] provider_name= monitor
[19468:19472:0621/002007.412:INFO:aha\components\towel\common\ap_impl.cc:530] [TOWEL][APImpl::OnGetProviderMetaInfo]: RoutingId(7116, 2009954208) provider ai-agent
[19468:19472:0621/002007.412:INFO:aha\components\towel\common\ap_impl.cc:540] [TOWEL][APImpl::OnGetProviderMetaInfo] update meta info for ai-agent method_list is ai-agent::SEND, event_list is ai-agent::PUSH_PACKET
[19468:19472:0621/002007.412:INFO:aha\components\towel\common\static_routing_ap.cc:181] [TOWEL][StaticRoutingAP::RunPendingRequestAndEvents] provider_name= ai-agent
[19468:19472:0621/002007.412:INFO:aha\components\towel\common\ap_impl.cc:530] [TOWEL][APImpl::OnGetProviderMetaInfo]: RoutingId(7116, 2009954208) provider ckg
[19468:19472:0621/002007.412:INFO:aha\components\towel\common\ap_impl.cc:540] [TOWEL][APImpl::OnGetProviderMetaInfo] update meta info for ckg method_list is ckg::SEND, event_list is ckg::PUSH_PACKET
[19468:19472:0621/002007.412:INFO:aha\components\towel\common\static_routing_ap.cc:181] [TOWEL][StaticRoutingAP::RunPendingRequestAndEvents] provider_name= ckg
[7116:6016:0621/002007.413:INFO:aha\components\towel\public\provider.cc:196] [TOWEL][Provider::GetMetaInfo] provider trae-cn-config-channel, method_size is 1 method_list is trae-cn-config-channel::SEND
[7116:6016:0621/002007.413:INFO:aha\components\towel\public\provider.cc:310] [TOWEL][Provider::ListenEvent] start, from ap RoutingId(7116, 2009954208), event_list is trae-cn-config-channel::PUSH_PACKET
[7116:6016:0621/002007.413:INFO:aha\components\towel\public\provider.cc:316] [TOWEL][Provider::ListenEvent] no APListenInfo, create one
[7116:6016:0621/002007.413:INFO:aha\components\towel\public\provider.cc:325] [TOWEL][Provider::ListenEvent] no remote_ap for RoutingId(7116, 2009954208), get it from master
[7116:6016:0621/002007.413:INFO:aha\components\towel\common\master_impl.cc:78] [TOWEL][MasterImpl::BindAP] success for 2009954208
[19468:19472:0621/002007.422:INFO:aha\components\towel\common\ap_impl.cc:530] [TOWEL][APImpl::OnGetProviderMetaInfo]: RoutingId(7116, 2009954208) provider trae-cn-config-channel
[19468:19472:0621/002007.422:INFO:aha\components\towel\common\ap_impl.cc:540] [TOWEL][APImpl::OnGetProviderMetaInfo] update meta info for trae-cn-config-channel method_list is trae-cn-config-channel::SEND, event_list is trae-cn-config-channel::PUSH_PACKET
[19468:19472:0621/002007.422:INFO:aha\components\towel\common\static_routing_ap.cc:181] [TOWEL][StaticRoutingAP::RunPendingRequestAndEvents] provider_name= trae-cn-config-channel
[22400:22404:0621/002007.430:INFO:aha\electron\shell\renderer\api\electron_api_aha_reporter_renderer.cc:50] AhaReporterRenderer created
[22400:22404:0621/002007.430:INFO:aha\components\ipc\ipc_client.cc:13] [AhaIpc] set request_timeout_ms: 1000
[22400:22404:0621/002007.430:INFO:aha\components\towel\embedder\master_binder.cc:60] [TOWEL]BindMasterInAnyProcess, ProcessType(3)
[22400:22404:0621/002007.430:INFO:aha\components\towel\embedder\master_binder.cc:82] [TOWEL]BindMasterInAnyProcess, in main thread, bind.
[22400:22404:0621/002007.430:INFO:aha\components\towel\common\ap_impl.cc:26] [TOWEL][APImpl::APImpl] create ap, id is RoutingId(-1, 16169)
[22400:22404:0621/002007.430:INFO:aha\components\towel\common\ap_impl.cc:31] [TOWEL][APImpl] register to master, current id is RoutingId(-1, 16169)
[7116:6016:0621/002007.430:ERROR:electron\shell\browser\electron_browser_client.cc:1749] bind receiver for render
[7116:6016:0621/002007.430:INFO:aha\components\towel\embedder\master_binder.cc:52] [TOWEL]BindMasterInBrowser, ProcessType(2)
[7116:6016:0621/002007.430:INFO:aha\components\towel\embedder\master_binder.cc:55] [TOWEL]BindMasterInBrowser, run in main thread, bind.
[7116:6016:0621/002007.430:INFO:aha\components\towel\common\master_impl.cc:39] [TOWEL][MasterImpl::AddAPWithId] add ap 238740999
[7116:6016:0621/002007.430:INFO:aha\components\towel\common\master_impl.cc:55] [TOWEL][MasterImpl::AddAP] add ap 238740999
[7116:6016:0621/002007.430:INFO:aha\components\towel\common\master_impl.cc:193] [TOWEL][MasterImpl::GetAllProviders] provider size is 7 given size is 7
[22400:22404:0621/002007.433:INFO:third_party\blink\renderer\platform\widget\widget_base.cc:826] WidgetBase::RequestNewLayerTreeFrameSink. enable async establish gpu channel, call EstablishGpuChannel.
[22400:22404:0621/002007.434:INFO:electron\shell\renderer\browser_exposed_renderer_interfaces.cc:46] [ReportContext] (anonymous namespace)::BindAhaReportContextClient, bound, creating ReportContextClientImpl
[22400:22404:0621/002007.436:INFO:aha\components\towel\common\ap_impl.cc:416] [TOWEL][APImpl::OnAddToMaster] real_id is RoutingId(7116, 238740999), fake_id is RoutingId(-1, 16169)
[22400:22404:0621/002007.436:INFO:aha\components\towel\common\ap_impl.cc:594] [TOWEL][APImpl::ListensEvents] start, RoutingId(7116, 238740999)
[22400:22404:0621/002007.436:INFO:aha\components\towel\common\ap_impl.cc:596] [TOWEL][APImpl::ListensEvents] no pending_listen_requests_, do nothing
[7116:6016:0621/002007.437:INFO:aha\components\page_load_metrics\observers\page_load_metrics_observer.cc:448] [page_load_metrics][traceId-] this:0x617c00470800, OnLoadedResource: request_start: -4859963, response_start: -4859963, response_end: 1198, main_body_bytes: 2228B (2.176KiB)
[22400:22404:0621/002007.487:INFO:aha\components\towel\common\ap_impl.cc:511] [TOWEL][APImpl::OnGetAllProviders]: RoutingId(7116, 238740999) provider size 7
[22400:22404:0621/002007.487:INFO:aha\components\towel\common\ap_impl.cc:520] [TOWEL][APImpl::OnGetAllProviders] add provider AhaNet
[22400:22404:0621/002007.487:INFO:aha\components\towel\common\ap_impl.cc:520] [TOWEL][APImpl::OnGetAllProviders] add provider BlockDetectorProvider
[22400:22404:0621/002007.487:INFO:aha\components\towel\common\ap_impl.cc:520] [TOWEL][APImpl::OnGetAllProviders] add provider ai
[22400:22404:0621/002007.487:INFO:aha\components\towel\common\ap_impl.cc:520] [TOWEL][APImpl::OnGetAllProviders] add provider ai-agent
[7116:6016:0621/002007.487:INFO:aha\components\towel\public\provider.cc:196] [TOWEL][Provider::GetMetaInfo] provider BlockDetectorProvider, method_size is 1 method_list is BlockDetector::HEART_BEAT
[19376:19380:0621/002007.487:INFO:aha\components\towel\public\provider.cc:196] [TOWEL][Provider::GetMetaInfo] provider ai, method_size is 1 method_list is ai::SEND
[22400:22404:0621/002007.487:INFO:aha\components\towel\common\ap_impl.cc:520] [TOWEL][APImpl::OnGetAllProviders] add provider ckg
[19376:19380:0621/002007.487:INFO:aha\components\towel\public\provider.cc:196] [TOWEL][Provider::GetMetaInfo] provider ai-agent, method_size is 1 method_list is ai-agent::SEND
[22400:22404:0621/002007.487:INFO:aha\components\towel\common\ap_impl.cc:520] [TOWEL][APImpl::OnGetAllProviders] add provider monitor
[22400:22404:0621/002007.487:INFO:aha\components\towel\common\ap_impl.cc:520] [TOWEL][APImpl::OnGetAllProviders] add provider trae-cn-config-channel
[22400:22404:0621/002007.487:INFO:aha\components\towel\common\static_routing_ap.cc:181] [TOWEL][StaticRoutingAP::RunPendingRequestAndEvents] provider_name= AhaNet
[22400:22404:0621/002007.487:INFO:aha\components\towel\common\static_routing_ap.cc:181] [TOWEL][StaticRoutingAP::RunPendingRequestAndEvents] provider_name= BlockDetectorProvider
[22400:22404:0621/002007.487:INFO:aha\components\towel\common\static_routing_ap.cc:181] [TOWEL][StaticRoutingAP::RunPendingRequestAndEvents] provider_name= ai
[22400:22404:0621/002007.487:INFO:aha\components\towel\common\static_routing_ap.cc:181] [TOWEL][StaticRoutingAP::RunPendingRequestAndEvents] provider_name= ai-agent
[22400:22404:0621/002007.487:INFO:aha\components\towel\common\static_routing_ap.cc:181] [TOWEL][StaticRoutingAP::RunPendingRequestAndEvents] provider_name= ckg
[22400:22404:0621/002007.487:INFO:aha\components\towel\common\static_routing_ap.cc:181] [TOWEL][StaticRoutingAP::RunPendingRequestAndEvents] provider_name= monitor
[22400:22404:0621/002007.487:INFO:aha\components\towel\common\static_routing_ap.cc:181] [TOWEL][StaticRoutingAP::RunPendingRequestAndEvents] provider_name= trae-cn-config-channel
[17928:17932:0621/002007.487:INFO:aha\components\towel\public\provider.cc:196] [TOWEL][Provider::GetMetaInfo] provider monitor, method_size is 8 method_list is monitor::MONITOR_EVENT|monitor::UPLOAD_LOGS|monitor::TOGGLE_LOGIFIER|monitor::REPORT_NETWORK_EVENT|monitor::REPORT_SLARDAR_WEB|monitor::REPORT_CPU_PROFILE|monitor::REPORT_SNAPSHOT|monitor::REPORT_CUSTOM_EXCEPTION
[7116:6016:0621/002007.487:INFO:aha\components\towel\public\provider.cc:196] [TOWEL][Provider::GetMetaInfo] provider trae-cn-config-channel, method_size is 1 method_list is trae-cn-config-channel::SEND
[22400:22404:0621/002007.488:INFO:aha\components\towel\common\ap_impl.cc:530] [TOWEL][APImpl::OnGetProviderMetaInfo]: RoutingId(7116, 238740999) provider AhaNet
[22400:22404:0621/002007.488:INFO:aha\components\towel\common\ap_impl.cc:540] [TOWEL][APImpl::OnGetProviderMetaInfo] update meta info for AhaNet method_list is AhaNet::UpdateAhaNetAccessPolicy|AhaNet::UpdateTNCConfig|AhaNet::SetProxy|AhaNet::WsCreate|AhaNet::WsConnect|AhaNet::WsSend|AhaNet::WsDisconnect|AhaNet::WsDestroy, event_list is AhaNet::WsMessage|AhaNet::WsStatusChanged|AhaNet::WsError|AhaNet::TNCConfigUpdated|AhaNet::NetReport|AhaNet::RTTAndThroughput|AhaNet::NetworkQualityType|AhaNet::PacketLostStats
[22400:22404:0621/002007.488:INFO:aha\components\towel\common\static_routing_ap.cc:181] [TOWEL][StaticRoutingAP::RunPendingRequestAndEvents] provider_name= AhaNet
[22400:22404:0621/002007.488:INFO:aha\components\towel\common\ap_impl.cc:530] [TOWEL][APImpl::OnGetProviderMetaInfo]: RoutingId(7116, 238740999) provider BlockDetectorProvider
[22400:22404:0621/002007.488:INFO:aha\components\towel\common\ap_impl.cc:540] [TOWEL][APImpl::OnGetProviderMetaInfo] update meta info for BlockDetectorProvider method_list is BlockDetector::HEART_BEAT, event_list is 
[22400:22404:0621/002007.488:INFO:aha\components\towel\common\static_routing_ap.cc:181] [TOWEL][StaticRoutingAP::RunPendingRequestAndEvents] provider_name= BlockDetectorProvider
[22400:22404:0621/002007.488:INFO:aha\components\towel\common\ap_impl.cc:530] [TOWEL][APImpl::OnGetProviderMetaInfo]: RoutingId(7116, 238740999) provider ai
[22400:22404:0621/002007.488:INFO:aha\components\towel\common\ap_impl.cc:540] [TOWEL][APImpl::OnGetProviderMetaInfo] update meta info for ai method_list is ai::SEND, event_list is ai::PUSH_PACKET
[22400:22404:0621/002007.488:INFO:aha\components\towel\common\static_routing_ap.cc:181] [TOWEL][StaticRoutingAP::RunPendingRequestAndEvents] provider_name= ai
[22400:22404:0621/002007.488:INFO:aha\components\towel\common\ap_impl.cc:530] [TOWEL][APImpl::OnGetProviderMetaInfo]: RoutingId(7116, 238740999) provider ai-agent
[22400:22404:0621/002007.488:INFO:aha\components\towel\common\ap_impl.cc:540] [TOWEL][APImpl::OnGetProviderMetaInfo] update meta info for ai-agent method_list is ai-agent::SEND, event_list is ai-agent::PUSH_PACKET
[22400:22404:0621/002007.488:INFO:aha\components\towel\common\static_routing_ap.cc:181] [TOWEL][StaticRoutingAP::RunPendingRequestAndEvents] provider_name= ai-agent
[22400:22404:0621/002007.488:INFO:aha\components\towel\common\ap_impl.cc:530] [TOWEL][APImpl::OnGetProviderMetaInfo]: RoutingId(7116, 238740999) provider monitor
[22400:22404:0621/002007.488:INFO:aha\components\towel\common\ap_impl.cc:540] [TOWEL][APImpl::OnGetProviderMetaInfo] update meta info for monitor method_list is monitor::MONITOR_EVENT|monitor::UPLOAD_LOGS|monitor::TOGGLE_LOGIFIER|monitor::REPORT_NETWORK_EVENT|monitor::REPORT_SLARDAR_WEB|monitor::REPORT_CPU_PROFILE|monitor::REPORT_SNAPSHOT|monitor::REPORT_CUSTOM_EXCEPTION, event_list is 
[22400:22404:0621/002007.488:INFO:aha\components\towel\common\static_routing_ap.cc:181] [TOWEL][StaticRoutingAP::RunPendingRequestAndEvents] provider_name= monitor
[22400:22404:0621/002007.488:INFO:aha\components\towel\common\ap_impl.cc:530] [TOWEL][APImpl::OnGetProviderMetaInfo]: RoutingId(7116, 238740999) provider trae-cn-config-channel
[22400:22404:0621/002007.488:INFO:aha\components\towel\common\ap_impl.cc:540] [TOWEL][APImpl::OnGetProviderMetaInfo] update meta info for trae-cn-config-channel method_list is trae-cn-config-channel::SEND, event_list is trae-cn-config-channel::PUSH_PACKET
[22400:22404:0621/002007.488:INFO:aha\components\towel\common\static_routing_ap.cc:181] [TOWEL][StaticRoutingAP::RunPendingRequestAndEvents] provider_name= trae-cn-config-channel
[19468:19472:0621/002007.499:INFO:aha\components\towel\public\provider.cc:196] [TOWEL][Provider::GetMetaInfo] provider ckg, method_size is 1 method_list is ckg::SEND
[19468:19472:0621/002007.499:INFO:aha\components\towel\common\static_routing_ap.cc:244] [TOWEL]run timeout checker
[19468:19472:0621/002007.499:INFO:aha\components\towel\common\static_routing_ap.cc:267] [TOWEL]stop timeout checker
[22400:22404:0621/002007.503:INFO:aha\components\towel\common\ap_impl.cc:530] [TOWEL][APImpl::OnGetProviderMetaInfo]: RoutingId(7116, 238740999) provider ckg
[22400:22404:0621/002007.503:INFO:aha\components\towel\common\ap_impl.cc:540] [TOWEL][APImpl::OnGetProviderMetaInfo] update meta info for ckg method_list is ckg::SEND, event_list is ckg::PUSH_PACKET
[22400:22404:0621/002007.504:INFO:aha\components\towel\common\static_routing_ap.cc:181] [TOWEL][StaticRoutingAP::RunPendingRequestAndEvents] provider_name= ckg
[16544:20732:0621/002007.514:INFO:components\viz\service\display\display_resource_provider.cc:425] [DisplayResource] DeclareUsedResourcesFromChild, child_id=2
[20104:20108:0621/002007.514:INFO:gin\isolate_holder.cc:169] utilitySetPartitionAllocOomCallback and RegisterIsolateHolder
[19376:19380:0621/002008.026:INFO:aha\components\basil\core\aha_net\http\url_loader.cc:141] Starting URL load for id=req_376b4eea-6fe6-41b9-aeb0-1bb05800de30, method=POST
[7116:6016:0621/002008.026:INFO:electron\shell\browser\electron_browser_client.cc:2004] aha net utility process bind network receiver
[7116:12568:0621/002008.127:INFO:aha\components\towel\embedder\master_binder.cc:60] [TOWEL]BindMasterInAnyProcess, ProcessType(2)
[7116:12568:0621/002008.127:INFO:aha\components\towel\embedder\master_binder.cc:44] [TOWEL]BindMasterInBrowser, not in main thread, post.
[7116:12568:0621/002008.128:INFO:aha\components\towel\common\ap_impl.cc:26] [TOWEL][APImpl::APImpl] create ap, id is RoutingId(-1, 18449)
[7116:12568:0621/002008.128:INFO:aha\components\towel\common\ap_impl.cc:31] [TOWEL][APImpl] register to master, current id is RoutingId(-1, 18449)
[7116:12568:0621/002008.128:INFO:aha\components\towel\common\static_routing_ap.cc:135] [TOWEL][StaticRoutingAP::TryAddPendingRequest] provider not ready, store request and wait. method monitor::MONITOR_EVENT
[7116:12568:0621/002008.128:INFO:aha\components\towel\common\static_routing_ap.cc:144] [TOWEL][StaticRoutingAP] start timeout checker
[7116:12568:0621/002008.128:INFO:aha\components\towel\common\static_routing_ap.cc:135] [TOWEL][StaticRoutingAP::TryAddPendingRequest] provider not ready, store request and wait. method monitor::MONITOR_EVENT
[7116:12568:0621/002008.128:INFO:aha\components\towel\common\static_routing_ap.cc:135] [TOWEL][StaticRoutingAP::TryAddPendingRequest] provider not ready, store request and wait. method monitor::MONITOR_EVENT
[7116:12568:0621/002008.137:INFO:aha\components\towel\common\static_routing_ap.cc:135] [TOWEL][StaticRoutingAP::TryAddPendingRequest] provider not ready, store request and wait. method monitor::MONITOR_EVENT
[7116:12568:0621/002008.137:INFO:aha\components\towel\common\static_routing_ap.cc:135] [TOWEL][StaticRoutingAP::TryAddPendingRequest] provider not ready, store request and wait. method monitor::MONITOR_EVENT
[7116:12568:0621/002008.137:INFO:aha\components\towel\common\static_routing_ap.cc:135] [TOWEL][StaticRoutingAP::TryAddPendingRequest] provider not ready, store request and wait. method monitor::MONITOR_EVENT
[7116:12568:0621/002008.137:INFO:aha\components\towel\common\static_routing_ap.cc:135] [TOWEL][StaticRoutingAP::TryAddPendingRequest] provider not ready, store request and wait. method monitor::MONITOR_EVENT
[7116:12568:0621/002008.137:INFO:aha\components\towel\common\static_routing_ap.cc:135] [TOWEL][StaticRoutingAP::TryAddPendingRequest] provider not ready, store request and wait. method monitor::MONITOR_EVENT
[7116:12568:0621/002008.137:INFO:aha\components\towel\common\static_routing_ap.cc:135] [TOWEL][StaticRoutingAP::TryAddPendingRequest] provider not ready, store request and wait. method monitor::MONITOR_EVENT
[7116:12568:0621/002008.137:INFO:aha\components\towel\common\static_routing_ap.cc:135] [TOWEL][StaticRoutingAP::TryAddPendingRequest] provider not ready, store request and wait. method monitor::MONITOR_EVENT
[7116:12568:0621/002008.246:INFO:aha\components\towel\common\static_routing_ap.cc:244] [TOWEL]run timeout checker
[7116:6016:0621/002008.288:INFO:aha\components\towel\embedder\master_binder.cc:52] [TOWEL]BindMasterInBrowser, ProcessType(2)
[7116:6016:0621/002008.288:INFO:aha\components\towel\embedder\master_binder.cc:55] [TOWEL]BindMasterInBrowser, run in main thread, bind.
[7116:6016:0621/002008.292:INFO:aha\components\towel\common\master_impl.cc:39] [TOWEL][MasterImpl::AddAPWithId] add ap 2016600233
[7116:6016:0621/002008.292:INFO:aha\components\towel\common\master_impl.cc:55] [TOWEL][MasterImpl::AddAP] add ap 2016600233
[7116:12568:0621/002008.292:INFO:aha\components\towel\common\ap_impl.cc:416] [TOWEL][APImpl::OnAddToMaster] real_id is RoutingId(7116, 2016600233), fake_id is RoutingId(-1, 18449)
[7116:12568:0621/002008.292:INFO:aha\components\towel\common\ap_impl.cc:594] [TOWEL][APImpl::ListensEvents] start, RoutingId(7116, 2016600233)
[7116:12568:0621/002008.292:INFO:aha\components\towel\common\ap_impl.cc:596] [TOWEL][APImpl::ListensEvents] no pending_listen_requests_, do nothing
[7116:6016:0621/002008.292:INFO:aha\components\towel\common\master_impl.cc:193] [TOWEL][MasterImpl::GetAllProviders] provider size is 7 given size is 7
[7116:12568:0621/002008.292:INFO:aha\components\towel\common\ap_impl.cc:511] [TOWEL][APImpl::OnGetAllProviders]: RoutingId(7116, 2016600233) provider size 7
[7116:12568:0621/002008.292:INFO:aha\components\towel\common\ap_impl.cc:520] [TOWEL][APImpl::OnGetAllProviders] add provider AhaNet
[7116:12568:0621/002008.292:INFO:aha\components\towel\common\ap_impl.cc:520] [TOWEL][APImpl::OnGetAllProviders] add provider BlockDetectorProvider
[7116:12568:0621/002008.293:INFO:aha\components\towel\common\ap_impl.cc:520] [TOWEL][APImpl::OnGetAllProviders] add provider ai
[7116:12568:0621/002008.293:INFO:aha\components\towel\common\ap_impl.cc:520] [TOWEL][APImpl::OnGetAllProviders] add provider ai-agent
[7116:12568:0621/002008.293:INFO:aha\components\towel\common\ap_impl.cc:520] [TOWEL][APImpl::OnGetAllProviders] add provider ckg
[7116:12568:0621/002008.293:INFO:aha\components\towel\common\ap_impl.cc:520] [TOWEL][APImpl::OnGetAllProviders] add provider monitor
[7116:12568:0621/002008.293:INFO:aha\components\towel\common\ap_impl.cc:520] [TOWEL][APImpl::OnGetAllProviders] add provider trae-cn-config-channel
[7116:12568:0621/002008.293:INFO:aha\components\towel\common\static_routing_ap.cc:181] [TOWEL][StaticRoutingAP::RunPendingRequestAndEvents] provider_name= AhaNet
[7116:12568:0621/002008.293:INFO:aha\components\towel\common\static_routing_ap.cc:181] [TOWEL][StaticRoutingAP::RunPendingRequestAndEvents] provider_name= BlockDetectorProvider
[7116:12568:0621/002008.293:INFO:aha\components\towel\common\static_routing_ap.cc:181] [TOWEL][StaticRoutingAP::RunPendingRequestAndEvents] provider_name= ai
[7116:12568:0621/002008.293:INFO:aha\components\towel\common\static_routing_ap.cc:181] [TOWEL][StaticRoutingAP::RunPendingRequestAndEvents] provider_name= ai-agent
[7116:6016:0621/002008.293:INFO:aha\components\towel\public\provider.cc:196] [TOWEL][Provider::GetMetaInfo] provider BlockDetectorProvider, method_size is 1 method_list is BlockDetector::HEART_BEAT
[7116:12568:0621/002008.293:INFO:aha\components\towel\common\static_routing_ap.cc:181] [TOWEL][StaticRoutingAP::RunPendingRequestAndEvents] provider_name= ckg
[7116:12568:0621/002008.293:INFO:aha\components\towel\common\static_routing_ap.cc:181] [TOWEL][StaticRoutingAP::RunPendingRequestAndEvents] provider_name= monitor
[19376:19380:0621/002008.293:INFO:aha\components\towel\public\provider.cc:196] [TOWEL][Provider::GetMetaInfo] provider ai, method_size is 1 method_list is ai::SEND
[7116:6016:0621/002008.293:INFO:aha\components\towel\public\provider.cc:196] [TOWEL][Provider::GetMetaInfo] provider trae-cn-config-channel, method_size is 1 method_list is trae-cn-config-channel::SEND
[7116:12568:0621/002008.293:INFO:aha\components\towel\common\static_routing_ap.cc:217] [TOWEL][StaticRoutingAP::RunPendingRequestAndEvents] run pending requests, method= monitor::MONITOR_EVENT
[19376:19380:0621/002008.293:INFO:aha\components\towel\public\provider.cc:196] [TOWEL][Provider::GetMetaInfo] provider ai-agent, method_size is 1 method_list is ai-agent::SEND
[7116:12568:0621/002008.293:INFO:aha\components\towel\common\static_routing_ap.cc:217] [TOWEL][StaticRoutingAP::RunPendingRequestAndEvents] run pending requests, method= monitor::MONITOR_EVENT
[7116:12568:0621/002008.293:INFO:aha\components\towel\common\static_routing_ap.cc:217] [TOWEL][StaticRoutingAP::RunPendingRequestAndEvents] run pending requests, method= monitor::MONITOR_EVENT
[7116:12568:0621/002008.293:INFO:aha\components\towel\common\static_routing_ap.cc:217] [TOWEL][StaticRoutingAP::RunPendingRequestAndEvents] run pending requests, method= monitor::MONITOR_EVENT
[7116:12568:0621/002008.293:INFO:aha\components\towel\common\static_routing_ap.cc:217] [TOWEL][StaticRoutingAP::RunPendingRequestAndEvents] run pending requests, method= monitor::MONITOR_EVENT
[7116:12568:0621/002008.294:INFO:aha\components\towel\common\static_routing_ap.cc:217] [TOWEL][StaticRoutingAP::RunPendingRequestAndEvents] run pending requests, method= monitor::MONITOR_EVENT
[17928:17932:0621/002008.294:INFO:aha\components\towel\public\provider.cc:196] [TOWEL][Provider::GetMetaInfo] provider monitor, method_size is 8 method_list is monitor::MONITOR_EVENT|monitor::UPLOAD_LOGS|monitor::TOGGLE_LOGIFIER|monitor::REPORT_NETWORK_EVENT|monitor::REPORT_SLARDAR_WEB|monitor::REPORT_CPU_PROFILE|monitor::REPORT_SNAPSHOT|monitor::REPORT_CUSTOM_EXCEPTION
[7116:12568:0621/002008.294:INFO:aha\components\towel\common\static_routing_ap.cc:217] [TOWEL][StaticRoutingAP::RunPendingRequestAndEvents] run pending requests, method= monitor::MONITOR_EVENT
[7116:12568:0621/002008.294:INFO:aha\components\towel\common\static_routing_ap.cc:217] [TOWEL][StaticRoutingAP::RunPendingRequestAndEvents] run pending requests, method= monitor::MONITOR_EVENT
[7116:12568:0621/002008.295:INFO:aha\components\towel\common\static_routing_ap.cc:217] [TOWEL][StaticRoutingAP::RunPendingRequestAndEvents] run pending requests, method= monitor::MONITOR_EVENT
[7116:12568:0621/002008.295:INFO:aha\components\towel\common\static_routing_ap.cc:217] [TOWEL][StaticRoutingAP::RunPendingRequestAndEvents] run pending requests, method= monitor::MONITOR_EVENT
[7116:12568:0621/002008.295:INFO:aha\components\towel\common\static_routing_ap.cc:181] [TOWEL][StaticRoutingAP::RunPendingRequestAndEvents] provider_name= trae-cn-config-channel
[7116:12568:0621/002008.295:INFO:aha\components\towel\common\ap_impl.cc:530] [TOWEL][APImpl::OnGetProviderMetaInfo]: RoutingId(7116, 2016600233) provider BlockDetectorProvider
[7116:12568:0621/002008.295:INFO:aha\components\towel\common\ap_impl.cc:540] [TOWEL][APImpl::OnGetProviderMetaInfo] update meta info for BlockDetectorProvider method_list is BlockDetector::HEART_BEAT, event_list is 
[7116:12568:0621/002008.295:INFO:aha\components\towel\common\static_routing_ap.cc:181] [TOWEL][StaticRoutingAP::RunPendingRequestAndEvents] provider_name= BlockDetectorProvider
[7116:12568:0621/002008.295:INFO:aha\components\towel\common\ap_impl.cc:530] [TOWEL][APImpl::OnGetProviderMetaInfo]: RoutingId(7116, 2016600233) provider AhaNet
[7116:12568:0621/002008.295:INFO:aha\components\towel\common\ap_impl.cc:540] [TOWEL][APImpl::OnGetProviderMetaInfo] update meta info for AhaNet method_list is AhaNet::UpdateAhaNetAccessPolicy|AhaNet::UpdateTNCConfig|AhaNet::SetProxy|AhaNet::WsCreate|AhaNet::WsConnect|AhaNet::WsSend|AhaNet::WsDisconnect|AhaNet::WsDestroy, event_list is AhaNet::WsMessage|AhaNet::WsStatusChanged|AhaNet::WsError|AhaNet::TNCConfigUpdated|AhaNet::NetReport|AhaNet::RTTAndThroughput|AhaNet::NetworkQualityType|AhaNet::PacketLostStats
[7116:12568:0621/002008.295:INFO:aha\components\towel\common\static_routing_ap.cc:181] [TOWEL][StaticRoutingAP::RunPendingRequestAndEvents] provider_name= AhaNet
[7116:12568:0621/002008.296:INFO:aha\components\towel\common\ap_impl.cc:530] [TOWEL][APImpl::OnGetProviderMetaInfo]: RoutingId(7116, 2016600233) provider ai
[7116:12568:0621/002008.296:INFO:aha\components\towel\common\ap_impl.cc:540] [TOWEL][APImpl::OnGetProviderMetaInfo] update meta info for ai method_list is ai::SEND, event_list is ai::PUSH_PACKET
[7116:12568:0621/002008.297:INFO:aha\components\towel\common\static_routing_ap.cc:181] [TOWEL][StaticRoutingAP::RunPendingRequestAndEvents] provider_name= ai
[7116:12568:0621/002008.297:INFO:aha\components\towel\common\ap_impl.cc:530] [TOWEL][APImpl::OnGetProviderMetaInfo]: RoutingId(7116, 2016600233) provider trae-cn-config-channel
[7116:12568:0621/002008.297:INFO:aha\components\towel\common\ap_impl.cc:540] [TOWEL][APImpl::OnGetProviderMetaInfo] update meta info for trae-cn-config-channel method_list is trae-cn-config-channel::SEND, event_list is trae-cn-config-channel::PUSH_PACKET
[7116:12568:0621/002008.297:INFO:aha\components\towel\common\static_routing_ap.cc:181] [TOWEL][StaticRoutingAP::RunPendingRequestAndEvents] provider_name= trae-cn-config-channel
[7116:12568:0621/002008.297:INFO:aha\components\towel\common\ap_impl.cc:530] [TOWEL][APImpl::OnGetProviderMetaInfo]: RoutingId(7116, 2016600233) provider ai-agent
[7116:12568:0621/002008.297:INFO:aha\components\towel\common\ap_impl.cc:540] [TOWEL][APImpl::OnGetProviderMetaInfo] update meta info for ai-agent method_list is ai-agent::SEND, event_list is ai-agent::PUSH_PACKET
[7116:12568:0621/002008.297:INFO:aha\components\towel\common\static_routing_ap.cc:181] [TOWEL][StaticRoutingAP::RunPendingRequestAndEvents] provider_name= ai-agent
[7116:12568:0621/002008.297:INFO:aha\components\towel\common\ap_impl.cc:530] [TOWEL][APImpl::OnGetProviderMetaInfo]: RoutingId(7116, 2016600233) provider monitor
[7116:12568:0621/002008.297:INFO:aha\components\towel\common\ap_impl.cc:540] [TOWEL][APImpl::OnGetProviderMetaInfo] update meta info for monitor method_list is monitor::MONITOR_EVENT|monitor::UPLOAD_LOGS|monitor::TOGGLE_LOGIFIER|monitor::REPORT_NETWORK_EVENT|monitor::REPORT_SLARDAR_WEB|monitor::REPORT_CPU_PROFILE|monitor::REPORT_SNAPSHOT|monitor::REPORT_CUSTOM_EXCEPTION, event_list is 
[7116:12568:0621/002008.297:INFO:aha\components\towel\common\static_routing_ap.cc:181] [TOWEL][StaticRoutingAP::RunPendingRequestAndEvents] provider_name= monitor
[7116:12568:0621/002008.352:INFO:aha\components\towel\common\static_routing_ap.cc:244] [TOWEL]run timeout checker
[7116:12568:0621/002008.353:INFO:aha\components\towel\common\static_routing_ap.cc:267] [TOWEL]stop timeout checker
[19376:20376:0621/002008.891:INFO:aha\components\basil\core\ipc\ipc_client_resource.cc:82] [AhaIpc] ffi::Connect, resource: 4
[19376:19380:0621/002008.891:INFO:aha\components\basil\core\ipc\ipc_client_resource.cc:37] [AhaIpc] BindIpcSocket, target_server: ckg, resource_id: 4
[19376:19380:0621/002008.891:INFO:aha\components\ipc\ipc_client.cc:36] [AhaIpc] create socket, server: ckg, channel_id: fbf79067-175b-4463-9a72-8f2a5aa7e0af
[19376:19380:0621/002008.891:INFO:aha\components\ipc\ipc_client.cc:41] [AhaIpc] listen to server first time, server=ckg
[19376:19380:0621/002008.891:INFO:aha\components\towel\common\ap_impl.cc:594] [TOWEL][APImpl::ListensEvents] start, RoutingId(7116, 1445795129)
[19376:19380:0621/002008.891:INFO:aha\components\towel\common\ap_impl.cc:608] [TOWEL][APImpl::DoListenEvents] run pending_request_list, ckg::PUSH_PACKET
[19376:19380:0621/002008.891:INFO:aha\components\basil\core\ipc\ipc_client_resource.cc:151] [AhaIpc] Bind socket, resource: 4, channel_id: fbf79067-175b-4463-9a72-8f2a5aa7e0af
[7116:6016:0621/002009.815:ERROR:electron\shell\browser\electron_browser_client.cc:1997] bind receiver for utility
[7116:6016:0621/002009.816:INFO:aha\components\towel\embedder\master_binder.cc:52] [TOWEL]BindMasterInBrowser, ProcessType(2)
[7116:6016:0621/002009.816:INFO:aha\components\towel\embedder\master_binder.cc:55] [TOWEL]BindMasterInBrowser, run in main thread, bind.
[7116:6016:0621/002009.827:INFO:aha\components\towel\common\master_impl.cc:39] [TOWEL][MasterImpl::AddAPWithId] add ap 1747830141
[7116:6016:0621/002009.827:INFO:aha\components\towel\common\master_impl.cc:55] [TOWEL][MasterImpl::AddAP] add ap 1747830141
[7116:6016:0621/002009.831:INFO:aha\components\towel\common\master_impl.cc:193] [TOWEL][MasterImpl::GetAllProviders] provider size is 7 given size is 7
[19376:19380:0621/002009.831:INFO:aha\components\towel\public\provider.cc:196] [TOWEL][Provider::GetMetaInfo] provider ai, method_size is 1 method_list is ai::SEND
[19376:19380:0621/002009.832:INFO:aha\components\towel\public\provider.cc:196] [TOWEL][Provider::GetMetaInfo] provider ai-agent, method_size is 1 method_list is ai-agent::SEND
[17928:17932:0621/002009.832:INFO:aha\components\towel\public\provider.cc:196] [TOWEL][Provider::GetMetaInfo] provider monitor, method_size is 8 method_list is monitor::MONITOR_EVENT|monitor::UPLOAD_LOGS|monitor::TOGGLE_LOGIFIER|monitor::REPORT_NETWORK_EVENT|monitor::REPORT_SLARDAR_WEB|monitor::REPORT_CPU_PROFILE|monitor::REPORT_SNAPSHOT|monitor::REPORT_CUSTOM_EXCEPTION
[17928:17932:0621/002009.832:INFO:aha\services\monitor\src\monitor_handler.cc:589] [MonitorHandler] ReportNetworkEvent: [MonitorService] ReportNetworkEvent
[17928:17932:0621/002009.832:INFO:aha\services\monitor\src\monitor_handler.cc:589] [MonitorHandler] ReportNetworkEvent: [MonitorService] ReportNetworkEvent
[17928:17932:0621/002009.832:INFO:aha\services\monitor\src\monitor_handler.cc:589] [MonitorHandler] ReportNetworkEvent: [MonitorService] ReportNetworkEvent
[7116:6016:0621/002009.835:INFO:aha\components\towel\public\provider.cc:196] [TOWEL][Provider::GetMetaInfo] provider BlockDetectorProvider, method_size is 1 method_list is BlockDetector::HEART_BEAT
[7116:6016:0621/002009.836:INFO:aha\components\towel\public\provider.cc:196] [TOWEL][Provider::GetMetaInfo] provider trae-cn-config-channel, method_size is 1 method_list is trae-cn-config-channel::SEND
[19376:19380:0621/002010.054:INFO:aha\components\basil\core\aha_net\http\url_loader.cc:208] Received response header for id=req_376b4eea-6fe6-41b9-aeb0-1bb05800de30, http_status=200, mime_type=application/json
[19376:19380:0621/002010.054:INFO:aha\components\basil\core\aha_net\http\url_loader.cc:188] URL load completed successfully for id=req_376b4eea-6fe6-41b9-aeb0-1bb05800de30
[17928:17932:0621/002010.056:INFO:aha\services\monitor\src\monitor_handler.cc:589] [MonitorHandler] ReportNetworkEvent: [MonitorService] ReportNetworkEvent
[17928:17932:0621/002010.056:INFO:aha\services\monitor\src\monitor_handler.cc:589] [MonitorHandler] ReportNetworkEvent: [MonitorService] ReportNetworkEvent
[17928:17932:0621/002010.056:INFO:aha\services\monitor\src\monitor_handler.cc:589] [MonitorHandler] ReportNetworkEvent: [MonitorService] ReportNetworkEvent
[17928:17932:0621/002010.056:INFO:aha\services\monitor\src\monitor_handler.cc:589] [MonitorHandler] ReportNetworkEvent: [MonitorService] ReportNetworkEvent
[20104:20108:0621/002010.319:INFO:aha\components\ipc\ipc_client.cc:13] [AhaIpc] set request_timeout_ms: 1000
[20104:20108:0621/002010.319:INFO:aha\components\towel\embedder\master_binder.cc:60] [TOWEL]BindMasterInAnyProcess, ProcessType(4)
[20104:20108:0621/002010.319:INFO:aha\components\towel\embedder\master_binder.cc:82] [TOWEL]BindMasterInAnyProcess, in main thread, bind.
[20104:20108:0621/002010.319:INFO:aha\components\towel\common\ap_impl.cc:26] [TOWEL][APImpl::APImpl] create ap, id is RoutingId(-1, 25607)
[20104:20108:0621/002010.319:INFO:aha\components\towel\common\ap_impl.cc:31] [TOWEL][APImpl] register to master, current id is RoutingId(-1, 25607)
[20104:20108:0621/002010.322:INFO:aha\components\ipc\ipc_client.cc:36] [AhaIpc] create socket, server: trae-cn-config-channel, channel_id: 694cf2cd-bdf4-4e4b-b010-9e0935e44a95
[20104:20108:0621/002010.322:INFO:aha\components\ipc\ipc_client.cc:41] [AhaIpc] listen to server first time, server=trae-cn-config-channel
[20104:20108:0621/002010.322:WARNING:aha\components\towel\common\ap_impl.cc:220] [TOWEL][APImpl::ListensEvents] no provider for event trae-cn-config-channel::PUSH_PACKET
[20104:20108:0621/002010.322:INFO:aha\components\towel\common\ap_impl.cc:594] [TOWEL][APImpl::ListensEvents] start, RoutingId(-1, 25607)
[20104:20108:0621/002010.322:INFO:aha\components\towel\common\ap_impl.cc:596] [TOWEL][APImpl::ListensEvents] no pending_listen_requests_, do nothing
[20104:20108:0621/002010.322:INFO:aha\components\towel\common\static_routing_ap.cc:171] [TOWEL][StaticRoutingAP::TryAddPendingEvents] provider not ready, store event and wait. event trae-cn-config-channel::PUSH_PACKET
[20104:20108:0621/002010.322:INFO:aha\components\towel\common\static_routing_ap.cc:135] [TOWEL][StaticRoutingAP::TryAddPendingRequest] provider not ready, store request and wait. method trae-cn-config-channel::SEND
[20104:20108:0621/002010.322:INFO:aha\components\towel\common\static_routing_ap.cc:144] [TOWEL][StaticRoutingAP] start timeout checker
[20104:20108:0621/002010.401:INFO:aha\components\towel\common\static_routing_ap.cc:135] [TOWEL][StaticRoutingAP::TryAddPendingRequest] provider not ready, store request and wait. method trae-cn-config-channel::SEND
[20104:20108:0621/002010.409:INFO:aha\components\towel\common\static_routing_ap.cc:135] [TOWEL][StaticRoutingAP::TryAddPendingRequest] provider not ready, store request and wait. method trae-cn-config-channel::SEND
[20104:20108:0621/002010.425:INFO:aha\components\towel\common\static_routing_ap.cc:244] [TOWEL]run timeout checker
[20104:20108:0621/002010.542:INFO:aha\components\towel\common\static_routing_ap.cc:244] [TOWEL]run timeout checker
[7116:5860:0621/002010.591:INFO:aha\components\perf\process\process_collector_worker_thread.cc:85] [process collector] DoCollectProcessInfo cost: 0ms
[7116:6016:0621/002010.591:INFO:aha\components\perf\config\config_parser.cc:85] [config parser] json parser success:{
"version":"local_1",
"system_memory_collect_interval": 5,
"system_memory_pressure_level":{
    "kNormal": [[20,3000],[]],
    "kModerate": [[10,1800],[20,3000]],
    "kCritical": [[],[10,1800]]
},
"__dynamic_config":[
{
    "range": [4096, 8192],
    "system_low_memory_status": {
      "kLow": [[],[100,2048]]
    }
},
{
  "range": [8192, 16384],
  "system_low_memory_status": {
    "kLow": [[],[100,4096]]
  }
}],
"system_cpu_level":{
    "kNormal":[[],[30,30]],
    "kFair":[[30,30],[50,50]],
    "kSerious":[[50,50],[90,90]],
    "kCritical":[[90,90],[]]
},

"render_level":{
  "kLow": [[],[3,500]],
  "kMid": [[3,500], [20, 2500]],
  "kHigh": [[20, 2500], [80, 10000]],
  "kLimit": [[80, 10000],[]]
},
"lark_phys_memory_level": {
  "kLow": [[],[100,1024]],
  "kMid": [[100,1024],[100,1536]],
  "kHigh":[[100,1536],[]]
}
}
[7116:6016:0621/002010.591:INFO:aha\components\perf\config\config_parser.cc:73] [config parser] json parser success:
[7116:6016:0621/002010.591:INFO:aha\components\perf\config\config_parser.cc:63] [config parser] not satisfy current dynamic config,refer_value:65045,min:4096,max:8192
[7116:6016:0621/002010.591:INFO:aha\components\perf\config\config_parser.cc:63] [config parser] not satisfy current dynamic config,refer_value:65045,min:8192,max:16384
[7116:6016:0621/002010.591:INFO:aha\components\perf\observer\perf_observer_config.cc:200] [perf observer][config] system_memory_collect_interval:5 s,version:local_1
[20104:20108:0621/002010.662:INFO:aha\components\towel\common\static_routing_ap.cc:244] [TOWEL]run timeout checker
[20104:20108:0621/002010.778:INFO:aha\components\towel\common\static_routing_ap.cc:244] [TOWEL]run timeout checker
[20104:20108:0621/002010.894:INFO:aha\components\towel\common\static_routing_ap.cc:244] [TOWEL]run timeout checker
[17928:17932:0621/002010.912:INFO:aha\services\monitor\src\monitor_handler.cc:589] [MonitorHandler] ReportNetworkEvent: [MonitorService] ReportNetworkEvent
[20104:20108:0621/002010.999:INFO:aha\components\towel\common\static_routing_ap.cc:244] [TOWEL]run timeout checker
[20104:20108:0621/002011.123:INFO:aha\components\towel\common\static_routing_ap.cc:244] [TOWEL]run timeout checker
[7116:6016:0621/002011.155:ERROR:electron\shell\browser\electron_browser_client.cc:1997] bind receiver for utility
[7116:6016:0621/002011.155:INFO:aha\components\towel\embedder\master_binder.cc:52] [TOWEL]BindMasterInBrowser, ProcessType(2)
[7116:6016:0621/002011.155:INFO:aha\components\towel\embedder\master_binder.cc:55] [TOWEL]BindMasterInBrowser, run in main thread, bind.
[7116:6016:0621/002011.155:INFO:aha\components\towel\common\master_impl.cc:39] [TOWEL][MasterImpl::AddAPWithId] add ap 1253776709
[7116:6016:0621/002011.155:INFO:aha\components\towel\common\master_impl.cc:55] [TOWEL][MasterImpl::AddAP] add ap 1253776709
[7116:6016:0621/002011.155:INFO:aha\components\towel\common\master_impl.cc:193] [TOWEL][MasterImpl::GetAllProviders] provider size is 7 given size is 7
[20104:20108:0621/002011.155:INFO:aha\components\towel\common\ap_impl.cc:416] [TOWEL][APImpl::OnAddToMaster] real_id is RoutingId(7116, 1253776709), fake_id is RoutingId(-1, 25607)
[20104:20108:0621/002011.155:INFO:aha\components\towel\common\ap_impl.cc:594] [TOWEL][APImpl::ListensEvents] start, RoutingId(7116, 1253776709)
[20104:20108:0621/002011.155:INFO:aha\components\towel\common\ap_impl.cc:596] [TOWEL][APImpl::ListensEvents] no pending_listen_requests_, do nothing
[20104:20108:0621/002011.155:INFO:aha\components\towel\common\ap_impl.cc:511] [TOWEL][APImpl::OnGetAllProviders]: RoutingId(7116, 1253776709) provider size 7
[20104:20108:0621/002011.156:INFO:aha\components\towel\common\ap_impl.cc:520] [TOWEL][APImpl::OnGetAllProviders] add provider AhaNet
[20104:20108:0621/002011.156:INFO:aha\components\towel\common\ap_impl.cc:520] [TOWEL][APImpl::OnGetAllProviders] add provider BlockDetectorProvider
[20104:20108:0621/002011.156:INFO:aha\components\towel\common\ap_impl.cc:520] [TOWEL][APImpl::OnGetAllProviders] add provider ai
[20104:20108:0621/002011.156:INFO:aha\components\towel\common\ap_impl.cc:520] [TOWEL][APImpl::OnGetAllProviders] add provider ai-agent
[7116:6016:0621/002011.156:INFO:aha\components\towel\public\provider.cc:196] [TOWEL][Provider::GetMetaInfo] provider BlockDetectorProvider, method_size is 1 method_list is BlockDetector::HEART_BEAT
[19376:19380:0621/002011.156:INFO:aha\components\towel\public\provider.cc:196] [TOWEL][Provider::GetMetaInfo] provider ai, method_size is 1 method_list is ai::SEND
[19376:19380:0621/002011.156:INFO:aha\components\towel\public\provider.cc:196] [TOWEL][Provider::GetMetaInfo] provider ai-agent, method_size is 1 method_list is ai-agent::SEND
[20104:20108:0621/002011.156:INFO:aha\components\towel\common\ap_impl.cc:520] [TOWEL][APImpl::OnGetAllProviders] add provider ckg
[20104:20108:0621/002011.156:INFO:aha\components\towel\common\ap_impl.cc:520] [TOWEL][APImpl::OnGetAllProviders] add provider monitor
[20104:20108:0621/002011.156:INFO:aha\components\towel\common\ap_impl.cc:520] [TOWEL][APImpl::OnGetAllProviders] add provider trae-cn-config-channel
[20104:20108:0621/002011.156:INFO:aha\components\towel\common\static_routing_ap.cc:181] [TOWEL][StaticRoutingAP::RunPendingRequestAndEvents] provider_name= AhaNet
[20104:20108:0621/002011.156:INFO:aha\components\towel\common\static_routing_ap.cc:181] [TOWEL][StaticRoutingAP::RunPendingRequestAndEvents] provider_name= BlockDetectorProvider
[20104:20108:0621/002011.156:INFO:aha\components\towel\common\static_routing_ap.cc:181] [TOWEL][StaticRoutingAP::RunPendingRequestAndEvents] provider_name= ai
[20104:20108:0621/002011.156:INFO:aha\components\towel\common\static_routing_ap.cc:181] [TOWEL][StaticRoutingAP::RunPendingRequestAndEvents] provider_name= ai-agent
[20104:20108:0621/002011.156:INFO:aha\components\towel\common\static_routing_ap.cc:181] [TOWEL][StaticRoutingAP::RunPendingRequestAndEvents] provider_name= ckg
[20104:20108:0621/002011.156:INFO:aha\components\towel\common\static_routing_ap.cc:181] [TOWEL][StaticRoutingAP::RunPendingRequestAndEvents] provider_name= monitor
[20104:20108:0621/002011.156:INFO:aha\components\towel\common\static_routing_ap.cc:181] [TOWEL][StaticRoutingAP::RunPendingRequestAndEvents] provider_name= trae-cn-config-channel
[20104:20108:0621/002011.156:INFO:aha\components\towel\common\static_routing_ap.cc:195] [TOWEL][StaticRoutingAP::RunPendingEvents] run pending events, event_list is trae-cn-config-channel::PUSH_PACKET
[20104:20108:0621/002011.156:INFO:aha\components\towel\common\static_routing_ap.cc:217] [TOWEL][StaticRoutingAP::RunPendingRequestAndEvents] run pending requests, method= trae-cn-config-channel::SEND
[20104:20108:0621/002011.156:INFO:aha\components\towel\common\static_routing_ap.cc:217] [TOWEL][StaticRoutingAP::RunPendingRequestAndEvents] run pending requests, method= trae-cn-config-channel::SEND
[7116:6016:0621/002011.156:INFO:aha\components\towel\public\provider.cc:196] [TOWEL][Provider::GetMetaInfo] provider trae-cn-config-channel, method_size is 1 method_list is trae-cn-config-channel::SEND
[17928:17932:0621/002011.156:INFO:aha\components\towel\public\provider.cc:196] [TOWEL][Provider::GetMetaInfo] provider monitor, method_size is 8 method_list is monitor::MONITOR_EVENT|monitor::UPLOAD_LOGS|monitor::TOGGLE_LOGIFIER|monitor::REPORT_NETWORK_EVENT|monitor::REPORT_SLARDAR_WEB|monitor::REPORT_CPU_PROFILE|monitor::REPORT_SNAPSHOT|monitor::REPORT_CUSTOM_EXCEPTION
[7116:6016:0621/002011.156:INFO:aha\components\towel\public\provider.cc:310] [TOWEL][Provider::ListenEvent] start, from ap RoutingId(7116, 1253776709), event_list is trae-cn-config-channel::PUSH_PACKET
[7116:6016:0621/002011.156:INFO:aha\components\towel\public\provider.cc:316] [TOWEL][Provider::ListenEvent] no APListenInfo, create one
[20104:20108:0621/002011.156:INFO:aha\components\towel\common\static_routing_ap.cc:217] [TOWEL][StaticRoutingAP::RunPendingRequestAndEvents] run pending requests, method= trae-cn-config-channel::SEND
[7116:6016:0621/002011.156:INFO:aha\components\towel\public\provider.cc:325] [TOWEL][Provider::ListenEvent] no remote_ap for RoutingId(7116, 1253776709), get it from master
[20104:20108:0621/002011.156:INFO:aha\components\towel\common\ap_impl.cc:530] [TOWEL][APImpl::OnGetProviderMetaInfo]: RoutingId(7116, 1253776709) provider AhaNet
[20104:20108:0621/002011.156:INFO:aha\components\towel\common\ap_impl.cc:540] [TOWEL][APImpl::OnGetProviderMetaInfo] update meta info for AhaNet method_list is AhaNet::UpdateAhaNetAccessPolicy|AhaNet::UpdateTNCConfig|AhaNet::SetProxy|AhaNet::WsCreate|AhaNet::WsConnect|AhaNet::WsSend|AhaNet::WsDisconnect|AhaNet::WsDestroy, event_list is AhaNet::WsMessage|AhaNet::WsStatusChanged|AhaNet::WsError|AhaNet::TNCConfigUpdated|AhaNet::NetReport|AhaNet::RTTAndThroughput|AhaNet::NetworkQualityType|AhaNet::PacketLostStats
[20104:20108:0621/002011.156:INFO:aha\components\towel\common\static_routing_ap.cc:181] [TOWEL][StaticRoutingAP::RunPendingRequestAndEvents] provider_name= AhaNet
[20104:20108:0621/002011.157:INFO:aha\components\towel\common\ap_impl.cc:530] [TOWEL][APImpl::OnGetProviderMetaInfo]: RoutingId(7116, 1253776709) provider BlockDetectorProvider
[20104:20108:0621/002011.157:INFO:aha\components\towel\common\ap_impl.cc:540] [TOWEL][APImpl::OnGetProviderMetaInfo] update meta info for BlockDetectorProvider method_list is BlockDetector::HEART_BEAT, event_list is 
[20104:20108:0621/002011.157:INFO:aha\components\towel\common\static_routing_ap.cc:181] [TOWEL][StaticRoutingAP::RunPendingRequestAndEvents] provider_name= BlockDetectorProvider
[20104:20108:0621/002011.157:INFO:aha\components\towel\common\ap_impl.cc:530] [TOWEL][APImpl::OnGetProviderMetaInfo]: RoutingId(7116, 1253776709) provider ai
[20104:20108:0621/002011.157:INFO:aha\components\towel\common\ap_impl.cc:540] [TOWEL][APImpl::OnGetProviderMetaInfo] update meta info for ai method_list is ai::SEND, event_list is ai::PUSH_PACKET
[20104:20108:0621/002011.157:INFO:aha\components\towel\common\static_routing_ap.cc:181] [TOWEL][StaticRoutingAP::RunPendingRequestAndEvents] provider_name= ai
[20104:20108:0621/002011.157:INFO:aha\components\towel\common\ap_impl.cc:530] [TOWEL][APImpl::OnGetProviderMetaInfo]: RoutingId(7116, 1253776709) provider ai-agent
[20104:20108:0621/002011.157:INFO:aha\components\towel\common\ap_impl.cc:540] [TOWEL][APImpl::OnGetProviderMetaInfo] update meta info for ai-agent method_list is ai-agent::SEND, event_list is ai-agent::PUSH_PACKET
[20104:20108:0621/002011.157:INFO:aha\components\towel\common\static_routing_ap.cc:181] [TOWEL][StaticRoutingAP::RunPendingRequestAndEvents] provider_name= ai-agent
[20104:20108:0621/002011.157:INFO:aha\components\towel\common\ap_impl.cc:530] [TOWEL][APImpl::OnGetProviderMetaInfo]: RoutingId(7116, 1253776709) provider trae-cn-config-channel
[20104:20108:0621/002011.157:INFO:aha\components\towel\common\ap_impl.cc:540] [TOWEL][APImpl::OnGetProviderMetaInfo] update meta info for trae-cn-config-channel method_list is trae-cn-config-channel::SEND, event_list is trae-cn-config-channel::PUSH_PACKET
[20104:20108:0621/002011.158:INFO:aha\components\towel\common\static_routing_ap.cc:181] [TOWEL][StaticRoutingAP::RunPendingRequestAndEvents] provider_name= trae-cn-config-channel
[20104:20108:0621/002011.158:INFO:aha\components\towel\common\ap_impl.cc:530] [TOWEL][APImpl::OnGetProviderMetaInfo]: RoutingId(7116, 1253776709) provider monitor
[20104:20108:0621/002011.158:INFO:aha\components\towel\common\ap_impl.cc:540] [TOWEL][APImpl::OnGetProviderMetaInfo] update meta info for monitor method_list is monitor::MONITOR_EVENT|monitor::UPLOAD_LOGS|monitor::TOGGLE_LOGIFIER|monitor::REPORT_NETWORK_EVENT|monitor::REPORT_SLARDAR_WEB|monitor::REPORT_CPU_PROFILE|monitor::REPORT_SNAPSHOT|monitor::REPORT_CUSTOM_EXCEPTION, event_list is 
[20104:20108:0621/002011.158:INFO:aha\components\towel\common\static_routing_ap.cc:181] [TOWEL][StaticRoutingAP::RunPendingRequestAndEvents] provider_name= monitor
[7116:6016:0621/002011.158:INFO:aha\components\towel\common\master_impl.cc:78] [TOWEL][MasterImpl::BindAP] success for 1253776709
[20104:20108:0621/002011.161:INFO:aha\components\towel\embedder\master_binder.cc:60] [TOWEL]BindMasterInAnyProcess, ProcessType(4)
[20104:20108:0621/002011.161:INFO:aha\components\towel\embedder\master_binder.cc:82] [TOWEL]BindMasterInAnyProcess, in main thread, bind.
[20104:20108:0621/002011.161:INFO:aha\components\towel\public\provider.cc:76] [TOWEL][Provider::Mount] mount provider, name= cueServer, force_reset=0
[7116:6016:0621/002011.161:ERROR:electron\shell\browser\electron_browser_client.cc:1997] bind receiver for utility
[7116:6016:0621/002011.161:INFO:aha\components\towel\embedder\master_binder.cc:52] [TOWEL]BindMasterInBrowser, ProcessType(2)
[7116:6016:0621/002011.161:INFO:aha\components\towel\embedder\master_binder.cc:55] [TOWEL]BindMasterInBrowser, run in main thread, bind.
[7116:6016:0621/002011.162:INFO:aha\components\towel\common\master_impl.cc:153] [TOWEL][MasterImpl::RegisterProvider] success cueServer provider size now is 8
[7116:6016:0621/002011.162:INFO:aha\components\towel\common\ap_impl.cc:406] [TOWEL][APImpl::OnProviderAdded] provider_name cueServer, RoutingId(7116, 341743295)
[7116:6016:0621/002011.162:INFO:aha\components\ipc\ipc_client.cc:172] [AhaIpc] provider connected, name: cueServer
[7116:6016:0621/002011.162:WARNING:aha\components\towel\common\ap_impl.cc:220] [TOWEL][APImpl::ListensEvents] no provider for event cueServer::PUSH_PACKET
[7116:6016:0621/002011.162:INFO:aha\components\towel\common\ap_impl.cc:594] [TOWEL][APImpl::ListensEvents] start, RoutingId(7116, 341743295)
[7116:6016:0621/002011.162:INFO:aha\components\towel\common\ap_impl.cc:596] [TOWEL][APImpl::ListensEvents] no pending_listen_requests_, do nothing
[7116:6016:0621/002011.162:INFO:aha\components\towel\common\static_routing_ap.cc:171] [TOWEL][StaticRoutingAP::TryAddPendingEvents] provider not ready, store event and wait. event cueServer::PUSH_PACKET
[7116:6016:0621/002011.162:INFO:aha\components\towel\common\static_routing_ap.cc:181] [TOWEL][StaticRoutingAP::RunPendingRequestAndEvents] provider_name= cueServer
[7116:6016:0621/002011.162:INFO:aha\components\towel\common\static_routing_ap.cc:195] [TOWEL][StaticRoutingAP::RunPendingEvents] run pending events, event_list is cueServer::PUSH_PACKET,cueServer::PUSH_PACKET
[7116:6016:0621/002011.162:INFO:aha\components\towel\common\ap_impl.cc:406] [TOWEL][APImpl::OnProviderAdded] provider_name cueServer, RoutingId(7116, 1336779637)
[7116:6016:0621/002011.162:INFO:aha\components\towel\common\static_routing_ap.cc:181] [TOWEL][StaticRoutingAP::RunPendingRequestAndEvents] provider_name= cueServer
[7116:6016:0621/002011.162:INFO:aha\components\towel\common\ap_impl.cc:406] [TOWEL][APImpl::OnProviderAdded] provider_name cueServer, RoutingId(7116, 1578995633)
[7116:6016:0621/002011.162:INFO:aha\components\towel\common\static_routing_ap.cc:181] [TOWEL][StaticRoutingAP::RunPendingRequestAndEvents] provider_name= cueServer
[19376:19380:0621/002011.169:INFO:aha\components\towel\common\ap_impl.cc:406] [TOWEL][APImpl::OnProviderAdded] provider_name cueServer, RoutingId(7116, 1445795129)
[19376:19380:0621/002011.169:INFO:aha\components\ipc\ipc_client.cc:172] [AhaIpc] provider connected, name: cueServer
[19376:19380:0621/002011.169:INFO:aha\components\towel\common\static_routing_ap.cc:181] [TOWEL][StaticRoutingAP::RunPendingRequestAndEvents] provider_name= cueServer
[19376:19380:0621/002011.169:INFO:aha\components\towel\common\ap_impl.cc:406] [TOWEL][APImpl::OnProviderAdded] provider_name cueServer, RoutingId(7116, 1914257655)
[19376:19380:0621/002011.169:INFO:aha\components\towel\common\static_routing_ap.cc:181] [TOWEL][StaticRoutingAP::RunPendingRequestAndEvents] provider_name= cueServer
[19376:19380:0621/002011.169:INFO:aha\components\towel\common\ap_impl.cc:406] [TOWEL][APImpl::OnProviderAdded] provider_name cueServer, RoutingId(7116, 2122083188)
[19376:19380:0621/002011.169:INFO:aha\components\towel\common\static_routing_ap.cc:181] [TOWEL][StaticRoutingAP::RunPendingRequestAndEvents] provider_name= cueServer
[20104:20108:0621/002011.345:INFO:aha\components\towel\common\ap_impl.cc:406] [TOWEL][APImpl::OnProviderAdded] provider_name cueServer, RoutingId(7116, 1253776709)
[20104:20108:0621/002011.345:INFO:aha\components\ipc\ipc_client.cc:172] [AhaIpc] provider connected, name: cueServer
[20104:20108:0621/002011.345:INFO:aha\components\towel\common\static_routing_ap.cc:181] [TOWEL][StaticRoutingAP::RunPendingRequestAndEvents] provider_name= cueServer
[20104:20108:0621/002011.346:INFO:aha\components\towel\common\static_routing_ap.cc:244] [TOWEL]run timeout checker
[20104:20108:0621/002011.346:INFO:aha\components\towel\common\static_routing_ap.cc:267] [TOWEL]stop timeout checker
[20104:20108:0621/002011.349:INFO:aha\components\towel\public\provider.cc:196] [TOWEL][Provider::GetMetaInfo] provider cueServer, method_size is 1 method_list is cueServer::SEND
[20104:20108:0621/002011.349:INFO:aha\components\towel\public\provider.cc:196] [TOWEL][Provider::GetMetaInfo] provider cueServer, method_size is 1 method_list is cueServer::SEND
[20104:20108:0621/002011.349:INFO:aha\components\towel\public\provider.cc:196] [TOWEL][Provider::GetMetaInfo] provider cueServer, method_size is 1 method_list is cueServer::SEND
[7116:6016:0621/002011.349:INFO:aha\components\towel\common\ap_impl.cc:530] [TOWEL][APImpl::OnGetProviderMetaInfo]: RoutingId(7116, 341743295) provider cueServer
[7116:6016:0621/002011.349:INFO:aha\components\towel\common\ap_impl.cc:540] [TOWEL][APImpl::OnGetProviderMetaInfo] update meta info for cueServer method_list is cueServer::SEND, event_list is cueServer::PUSH_PACKET
[7116:6016:0621/002011.349:INFO:aha\components\towel\common\static_routing_ap.cc:181] [TOWEL][StaticRoutingAP::RunPendingRequestAndEvents] provider_name= cueServer
[20104:20108:0621/002011.349:INFO:aha\components\towel\public\provider.cc:196] [TOWEL][Provider::GetMetaInfo] provider cueServer, method_size is 1 method_list is cueServer::SEND
[20104:20108:0621/002011.354:INFO:aha\components\towel\public\provider.cc:196] [TOWEL][Provider::GetMetaInfo] provider cueServer, method_size is 1 method_list is cueServer::SEND
[7116:6016:0621/002011.354:INFO:aha\components\towel\common\ap_impl.cc:530] [TOWEL][APImpl::OnGetProviderMetaInfo]: RoutingId(7116, 1336779637) provider cueServer
[20104:20108:0621/002011.354:INFO:aha\components\towel\public\provider.cc:196] [TOWEL][Provider::GetMetaInfo] provider cueServer, method_size is 1 method_list is cueServer::SEND
[7116:6016:0621/002011.354:INFO:aha\components\towel\common\ap_impl.cc:540] [TOWEL][APImpl::OnGetProviderMetaInfo] update meta info for cueServer method_list is cueServer::SEND, event_list is cueServer::PUSH_PACKET
[7116:6016:0621/002011.354:INFO:aha\components\towel\common\static_routing_ap.cc:181] [TOWEL][StaticRoutingAP::RunPendingRequestAndEvents] provider_name= cueServer
[7116:6016:0621/002011.354:INFO:aha\components\towel\common\ap_impl.cc:530] [TOWEL][APImpl::OnGetProviderMetaInfo]: RoutingId(7116, 1578995633) provider cueServer
[7116:6016:0621/002011.354:INFO:aha\components\towel\common\ap_impl.cc:540] [TOWEL][APImpl::OnGetProviderMetaInfo] update meta info for cueServer method_list is cueServer::SEND, event_list is cueServer::PUSH_PACKET
[7116:6016:0621/002011.354:INFO:aha\components\towel\common\static_routing_ap.cc:181] [TOWEL][StaticRoutingAP::RunPendingRequestAndEvents] provider_name= cueServer
[19376:19380:0621/002011.357:INFO:aha\components\towel\common\ap_impl.cc:530] [TOWEL][APImpl::OnGetProviderMetaInfo]: RoutingId(7116, 1445795129) provider cueServer
[19376:19380:0621/002011.357:INFO:aha\components\towel\common\ap_impl.cc:540] [TOWEL][APImpl::OnGetProviderMetaInfo] update meta info for cueServer method_list is cueServer::SEND, event_list is cueServer::PUSH_PACKET
[19376:19380:0621/002011.357:INFO:aha\components\towel\common\static_routing_ap.cc:181] [TOWEL][StaticRoutingAP::RunPendingRequestAndEvents] provider_name= cueServer
[20104:20108:0621/002011.354:INFO:aha\components\towel\public\provider.cc:196] [TOWEL][Provider::GetMetaInfo] provider cueServer, method_size is 1 method_list is cueServer::SEND
[20104:20108:0621/002011.357:INFO:aha\components\towel\public\provider.cc:196] [TOWEL][Provider::GetMetaInfo] provider cueServer, method_size is 1 method_list is cueServer::SEND
[20104:20108:0621/002011.357:INFO:aha\components\towel\public\provider.cc:196] [TOWEL][Provider::GetMetaInfo] provider cueServer, method_size is 1 method_list is cueServer::SEND
[20104:20108:0621/002011.357:INFO:aha\components\towel\public\provider.cc:310] [TOWEL][Provider::ListenEvent] start, from ap RoutingId(7116, 341743295), event_list is cueServer::PUSH_PACKET|cueServer::PUSH_PACKET
[20104:20108:0621/002011.357:INFO:aha\components\towel\public\provider.cc:316] [TOWEL][Provider::ListenEvent] no APListenInfo, create one
[20104:20108:0621/002011.357:INFO:aha\components\towel\public\provider.cc:325] [TOWEL][Provider::ListenEvent] no remote_ap for RoutingId(7116, 341743295), get it from master
[20104:20108:0621/002011.357:INFO:aha\components\towel\common\ap_impl.cc:530] [TOWEL][APImpl::OnGetProviderMetaInfo]: RoutingId(7116, 1253776709) provider cueServer
[20104:20108:0621/002011.357:INFO:aha\components\towel\common\ap_impl.cc:540] [TOWEL][APImpl::OnGetProviderMetaInfo] update meta info for cueServer method_list is cueServer::SEND, event_list is cueServer::PUSH_PACKET
[20104:20108:0621/002011.357:INFO:aha\components\towel\common\static_routing_ap.cc:181] [TOWEL][StaticRoutingAP::RunPendingRequestAndEvents] provider_name= cueServer
[7116:6016:0621/002011.357:INFO:aha\components\towel\common\master_impl.cc:78] [TOWEL][MasterImpl::BindAP] success for 341743295
[19376:19380:0621/002011.358:INFO:aha\components\towel\common\ap_impl.cc:530] [TOWEL][APImpl::OnGetProviderMetaInfo]: RoutingId(7116, 1914257655) provider cueServer
[19376:19380:0621/002011.359:INFO:aha\components\towel\common\ap_impl.cc:540] [TOWEL][APImpl::OnGetProviderMetaInfo] update meta info for cueServer method_list is cueServer::SEND, event_list is cueServer::PUSH_PACKET
[19376:19380:0621/002011.359:INFO:aha\components\towel\common\static_routing_ap.cc:181] [TOWEL][StaticRoutingAP::RunPendingRequestAndEvents] provider_name= cueServer
[19376:19380:0621/002011.359:INFO:aha\components\towel\common\ap_impl.cc:530] [TOWEL][APImpl::OnGetProviderMetaInfo]: RoutingId(7116, 2122083188) provider cueServer
[19376:19380:0621/002011.359:INFO:aha\components\towel\common\ap_impl.cc:540] [TOWEL][APImpl::OnGetProviderMetaInfo] update meta info for cueServer method_list is cueServer::SEND, event_list is cueServer::PUSH_PACKET
[19376:19380:0621/002011.359:INFO:aha\components\towel\common\static_routing_ap.cc:181] [TOWEL][StaticRoutingAP::RunPendingRequestAndEvents] provider_name= cueServer
[17928:17932:0621/002011.477:INFO:aha\services\monitor\src\monitor_handler.cc:589] [MonitorHandler] ReportNetworkEvent: [MonitorService] ReportNetworkEvent
[7116:6016:0621/002011.590:INFO:aha\components\towel\embedder\master_binder.cc:60] [TOWEL]BindMasterInAnyProcess, ProcessType(2)
[7116:6016:0621/002011.590:INFO:aha\components\towel\embedder\master_binder.cc:52] [TOWEL]BindMasterInBrowser, ProcessType(2)
[7116:6016:0621/002011.590:INFO:aha\components\towel\embedder\master_binder.cc:55] [TOWEL]BindMasterInBrowser, run in main thread, bind.
[7116:6016:0621/002011.590:INFO:aha\components\towel\common\ap_impl.cc:26] [TOWEL][APImpl::APImpl] create ap, id is RoutingId(-1, 29757)
[7116:6016:0621/002011.590:INFO:aha\components\towel\common\ap_impl.cc:31] [TOWEL][APImpl] register to master, current id is RoutingId(-1, 29757)
[7116:6016:0621/002011.591:WARNING:aha\components\towel\common\ap_impl.cc:220] [TOWEL][APImpl::ListensEvents] no provider for event AhaNet::WsMessage
[7116:6016:0621/002011.591:WARNING:aha\components\towel\common\ap_impl.cc:220] [TOWEL][APImpl::ListensEvents] no provider for event AhaNet::WsStatusChanged
[7116:6016:0621/002011.591:WARNING:aha\components\towel\common\ap_impl.cc:220] [TOWEL][APImpl::ListensEvents] no provider for event AhaNet::WsError
[7116:6016:0621/002011.591:INFO:aha\components\towel\common\ap_impl.cc:594] [TOWEL][APImpl::ListensEvents] start, RoutingId(-1, 29757)
[7116:6016:0621/002011.591:INFO:aha\components\towel\common\ap_impl.cc:596] [TOWEL][APImpl::ListensEvents] no pending_listen_requests_, do nothing
[7116:6016:0621/002011.591:INFO:aha\components\towel\common\static_routing_ap.cc:171] [TOWEL][StaticRoutingAP::TryAddPendingEvents] provider not ready, store event and wait. event AhaNet::WsMessage
[7116:6016:0621/002011.591:INFO:aha\components\towel\common\static_routing_ap.cc:171] [TOWEL][StaticRoutingAP::TryAddPendingEvents] provider not ready, store event and wait. event AhaNet::WsStatusChanged
[7116:6016:0621/002011.591:INFO:aha\components\towel\common\static_routing_ap.cc:171] [TOWEL][StaticRoutingAP::TryAddPendingEvents] provider not ready, store event and wait. event AhaNet::WsError
[7116:6016:0621/002011.591:INFO:aha\services\aha_net\websocket_client_worker.cc:23] Requesting to create WebSocket client with id: 7e6efb9e-56b7-43bd-952a-fabdf055baf3
[7116:6016:0621/002011.591:INFO:aha\components\towel\common\static_routing_ap.cc:135] [TOWEL][StaticRoutingAP::TryAddPendingRequest] provider not ready, store request and wait. method AhaNet::WsCreate
[7116:6016:0621/002011.591:INFO:aha\components\towel\common\static_routing_ap.cc:144] [TOWEL][StaticRoutingAP] start timeout checker
[7116:6016:0621/002011.591:INFO:aha\components\towel\common\static_routing_ap.cc:135] [TOWEL][StaticRoutingAP::TryAddPendingRequest] provider not ready, store request and wait. method AhaNet::WsConnect
[7116:6016:0621/002011.591:INFO:aha\components\towel\common\master_impl.cc:39] [TOWEL][MasterImpl::AddAPWithId] add ap 1910463829
[7116:6016:0621/002011.591:INFO:aha\components\towel\common\master_impl.cc:55] [TOWEL][MasterImpl::AddAP] add ap 1910463829
[7116:6016:0621/002011.591:INFO:aha\components\towel\common\ap_impl.cc:416] [TOWEL][APImpl::OnAddToMaster] real_id is RoutingId(7116, 1910463829), fake_id is RoutingId(-1, 29757)
[7116:6016:0621/002011.591:INFO:aha\components\towel\common\ap_impl.cc:594] [TOWEL][APImpl::ListensEvents] start, RoutingId(7116, 1910463829)
[7116:6016:0621/002011.591:INFO:aha\components\towel\common\ap_impl.cc:596] [TOWEL][APImpl::ListensEvents] no pending_listen_requests_, do nothing
[7116:6016:0621/002011.591:INFO:aha\components\towel\common\master_impl.cc:193] [TOWEL][MasterImpl::GetAllProviders] provider size is 8 given size is 8
[7116:6016:0621/002011.591:INFO:aha\components\towel\common\ap_impl.cc:511] [TOWEL][APImpl::OnGetAllProviders]: RoutingId(7116, 1910463829) provider size 8
[7116:6016:0621/002011.591:INFO:aha\components\towel\common\ap_impl.cc:520] [TOWEL][APImpl::OnGetAllProviders] add provider AhaNet
[7116:6016:0621/002011.591:INFO:aha\components\towel\common\ap_impl.cc:520] [TOWEL][APImpl::OnGetAllProviders] add provider BlockDetectorProvider
[7116:6016:0621/002011.591:INFO:aha\components\towel\common\ap_impl.cc:520] [TOWEL][APImpl::OnGetAllProviders] add provider ai
[7116:6016:0621/002011.591:INFO:aha\components\towel\common\ap_impl.cc:520] [TOWEL][APImpl::OnGetAllProviders] add provider ai-agent
[19376:19380:0621/002011.591:INFO:aha\components\towel\public\provider.cc:196] [TOWEL][Provider::GetMetaInfo] provider ai, method_size is 1 method_list is ai::SEND
[7116:6016:0621/002011.591:INFO:aha\components\towel\common\ap_impl.cc:520] [TOWEL][APImpl::OnGetAllProviders] add provider ckg
[19376:19380:0621/002011.591:INFO:aha\components\towel\public\provider.cc:196] [TOWEL][Provider::GetMetaInfo] provider ai-agent, method_size is 1 method_list is ai-agent::SEND
[7116:6016:0621/002011.591:INFO:aha\components\towel\common\ap_impl.cc:520] [TOWEL][APImpl::OnGetAllProviders] add provider cueServer
[20104:20108:0621/002011.591:INFO:aha\components\towel\public\provider.cc:196] [TOWEL][Provider::GetMetaInfo] provider cueServer, method_size is 1 method_list is cueServer::SEND
[7116:6016:0621/002011.591:INFO:aha\components\towel\common\ap_impl.cc:520] [TOWEL][APImpl::OnGetAllProviders] add provider monitor
[17928:17932:0621/002011.591:INFO:aha\components\towel\public\provider.cc:196] [TOWEL][Provider::GetMetaInfo] provider monitor, method_size is 8 method_list is monitor::MONITOR_EVENT|monitor::UPLOAD_LOGS|monitor::TOGGLE_LOGIFIER|monitor::REPORT_NETWORK_EVENT|monitor::REPORT_SLARDAR_WEB|monitor::REPORT_CPU_PROFILE|monitor::REPORT_SNAPSHOT|monitor::REPORT_CUSTOM_EXCEPTION
[7116:6016:0621/002011.591:INFO:aha\components\towel\common\ap_impl.cc:520] [TOWEL][APImpl::OnGetAllProviders] add provider trae-cn-config-channel
[7116:6016:0621/002011.591:INFO:aha\components\towel\common\static_routing_ap.cc:181] [TOWEL][StaticRoutingAP::RunPendingRequestAndEvents] provider_name= AhaNet
[7116:6016:0621/002011.591:INFO:aha\components\towel\common\static_routing_ap.cc:195] [TOWEL][StaticRoutingAP::RunPendingEvents] run pending events, event_list is AhaNet::WsMessage,AhaNet::WsStatusChanged,AhaNet::WsError
[7116:6016:0621/002011.592:INFO:aha\components\towel\common\static_routing_ap.cc:217] [TOWEL][StaticRoutingAP::RunPendingRequestAndEvents] run pending requests, method= AhaNet::WsCreate
[7116:6016:0621/002011.592:INFO:aha\components\towel\common\static_routing_ap.cc:217] [TOWEL][StaticRoutingAP::RunPendingRequestAndEvents] run pending requests, method= AhaNet::WsConnect
[7116:6016:0621/002011.592:INFO:aha\components\towel\common\static_routing_ap.cc:181] [TOWEL][StaticRoutingAP::RunPendingRequestAndEvents] provider_name= BlockDetectorProvider
[7116:6016:0621/002011.592:INFO:aha\components\towel\common\static_routing_ap.cc:181] [TOWEL][StaticRoutingAP::RunPendingRequestAndEvents] provider_name= ai
[7116:6016:0621/002011.592:INFO:aha\components\towel\common\static_routing_ap.cc:181] [TOWEL][StaticRoutingAP::RunPendingRequestAndEvents] provider_name= ai-agent
[7116:6016:0621/002011.592:INFO:aha\components\towel\common\static_routing_ap.cc:181] [TOWEL][StaticRoutingAP::RunPendingRequestAndEvents] provider_name= ckg
[7116:6016:0621/002011.592:INFO:aha\components\towel\common\static_routing_ap.cc:181] [TOWEL][StaticRoutingAP::RunPendingRequestAndEvents] provider_name= cueServer
[7116:6016:0621/002011.592:INFO:aha\components\towel\common\static_routing_ap.cc:181] [TOWEL][StaticRoutingAP::RunPendingRequestAndEvents] provider_name= monitor
[7116:6016:0621/002011.592:INFO:aha\components\towel\common\static_routing_ap.cc:181] [TOWEL][StaticRoutingAP::RunPendingRequestAndEvents] provider_name= trae-cn-config-channel
[7116:6016:0621/002011.592:INFO:aha\components\towel\public\provider.cc:196] [TOWEL][Provider::GetMetaInfo] provider BlockDetectorProvider, method_size is 1 method_list is BlockDetector::HEART_BEAT
[7116:6016:0621/002011.592:INFO:aha\components\towel\common\ap_impl.cc:530] [TOWEL][APImpl::OnGetProviderMetaInfo]: RoutingId(7116, 1910463829) provider AhaNet
[7116:6016:0621/002011.592:INFO:aha\components\towel\common\ap_impl.cc:540] [TOWEL][APImpl::OnGetProviderMetaInfo] update meta info for AhaNet method_list is AhaNet::UpdateAhaNetAccessPolicy|AhaNet::UpdateTNCConfig|AhaNet::SetProxy|AhaNet::WsCreate|AhaNet::WsConnect|AhaNet::WsSend|AhaNet::WsDisconnect|AhaNet::WsDestroy, event_list is AhaNet::WsMessage|AhaNet::WsStatusChanged|AhaNet::WsError|AhaNet::TNCConfigUpdated|AhaNet::NetReport|AhaNet::RTTAndThroughput|AhaNet::NetworkQualityType|AhaNet::PacketLostStats
[7116:6016:0621/002011.592:INFO:aha\components\towel\common\static_routing_ap.cc:181] [TOWEL][StaticRoutingAP::RunPendingRequestAndEvents] provider_name= AhaNet
[7116:6016:0621/002011.592:INFO:aha\components\towel\common\ap_impl.cc:530] [TOWEL][APImpl::OnGetProviderMetaInfo]: RoutingId(7116, 1910463829) provider ai
[7116:6016:0621/002011.592:INFO:aha\components\towel\common\ap_impl.cc:540] [TOWEL][APImpl::OnGetProviderMetaInfo] update meta info for ai method_list is ai::SEND, event_list is ai::PUSH_PACKET
[7116:6016:0621/002011.592:INFO:aha\components\towel\common\static_routing_ap.cc:181] [TOWEL][StaticRoutingAP::RunPendingRequestAndEvents] provider_name= ai
[7116:6016:0621/002011.592:INFO:aha\components\towel\common\ap_impl.cc:530] [TOWEL][APImpl::OnGetProviderMetaInfo]: RoutingId(7116, 1910463829) provider ai-agent
[7116:6016:0621/002011.592:INFO:aha\components\towel\common\ap_impl.cc:540] [TOWEL][APImpl::OnGetProviderMetaInfo] update meta info for ai-agent method_list is ai-agent::SEND, event_list is ai-agent::PUSH_PACKET
[7116:6016:0621/002011.592:INFO:aha\components\towel\common\static_routing_ap.cc:181] [TOWEL][StaticRoutingAP::RunPendingRequestAndEvents] provider_name= ai-agent
[7116:6016:0621/002011.592:INFO:aha\components\towel\common\ap_impl.cc:530] [TOWEL][APImpl::OnGetProviderMetaInfo]: RoutingId(7116, 1910463829) provider cueServer
[7116:6016:0621/002011.592:INFO:aha\components\towel\common\ap_impl.cc:540] [TOWEL][APImpl::OnGetProviderMetaInfo] update meta info for cueServer method_list is cueServer::SEND, event_list is cueServer::PUSH_PACKET
[7116:6016:0621/002011.592:INFO:aha\components\towel\common\static_routing_ap.cc:181] [TOWEL][StaticRoutingAP::RunPendingRequestAndEvents] provider_name= cueServer
[7116:6016:0621/002011.592:INFO:aha\components\towel\public\provider.cc:196] [TOWEL][Provider::GetMetaInfo] provider trae-cn-config-channel, method_size is 1 method_list is trae-cn-config-channel::SEND
[7116:6016:0621/002011.592:INFO:aha\components\towel\common\ap_impl.cc:530] [TOWEL][APImpl::OnGetProviderMetaInfo]: RoutingId(7116, 1910463829) provider monitor
[7116:6016:0621/002011.592:INFO:aha\components\towel\common\ap_impl.cc:540] [TOWEL][APImpl::OnGetProviderMetaInfo] update meta info for monitor method_list is monitor::MONITOR_EVENT|monitor::UPLOAD_LOGS|monitor::TOGGLE_LOGIFIER|monitor::REPORT_NETWORK_EVENT|monitor::REPORT_SLARDAR_WEB|monitor::REPORT_CPU_PROFILE|monitor::REPORT_SNAPSHOT|monitor::REPORT_CUSTOM_EXCEPTION, event_list is 
[7116:6016:0621/002011.592:INFO:aha\components\towel\common\static_routing_ap.cc:181] [TOWEL][StaticRoutingAP::RunPendingRequestAndEvents] provider_name= monitor
[7116:6016:0621/002011.592:INFO:aha\components\towel\common\master_impl.cc:78] [TOWEL][MasterImpl::BindAP] success for 1910463829
[7116:6016:0621/002011.592:INFO:aha\components\towel\common\ap_impl.cc:530] [TOWEL][APImpl::OnGetProviderMetaInfo]: RoutingId(7116, 1910463829) provider BlockDetectorProvider
[7116:6016:0621/002011.592:INFO:aha\components\towel\common\ap_impl.cc:540] [TOWEL][APImpl::OnGetProviderMetaInfo] update meta info for BlockDetectorProvider method_list is BlockDetector::HEART_BEAT, event_list is 
[7116:6016:0621/002011.592:INFO:aha\components\towel\common\static_routing_ap.cc:181] [TOWEL][StaticRoutingAP::RunPendingRequestAndEvents] provider_name= BlockDetectorProvider
[7116:6016:0621/002011.592:INFO:aha\services\aha_net\websocket_client_worker.cc:59] Successfully created WebSocket client with id: 7e6efb9e-56b7-43bd-952a-fabdf055baf3
[7116:6016:0621/002011.592:INFO:aha\components\towel\common\ap_impl.cc:530] [TOWEL][APImpl::OnGetProviderMetaInfo]: RoutingId(7116, 1910463829) provider trae-cn-config-channel
[7116:6016:0621/002011.592:INFO:aha\components\towel\common\ap_impl.cc:540] [TOWEL][APImpl::OnGetProviderMetaInfo] update meta info for trae-cn-config-channel method_list is trae-cn-config-channel::SEND, event_list is trae-cn-config-channel::PUSH_PACKET
[7116:6016:0621/002011.592:INFO:aha\components\towel\common\static_routing_ap.cc:181] [TOWEL][StaticRoutingAP::RunPendingRequestAndEvents] provider_name= trae-cn-config-channel
[22400:22404:0621/002011.655:INFO:aha\electron\shell\renderer\api\electron_api_aha_reporter_renderer.cc:160] setPerfContext isSoloMode false

[22400:22404:0621/002011.656:INFO:aha\electron\shell\renderer\api\electron_api_aha_reporter_renderer.cc:160] setPerfContext isAIChatting false

[22400:22404:0621/002011.656:INFO:aha\electron\shell\renderer\api\electron_api_aha_reporter_renderer.cc:160] setPerfContext isStreaming false

[7116:6016:0621/002011.656:INFO:aha\components\perf\perf_custom_param_manager.cc:25] Add custom category param isSoloMode = false
 for process 22400
[7116:6016:0621/002011.656:INFO:aha\components\perf\perf_custom_param_manager.cc:25] Add custom category param isAIChatting = false
 for process 22400
[7116:6016:0621/002011.656:INFO:aha\components\perf\perf_custom_param_manager.cc:25] Add custom category param isStreaming = false
 for process 22400
[22400:22404:0621/002011.661:INFO:aha\components\ipc\ipc_client.cc:36] [AhaIpc] create socket, server: ai-agent, channel_id: d743f30c-3f28-4a5b-b5b5-64c1dd0b6b62
[22400:22404:0621/002011.661:INFO:aha\components\ipc\ipc_client.cc:41] [AhaIpc] listen to server first time, server=ai-agent
[22400:22404:0621/002011.661:INFO:aha\components\towel\common\ap_impl.cc:594] [TOWEL][APImpl::ListensEvents] start, RoutingId(7116, 238740999)
[22400:22404:0621/002011.661:INFO:aha\components\towel\common\ap_impl.cc:608] [TOWEL][APImpl::DoListenEvents] run pending_request_list, ai-agent::PUSH_PACKET
[19376:19380:0621/002011.668:INFO:aha\components\towel\public\provider.cc:310] [TOWEL][Provider::ListenEvent] start, from ap RoutingId(7116, 238740999), event_list is ai-agent::PUSH_PACKET
[19376:19380:0621/002011.668:INFO:aha\components\towel\public\provider.cc:316] [TOWEL][Provider::ListenEvent] no APListenInfo, create one
[19376:19380:0621/002011.668:INFO:aha\components\towel\public\provider.cc:325] [TOWEL][Provider::ListenEvent] no remote_ap for RoutingId(7116, 238740999), get it from master
[19376:19380:0621/002011.668:INFO:aha\components\basil\core\ipc\ipc_server_resource.cc:224] [AhaIpc] OnConnect, channel_id:d743f30c-3f28-4a5b-b5b5-64c1dd0b6b62, resource_id: 5
[7116:6016:0621/002011.668:INFO:aha\components\towel\common\master_impl.cc:78] [TOWEL][MasterImpl::BindAP] success for 238740999
[7116:6016:0621/002011.695:INFO:aha\components\towel\common\static_routing_ap.cc:244] [TOWEL]run timeout checker
[7116:6016:0621/002011.695:INFO:aha\components\towel\common\static_routing_ap.cc:267] [TOWEL]stop timeout checker
[7116:6016:0621/002011.777:INFO:content\public\browser\service_process_host.cc:108] vscode_crash_reporter_process_type: is shared-process
[7116:6016:0621/002011.780:INFO:content\public\browser\service_process_host.cc:108] vscode_crash_reporter_process_type: is fileWatcher
[7116:12568:0621/002011.781:INFO:aha\electron\shell\browser\aha_feature_list\aha_remote_state.cc:190] [RemoteState] electron::(anonymous namespace)::SerializeValueToFile, Writing to C:\Users\79368\AppData\Local\Temp\trae-cn-profile-9346-14076\aha\Remote_State, success 1
[7116:12568:0621/002011.781:INFO:aha\components\towel\common\ap_impl.cc:406] [TOWEL][APImpl::OnProviderAdded] provider_name cueServer, RoutingId(7116, 2016600233)
[7116:12568:0621/002011.782:INFO:aha\components\monitor\monitor.cc:202] [Monitor] OnProviderConnected: OnProviderConnected, name: cueServer
[7116:12568:0621/002011.782:INFO:aha\components\towel\common\static_routing_ap.cc:181] [TOWEL][StaticRoutingAP::RunPendingRequestAndEvents] provider_name= cueServer
[20104:20108:0621/002011.782:INFO:aha\components\towel\public\provider.cc:196] [TOWEL][Provider::GetMetaInfo] provider cueServer, method_size is 1 method_list is cueServer::SEND
[7116:12568:0621/002011.782:INFO:aha\components\towel\common\ap_impl.cc:530] [TOWEL][APImpl::OnGetProviderMetaInfo]: RoutingId(7116, 2016600233) provider cueServer
[7116:12568:0621/002011.782:INFO:aha\components\towel\common\ap_impl.cc:540] [TOWEL][APImpl::OnGetProviderMetaInfo] update meta info for cueServer method_list is cueServer::SEND, event_list is cueServer::PUSH_PACKET
[7116:12568:0621/002011.782:INFO:aha\components\towel\common\static_routing_ap.cc:181] [TOWEL][StaticRoutingAP::RunPendingRequestAndEvents] provider_name= cueServer
[22400:22404:0621/002011.849:INFO:aha\components\towel\common\ap_impl.cc:406] [TOWEL][APImpl::OnProviderAdded] provider_name cueServer, RoutingId(7116, 238740999)
[22400:22404:0621/002011.849:INFO:aha\components\ipc\ipc_client.cc:172] [AhaIpc] provider connected, name: cueServer
[22400:22404:0621/002011.849:INFO:aha\components\towel\common\static_routing_ap.cc:181] [TOWEL][StaticRoutingAP::RunPendingRequestAndEvents] provider_name= cueServer
[20104:20108:0621/002011.850:INFO:aha\components\towel\public\provider.cc:196] [TOWEL][Provider::GetMetaInfo] provider cueServer, method_size is 1 method_list is cueServer::SEND
[7116:6016:0621/002011.908:ERROR:aha\components\page_load_metrics\observers\page_load_metrics_observer.cc:764] [page_load_metrics][traceId-] this:0x617c00470800, OnDidAddMessageToConsole: src:workbench.desktop.main.js:3845, message:[SANDBOX_TO_MAIN_GET_SETUP_PAGE_LOGIN_FAILED_STATUS] reason: 
[22400:22404:0621/002011.975:INFO:aha\components\towel\common\ap_impl.cc:530] [TOWEL][APImpl::OnGetProviderMetaInfo]: RoutingId(7116, 238740999) provider cueServer
[22400:22404:0621/002011.975:INFO:aha\components\towel\common\ap_impl.cc:540] [TOWEL][APImpl::OnGetProviderMetaInfo] update meta info for cueServer method_list is cueServer::SEND, event_list is cueServer::PUSH_PACKET
[22400:22404:0621/002011.975:INFO:aha\components\towel\common\static_routing_ap.cc:181] [TOWEL][StaticRoutingAP::RunPendingRequestAndEvents] provider_name= cueServer
[7116:6016:0621/002011.987:INFO:content\public\browser\service_process_host.cc:108] vscode_crash_reporter_process_type: is extensionHost
[7116:6016:0621/002012.181:INFO:aha\components\page_load_metrics\observers\page_load_metrics_observer.cc:591] [page_load_metrics][traceId-] this:0x617c00470800, LCP event triggered: LCP: 5749, index: 2
[7116:6016:0621/002012.181:INFO:aha\components\metrics\metrics_base.cc:112] [startup]  category: , metrics: basicStartupComplete=4;basicStartupComplete_end=6;basicStartupComplete_start=2;commitNavigation=903;commitNavigation_end=3146;commitNavigation_start=2243;crashReporterStartup=67;crashReporterStartup_end=73;crashReporterStartup_start=6;createBrowserWindow=107;createBrowserWindow_end=1878;createBrowserWindow_start=1771;createNodeEnv=55;createNodeEnv_end=139;createNodeEnv_start=84;dcl=1263;dcl_end=3250;dcl_start=1987;emitReadyEvent=17;emitReadyEvent_end=1302;emitReadyEvent_start=1285;fcp=5613;fcp_end=7600;fcp_start=1987;fmp=0;fmp_end=1987;fmp_start=1987;fp=1292;fp_end=3279;fp_start=1987;initNodeEnv=52;initNodeEnv_end=191;initNodeEnv_start=139;initRunBrowser=4;initRunBrowser_end=79;initRunBrowser_start=75;initializeICU=0;initializeICU_end=6;initializeICU_start=6;joinAppCode=0;joinAppCode_end=1131;joinAppCode_start=1131;l=1265;l_end=3252;l_start=1987;lcp=5749;lcp_end=7736;lcp_start=1987;loadAppCode=940;loadAppCode_end=1131;loadAppCode_start=191;loadV8Snapshot=0;loadV8Snapshot_end=6;loadV8Snapshot_start=6;parse=103;parse_end=3250;parse_start=3147;rendererReady=1113;rendererReady_end=3100;rendererReady_start=1987;response=1146;response_end=3185;response_start=2039;startup=7930;startup_end=7930;startup_start=0;
[17928:17932:0621/002012.663:INFO:aha\services\monitor\src\monitor_handler.cc:589] [MonitorHandler] ReportNetworkEvent: [MonitorService] ReportNetworkEvent
[20104:20108:0621/002012.932:WARNING:aha\components\ipc\ipc_server.cc:82] [AhaIpc] socket not found, try to connect implicitly. channelId= e7024974-6b7c-4828-a533-6afb54e0999a
[7116:6016:0621/002012.958:INFO:aha\components\ipc\ipc_client.cc:75] [AhaIpc] disconnect, channel_id: e7024974-6b7c-4828-a533-6afb54e0999a
[7116:6016:0621/002012.958:INFO:aha\components\ipc\ipc_socket.cc:22] [AhaIpc] destruct, channel_id: e7024974-6b7c-4828-a533-6afb54e0999a
[7116:6016:0621/002012.958:INFO:aha\components\ipc\ipc_socket.cc:69] [AhaIpc] socket on_disconnect, server: cueServer,  channel_id: e7024974-6b7c-4828-a533-6afb54e0999a
[20104:20108:0621/002012.958:INFO:aha\components\ipc\ipc_socket.cc:22] [AhaIpc] destruct, channel_id: e7024974-6b7c-4828-a533-6afb54e0999a
[20104:20108:0621/002012.958:INFO:aha\components\ipc\ipc_socket.cc:69] [AhaIpc] socket on_disconnect, server: cueServer,  channel_id: e7024974-6b7c-4828-a533-6afb54e0999a
[17928:17932:0621/002013.415:INFO:aha\services\monitor\src\monitor_handler.cc:589] [MonitorHandler] ReportNetworkEvent: [MonitorService] ReportNetworkEvent
[17928:17932:0621/002013.415:INFO:aha\services\monitor\src\monitor_handler.cc:589] [MonitorHandler] ReportNetworkEvent: [MonitorService] ReportNetworkEvent
[17928:17932:0621/002013.415:INFO:aha\services\monitor\src\monitor_handler.cc:589] [MonitorHandler] ReportNetworkEvent: [MonitorService] ReportNetworkEvent
[17928:17932:0621/002013.415:INFO:aha\services\monitor\src\monitor_handler.cc:589] [MonitorHandler] ReportNetworkEvent: [MonitorService] ReportNetworkEvent
[17928:17932:0621/002013.860:INFO:aha\services\monitor\src\monitor_handler.cc:589] [MonitorHandler] ReportNetworkEvent: [MonitorService] ReportNetworkEvent
[7116:6016:0621/002013.931:ERROR:aha\components\page_load_metrics\observers\page_load_metrics_observer.cc:764] [page_load_metrics][traceId-] this:0x617c00470800, OnDidAddMessageToConsole: src:workbench.desktop.main.js:6667, message:Loading the script 'https://lf3-short.ibytedapm.com/slardar/fe/sdk-web/plugins/common-monitors.1.16.6.js' violates the following Content Security Policy directive: "script-src 'self'
					'unsafe-eval'
					'unsafe-inline'
					blob:
					https://*.trae.com.cn
					https://*.trae.cn
					https://*.trae.ai
					https://*.traecdn.us
					https://*.tiktokd.org". Note that 'script-src-elem' was not explicitly set, so 'script-src' is used as a fallback. The action has been blocked.
[19376:19380:0621/002014.065:ERROR:aha\components\towel\common\ap_impl.cc:558] [TOWEL][APImpl::OnProviderDisconnected] lose connection with provider ckg, RoutingId(7116, 2122083188), reason 0, message 
[19376:19380:0621/002014.065:ERROR:aha\components\towel\common\ap_impl.cc:558] [TOWEL][APImpl::OnProviderDisconnected] lose connection with provider ckg, RoutingId(7116, 1445795129), reason 0, message 
[19376:19380:0621/002014.065:INFO:aha\components\ipc\ipc_client.cc:186] [AhaIpc] provider disconncted, name: ckg
[19376:19380:0621/002014.065:INFO:aha\components\ipc\ipc_socket.cc:22] [AhaIpc] destruct, channel_id: fbf79067-175b-4463-9a72-8f2a5aa7e0af
[19376:19380:0621/002014.065:INFO:aha\components\ipc\ipc_socket.cc:69] [AhaIpc] socket on_disconnect, server: ckg,  channel_id: fbf79067-175b-4463-9a72-8f2a5aa7e0af
[19376:19380:0621/002014.065:INFO:aha\components\basil\core\ipc\ipc_client_resource.cc:212] [AhaIpc] OnDisconnect. channel_id: fbf79067-175b-4463-9a72-8f2a5aa7e0af, resource_id: 4
[19376:19380:0621/002014.065:ERROR:aha\components\towel\common\ap_impl.cc:558] [TOWEL][APImpl::OnProviderDisconnected] lose connection with provider ckg, RoutingId(7116, 1914257655), reason 0, message 
[7116:12568:0621/002014.067:ERROR:aha\components\towel\common\ap_impl.cc:558] [TOWEL][APImpl::OnProviderDisconnected] lose connection with provider ckg, RoutingId(7116, 2016600233), reason 0, message 
[7116:6016:0621/002014.067:ERROR:aha\components\towel\common\ap_impl.cc:558] [TOWEL][APImpl::OnProviderDisconnected] lose connection with provider ckg, RoutingId(7116, 1336779637), reason 0, message 
[20104:20108:0621/002014.067:ERROR:aha\components\towel\common\ap_impl.cc:558] [TOWEL][APImpl::OnProviderDisconnected] lose connection with provider ckg, RoutingId(7116, 1253776709), reason 0, message 
[7116:12568:0621/002014.067:INFO:aha\components\monitor\monitor.cc:198] [Monitor] OnProviderDisconnected: OnProviderDisconnected, name: ckg
[20104:20108:0621/002014.067:INFO:aha\components\ipc\ipc_client.cc:186] [AhaIpc] provider disconncted, name: ckg
[7116:6016:0621/002014.067:ERROR:aha\components\towel\common\ap_impl.cc:558] [TOWEL][APImpl::OnProviderDisconnected] lose connection with provider ckg, RoutingId(7116, 1910463829), reason 0, message 
[7116:6016:0621/002014.067:ERROR:aha\components\basil\core\native_extension_impl.cc:259] [Basil]process crashed, name=ckg, code=1
[7116:6016:0621/002014.067:INFO:aha\components\basil\core\native_extension_impl.cc:266] [Basil]HandleTermination, exit_code=1
[7116:6016:0621/002014.070:INFO:aha\components\basil\core\native_extension_manager_impl.cc:96] [Basil]release native_extension, name=ckg
[7116:6016:0621/002014.070:ERROR:aha\components\process_observer\aha_process_observer.cc:72] [process observer][process gone] type is: ckg, pid is: 19468, status is: 2, exit code is: 1, run time is: -1, is sandbox: 1
[7116:6016:0621/002014.071:INFO:aha\components\perf\perf_manager_base.cc:513] [perf manager][function = RemoveProcess] remove exited process:19468
[7116:6016:0621/002014.071:INFO:aha\components\report_context\report_context_process_host.cc:225] [ReportContext] virtual aha::ReportContextProcessHost::BrowserChildProcessHostDisconnected, type=6 pid=19468 name=basil.mojom.NativeExtensionService
[7116:6016:0621/002014.071:ERROR:aha\components\towel\common\ap_impl.cc:558] [TOWEL][APImpl::OnProviderDisconnected] lose connection with provider ckg, RoutingId(7116, 341743295), reason 0, message 
[7116:6016:0621/002014.071:INFO:aha\components\ipc\ipc_client.cc:186] [AhaIpc] provider disconncted, name: ckg
[7116:6016:0621/002014.071:ERROR:aha\components\towel\common\ap_impl.cc:558] [TOWEL][APImpl::OnProviderDisconnected] lose connection with provider ckg, RoutingId(7116, 1578995633), reason 0, message 
[7116:6016:0621/002014.071:INFO:aha\components\towel\common\master_impl.cc:220] [TOWEL][MasterImpl::OnProviderDisconnect] provider disconnect, name=ckg reason= 0 message= 
[7116:6016:0621/002014.071:INFO:aha\components\towel\common\master_impl.cc:166] [TOWEL][MasterImpl::UnRegisterProvider] name is ckg provider size now is 7
[7116:6016:0621/002014.071:INFO:aha\components\towel\public\provider.cc:437] [TOWEL][Provider::OnAPDisconnceted] ap_id RoutingId(7116, 2009954208)
[7116:6016:0621/002014.071:INFO:aha\components\ipc\ipc_server.cc:137] [AhaIpc] clear sockets for RoutingId(7116, 2009954208)
[7116:6016:0621/002014.071:INFO:aha\components\ipc\ipc_server.cc:140] [AhaIpc] remove socket, channel_id: 145f1028-ea24-41ed-9f81-ca02bc8350c0
[7116:6016:0621/002014.071:INFO:aha\components\ipc\ipc_socket.cc:22] [AhaIpc] destruct, channel_id: 145f1028-ea24-41ed-9f81-ca02bc8350c0
[7116:6016:0621/002014.071:INFO:aha\components\ipc\ipc_socket.cc:69] [AhaIpc] socket on_disconnect, server: trae-cn-config-channel,  channel_id: 145f1028-ea24-41ed-9f81-ca02bc8350c0
[7116:4548:0621/002014.073:INFO:aha\components\perf\process\process_type_provider.cc:125] [ProcessTypeProvider] aha::ProcessTypeProvider::RemoveProcessOnTaskRunner, pid 19468
[7116:6016:0621/002014.130:ERROR:aha\components\basil\core\native_extension_manager_impl.cc:51] [Basil][Basil] no extension found, name=ckg
[7116:6016:0621/002014.130:INFO:aha\components\basil\core\native_extension_impl.cc:105] [Basil]native_extension created, name=ckg
[7116:6016:0621/002014.130:INFO:aha\components\basil\core\native_extension_impl.cc:130] [Basil]launch native extension process start, name=ckg
[7116:6016:0621/002014.130:INFO:content\public\browser\service_process_host.cc:108] vscode_crash_reporter_process_type: is ckg
[17928:17932:0621/002014.175:INFO:aha\services\monitor\src\monitor_handler.cc:589] [MonitorHandler] ReportNetworkEvent: [MonitorService] ReportNetworkEvent
[19376:19380:0621/002014.991:INFO:aha\components\basil\core\aha_net\http\url_loader.cc:141] Starting URL load for id=req_f51f1f02-cb34-400e-8229-289c664c38da, method=GET
[19376:19380:0621/002014.995:INFO:aha\components\basil\core\aha_net\http\url_loader.cc:141] Starting URL load for id=req_7b82a776-d6b6-4ba5-956b-2b78d2ac3d94, method=POST
[19376:19380:0621/002014.996:INFO:aha\components\basil\core\aha_net\http\url_loader.cc:141] Starting URL load for id=req_69f7e59d-f9f6-4052-a6a8-9d9538f41331, method=POST
[19376:19380:0621/002014.996:INFO:aha\components\basil\core\aha_net\http\url_loader.cc:141] Starting URL load for id=req_623e27c4-15fc-4943-8feb-3635e6847dd0, method=POST
[22400:22404:0621/002015.012:ERROR:aha\components\towel\common\ap_impl.cc:558] [TOWEL][APImpl::OnProviderDisconnected] lose connection with provider ckg, RoutingId(7116, 238740999), reason 0, message 
[22400:22404:0621/002015.012:INFO:aha\components\ipc\ipc_client.cc:186] [AhaIpc] provider disconncted, name: ckg
[7116:6016:0621/002015.013:INFO:aha\components\report_context\report_context_process_host.cc:303] [ReportContext] aha::ReportContextProcessHost::BroadcastSetCrashAnnotation, key=aha_electron_version to 6 processes
[7116:6016:0621/002015.017:INFO:aha\components\report_context\report_context_process_host.cc:312] [ReportContext] aha::ReportContextProcessHost::BroadcastSetCrashAnnotation, done, sent_to=6 processes
[7116:6016:0621/002015.017:INFO:aha\components\report_context\report_context_process_host.cc:303] [ReportContext] aha::ReportContextProcessHost::BroadcastSetCrashAnnotation, key=aiRegion to 6 processes
[7116:6016:0621/002015.024:INFO:aha\components\report_context\report_context_process_host.cc:312] [ReportContext] aha::ReportContextProcessHost::BroadcastSetCrashAnnotation, done, sent_to=6 processes
[7116:6016:0621/002015.024:INFO:aha\components\report_context\report_context_process_host.cc:303] [ReportContext] aha::ReportContextProcessHost::BroadcastSetCrashAnnotation, key=app_is_focus to 6 processes
[7116:6016:0621/002015.025:INFO:aha\components\report_context\report_context_process_host.cc:312] [ReportContext] aha::ReportContextProcessHost::BroadcastSetCrashAnnotation, done, sent_to=6 processes
[7116:6016:0621/002015.025:INFO:aha\components\report_context\report_context_process_host.cc:303] [ReportContext] aha::ReportContextProcessHost::BroadcastSetCrashAnnotation, key=app_is_global_searching to 6 processes
[7116:6016:0621/002015.025:INFO:aha\components\report_context\report_context_process_host.cc:312] [ReportContext] aha::ReportContextProcessHost::BroadcastSetCrashAnnotation, done, sent_to=6 processes
[7116:6016:0621/002015.025:INFO:aha\components\report_context\report_context_process_host.cc:303] [ReportContext] aha::ReportContextProcessHost::BroadcastSetCrashAnnotation, key=app_is_solo_mode to 6 processes
[7116:6016:0621/002015.025:INFO:aha\components\report_context\report_context_process_host.cc:312] [ReportContext] aha::ReportContextProcessHost::BroadcastSetCrashAnnotation, done, sent_to=6 processes
[7116:6016:0621/002015.025:INFO:aha\components\report_context\report_context_process_host.cc:303] [ReportContext] aha::ReportContextProcessHost::BroadcastSetCrashAnnotation, key=app_is_visible to 6 processes
[7116:6016:0621/002015.025:INFO:aha\components\report_context\report_context_process_host.cc:312] [ReportContext] aha::ReportContextProcessHost::BroadcastSetCrashAnnotation, done, sent_to=6 processes
[7116:6016:0621/002015.025:INFO:aha\components\report_context\report_context_process_host.cc:303] [ReportContext] aha::ReportContextProcessHost::BroadcastSetCrashAnnotation, key=app_language to 6 processes
[7116:6016:0621/002015.025:INFO:aha\components\report_context\report_context_process_host.cc:312] [ReportContext] aha::ReportContextProcessHost::BroadcastSetCrashAnnotation, done, sent_to=6 processes
[7116:6016:0621/002015.025:INFO:aha\components\report_context\report_context_process_host.cc:303] [ReportContext] aha::ReportContextProcessHost::BroadcastSetCrashAnnotation, key=app_version to 6 processes
[7116:6016:0621/002015.025:INFO:aha\components\report_context\report_context_process_host.cc:312] [ReportContext] aha::ReportContextProcessHost::BroadcastSetCrashAnnotation, done, sent_to=6 processes
[7116:6016:0621/002015.025:INFO:aha\components\report_context\report_context_process_host.cc:303] [ReportContext] aha::ReportContextProcessHost::BroadcastSetCrashAnnotation, key=arch to 6 processes
[7116:6016:0621/002015.025:INFO:aha\components\report_context\report_context_process_host.cc:312] [ReportContext] aha::ReportContextProcessHost::BroadcastSetCrashAnnotation, done, sent_to=6 processes
[7116:6016:0621/002015.025:INFO:aha\components\report_context\report_context_process_host.cc:303] [ReportContext] aha::ReportContextProcessHost::BroadcastSetCrashAnnotation, key=biz_user_id to 6 processes
[7116:6016:0621/002015.027:INFO:aha\components\report_context\report_context_process_host.cc:312] [ReportContext] aha::ReportContextProcessHost::BroadcastSetCrashAnnotation, done, sent_to=6 processes
[7116:6016:0621/002015.027:INFO:aha\components\report_context\report_context_process_host.cc:303] [ReportContext] aha::ReportContextProcessHost::BroadcastSetCrashAnnotation, key=build_time to 6 processes
[7116:6016:0621/002015.027:INFO:aha\components\report_context\report_context_process_host.cc:312] [ReportContext] aha::ReportContextProcessHost::BroadcastSetCrashAnnotation, done, sent_to=6 processes
[7116:6016:0621/002015.027:INFO:aha\components\report_context\report_context_process_host.cc:303] [ReportContext] aha::ReportContextProcessHost::BroadcastSetCrashAnnotation, key=build_version to 6 processes
[7116:6016:0621/002015.027:INFO:aha\components\report_context\report_context_process_host.cc:312] [ReportContext] aha::ReportContextProcessHost::BroadcastSetCrashAnnotation, done, sent_to=6 processes
[7116:6016:0621/002015.027:INFO:aha\components\report_context\report_context_process_host.cc:303] [ReportContext] aha::ReportContextProcessHost::BroadcastSetCrashAnnotation, key=channel to 6 processes
[7116:6016:0621/002015.027:INFO:aha\components\report_context\report_context_process_host.cc:312] [ReportContext] aha::ReportContextProcessHost::BroadcastSetCrashAnnotation, done, sent_to=6 processes
[7116:6016:0621/002015.027:INFO:aha\components\report_context\report_context_process_host.cc:303] [ReportContext] aha::ReportContextProcessHost::BroadcastSetCrashAnnotation, key=cpu to 6 processes
[7116:6016:0621/002015.027:INFO:aha\components\report_context\report_context_process_host.cc:312] [ReportContext] aha::ReportContextProcessHost::BroadcastSetCrashAnnotation, done, sent_to=6 processes
[7116:6016:0621/002015.027:INFO:aha\components\report_context\report_context_process_host.cc:303] [ReportContext] aha::ReportContextProcessHost::BroadcastSetCrashAnnotation, key=cpu_brand to 6 processes
[7116:6016:0621/002015.028:INFO:aha\components\report_context\report_context_process_host.cc:312] [ReportContext] aha::ReportContextProcessHost::BroadcastSetCrashAnnotation, done, sent_to=6 processes
[7116:6016:0621/002015.028:INFO:aha\components\report_context\report_context_process_host.cc:303] [ReportContext] aha::ReportContextProcessHost::BroadcastSetCrashAnnotation, key=cpu_speed to 6 processes
[7116:6016:0621/002015.028:INFO:aha\components\report_context\report_context_process_host.cc:312] [ReportContext] aha::ReportContextProcessHost::BroadcastSetCrashAnnotation, done, sent_to=6 processes
[7116:6016:0621/002015.028:INFO:aha\components\report_context\report_context_process_host.cc:303] [ReportContext] aha::ReportContextProcessHost::BroadcastSetCrashAnnotation, key=device_id to 6 processes
[7116:6016:0621/002015.028:INFO:aha\components\report_context\report_context_process_host.cc:312] [ReportContext] aha::ReportContextProcessHost::BroadcastSetCrashAnnotation, done, sent_to=6 processes
[7116:6016:0621/002015.028:INFO:aha\components\report_context\report_context_process_host.cc:303] [ReportContext] aha::ReportContextProcessHost::BroadcastSetCrashAnnotation, key=device_manufacturer to 6 processes
[7116:6016:0621/002015.028:INFO:aha\components\report_context\report_context_process_host.cc:312] [ReportContext] aha::ReportContextProcessHost::BroadcastSetCrashAnnotation, done, sent_to=6 processes
[7116:6016:0621/002015.028:INFO:aha\components\report_context\report_context_process_host.cc:303] [ReportContext] aha::ReportContextProcessHost::BroadcastSetCrashAnnotation, key=device_model to 6 processes
[7116:6016:0621/002015.028:INFO:aha\components\report_context\report_context_process_host.cc:312] [ReportContext] aha::ReportContextProcessHost::BroadcastSetCrashAnnotation, done, sent_to=6 processes
[7116:6016:0621/002015.028:INFO:aha\components\report_context\report_context_process_host.cc:303] [ReportContext] aha::ReportContextProcessHost::BroadcastSetCrashAnnotation, key=icube_main_uid to 6 processes
[7116:6016:0621/002015.028:INFO:aha\components\report_context\report_context_process_host.cc:312] [ReportContext] aha::ReportContextProcessHost::BroadcastSetCrashAnnotation, done, sent_to=6 processes
[7116:6016:0621/002015.028:INFO:aha\components\report_context\report_context_process_host.cc:303] [ReportContext] aha::ReportContextProcessHost::BroadcastSetCrashAnnotation, key=icube_uid to 6 processes
[7116:6016:0621/002015.029:INFO:aha\components\report_context\report_context_process_host.cc:312] [ReportContext] aha::ReportContextProcessHost::BroadcastSetCrashAnnotation, done, sent_to=6 processes
[7116:6016:0621/002015.029:INFO:aha\components\report_context\report_context_process_host.cc:303] [ReportContext] aha::ReportContextProcessHost::BroadcastSetCrashAnnotation, key=identity to 6 processes
[7116:6016:0621/002015.030:INFO:aha\components\report_context\report_context_process_host.cc:312] [ReportContext] aha::ReportContextProcessHost::BroadcastSetCrashAnnotation, done, sent_to=6 processes
[7116:6016:0621/002015.030:INFO:aha\components\report_context\report_context_process_host.cc:303] [ReportContext] aha::ReportContextProcessHost::BroadcastSetCrashAnnotation, key=identity_str to 6 processes
[7116:6016:0621/002015.032:INFO:aha\components\report_context\report_context_process_host.cc:312] [ReportContext] aha::ReportContextProcessHost::BroadcastSetCrashAnnotation, done, sent_to=6 processes
[7116:6016:0621/002015.032:INFO:aha\components\report_context\report_context_process_host.cc:303] [ReportContext] aha::ReportContextProcessHost::BroadcastSetCrashAnnotation, key=is_arch_matched to 6 processes
[7116:6016:0621/002015.032:INFO:aha\components\report_context\report_context_process_host.cc:312] [ReportContext] aha::ReportContextProcessHost::BroadcastSetCrashAnnotation, done, sent_to=6 processes
[7116:6016:0621/002015.032:INFO:aha\components\report_context\report_context_process_host.cc:303] [ReportContext] aha::ReportContextProcessHost::BroadcastSetCrashAnnotation, key=is_freshman to 6 processes
[7116:6016:0621/002015.032:INFO:aha\components\report_context\report_context_process_host.cc:312] [ReportContext] aha::ReportContextProcessHost::BroadcastSetCrashAnnotation, done, sent_to=6 processes
[7116:6016:0621/002015.032:INFO:aha\components\report_context\report_context_process_host.cc:303] [ReportContext] aha::ReportContextProcessHost::BroadcastSetCrashAnnotation, key=is_special_uuid to 6 processes
[7116:6016:0621/002015.032:INFO:aha\components\report_context\report_context_process_host.cc:312] [ReportContext] aha::ReportContextProcessHost::BroadcastSetCrashAnnotation, done, sent_to=6 processes
[7116:6016:0621/002015.032:INFO:aha\components\report_context\report_context_process_host.cc:303] [ReportContext] aha::ReportContextProcessHost::BroadcastSetCrashAnnotation, key=is_ssh to 6 processes
[7116:6016:0621/002015.032:INFO:aha\components\report_context\report_context_process_host.cc:312] [ReportContext] aha::ReportContextProcessHost::BroadcastSetCrashAnnotation, done, sent_to=6 processes
[7116:6016:0621/002015.032:INFO:aha\components\report_context\report_context_process_host.cc:303] [ReportContext] aha::ReportContextProcessHost::BroadcastSetCrashAnnotation, key=language to 6 processes
[7116:6016:0621/002015.032:INFO:aha\components\report_context\report_context_process_host.cc:312] [ReportContext] aha::ReportContextProcessHost::BroadcastSetCrashAnnotation, done, sent_to=6 processes
[7116:6016:0621/002015.032:INFO:aha\components\report_context\report_context_process_host.cc:303] [ReportContext] aha::ReportContextProcessHost::BroadcastSetCrashAnnotation, key=local_device_id to 6 processes
[7116:6016:0621/002015.033:INFO:aha\components\report_context\report_context_process_host.cc:312] [ReportContext] aha::ReportContextProcessHost::BroadcastSetCrashAnnotation, done, sent_to=6 processes
[7116:6016:0621/002015.033:INFO:aha\components\report_context\report_context_process_host.cc:303] [ReportContext] aha::ReportContextProcessHost::BroadcastSetCrashAnnotation, key=machine_id to 6 processes
[7116:6016:0621/002015.033:INFO:aha\components\report_context\report_context_process_host.cc:312] [ReportContext] aha::ReportContextProcessHost::BroadcastSetCrashAnnotation, done, sent_to=6 processes
[7116:6016:0621/002015.033:INFO:aha\components\report_context\report_context_process_host.cc:303] [ReportContext] aha::ReportContextProcessHost::BroadcastSetCrashAnnotation, key=memory to 6 processes
[7116:6016:0621/002015.033:INFO:aha\components\report_context\report_context_process_host.cc:312] [ReportContext] aha::ReportContextProcessHost::BroadcastSetCrashAnnotation, done, sent_to=6 processes
[7116:6016:0621/002015.033:INFO:aha\components\report_context\report_context_process_host.cc:303] [ReportContext] aha::ReportContextProcessHost::BroadcastSetCrashAnnotation, key=os_name to 6 processes
[7116:6016:0621/002015.033:INFO:aha\components\report_context\report_context_process_host.cc:312] [ReportContext] aha::ReportContextProcessHost::BroadcastSetCrashAnnotation, done, sent_to=6 processes
[7116:6016:0621/002015.033:INFO:aha\components\report_context\report_context_process_host.cc:303] [ReportContext] aha::ReportContextProcessHost::BroadcastSetCrashAnnotation, key=os_version to 6 processes
[7116:6016:0621/002015.033:INFO:aha\components\report_context\report_context_process_host.cc:312] [ReportContext] aha::ReportContextProcessHost::BroadcastSetCrashAnnotation, done, sent_to=6 processes
[7116:6016:0621/002015.033:INFO:aha\components\report_context\report_context_process_host.cc:303] [ReportContext] aha::ReportContextProcessHost::BroadcastSetCrashAnnotation, key=platform to 6 processes
[7116:6016:0621/002015.033:INFO:aha\components\report_context\report_context_process_host.cc:312] [ReportContext] aha::ReportContextProcessHost::BroadcastSetCrashAnnotation, done, sent_to=6 processes
[7116:6016:0621/002015.033:INFO:aha\components\report_context\report_context_process_host.cc:303] [ReportContext] aha::ReportContextProcessHost::BroadcastSetCrashAnnotation, key=privacy_mode to 6 processes
[7116:6016:0621/002015.033:INFO:aha\components\report_context\report_context_process_host.cc:312] [ReportContext] aha::ReportContextProcessHost::BroadcastSetCrashAnnotation, done, sent_to=6 processes
[7116:6016:0621/002015.033:INFO:aha\components\report_context\report_context_process_host.cc:303] [ReportContext] aha::ReportContextProcessHost::BroadcastSetCrashAnnotation, key=process_type to 6 processes
[7116:6016:0621/002015.033:INFO:aha\components\report_context\report_context_process_host.cc:312] [ReportContext] aha::ReportContextProcessHost::BroadcastSetCrashAnnotation, done, sent_to=6 processes
[7116:6016:0621/002015.033:INFO:aha\components\report_context\report_context_process_host.cc:303] [ReportContext] aha::ReportContextProcessHost::BroadcastSetCrashAnnotation, key=product_code to 6 processes
[7116:6016:0621/002015.034:INFO:aha\components\report_context\report_context_process_host.cc:312] [ReportContext] aha::ReportContextProcessHost::BroadcastSetCrashAnnotation, done, sent_to=6 processes
[7116:6016:0621/002015.034:INFO:aha\components\report_context\report_context_process_host.cc:303] [ReportContext] aha::ReportContextProcessHost::BroadcastSetCrashAnnotation, key=quality to 6 processes
[7116:6016:0621/002015.034:INFO:aha\components\report_context\report_context_process_host.cc:312] [ReportContext] aha::ReportContextProcessHost::BroadcastSetCrashAnnotation, done, sent_to=6 processes
[7116:6016:0621/002015.034:INFO:aha\components\report_context\report_context_process_host.cc:303] [ReportContext] aha::ReportContextProcessHost::BroadcastSetCrashAnnotation, key=region to 6 processes
[7116:6016:0621/002015.034:INFO:aha\components\report_context\report_context_process_host.cc:312] [ReportContext] aha::ReportContextProcessHost::BroadcastSetCrashAnnotation, done, sent_to=6 processes
[7116:6016:0621/002015.034:INFO:aha\components\report_context\report_context_process_host.cc:303] [ReportContext] aha::ReportContextProcessHost::BroadcastSetCrashAnnotation, key=release to 6 processes
[7116:6016:0621/002015.034:INFO:aha\components\report_context\report_context_process_host.cc:312] [ReportContext] aha::ReportContextProcessHost::BroadcastSetCrashAnnotation, done, sent_to=6 processes
[7116:6016:0621/002015.034:INFO:aha\components\report_context\report_context_process_host.cc:303] [ReportContext] aha::ReportContextProcessHost::BroadcastSetCrashAnnotation, key=scope to 6 processes
[7116:6016:0621/002015.034:INFO:aha\components\report_context\report_context_process_host.cc:312] [ReportContext] aha::ReportContextProcessHost::BroadcastSetCrashAnnotation, done, sent_to=6 processes
[7116:6016:0621/002015.034:INFO:aha\components\report_context\report_context_process_host.cc:303] [ReportContext] aha::ReportContextProcessHost::BroadcastSetCrashAnnotation, key=store_region to 6 processes
[7116:6016:0621/002015.034:INFO:aha\components\report_context\report_context_process_host.cc:312] [ReportContext] aha::ReportContextProcessHost::BroadcastSetCrashAnnotation, done, sent_to=6 processes
[7116:6016:0621/002015.034:INFO:aha\components\report_context\report_context_process_host.cc:303] [ReportContext] aha::ReportContextProcessHost::BroadcastSetCrashAnnotation, key=system to 6 processes
[7116:6016:0621/002015.034:INFO:aha\components\report_context\report_context_process_host.cc:312] [ReportContext] aha::ReportContextProcessHost::BroadcastSetCrashAnnotation, done, sent_to=6 processes
[7116:6016:0621/002015.034:INFO:aha\components\report_context\report_context_process_host.cc:303] [ReportContext] aha::ReportContextProcessHost::BroadcastSetCrashAnnotation, key=tenant to 6 processes
[7116:6016:0621/002015.034:INFO:aha\components\report_context\report_context_process_host.cc:312] [ReportContext] aha::ReportContextProcessHost::BroadcastSetCrashAnnotation, done, sent_to=6 processes
[7116:6016:0621/002015.034:INFO:aha\components\report_context\report_context_process_host.cc:303] [ReportContext] aha::ReportContextProcessHost::BroadcastSetCrashAnnotation, key=user_id to 6 processes
[7116:6016:0621/002015.034:INFO:aha\components\report_context\report_context_process_host.cc:312] [ReportContext] aha::ReportContextProcessHost::BroadcastSetCrashAnnotation, done, sent_to=6 processes
[7116:6016:0621/002015.034:INFO:aha\components\report_context\report_context_process_host.cc:303] [ReportContext] aha::ReportContextProcessHost::BroadcastSetCrashAnnotation, key=user_is_login to 6 processes
[7116:6016:0621/002015.034:INFO:aha\components\report_context\report_context_process_host.cc:312] [ReportContext] aha::ReportContextProcessHost::BroadcastSetCrashAnnotation, done, sent_to=6 processes
[7116:6016:0621/002015.034:INFO:aha\components\report_context\report_context_process_host.cc:303] [ReportContext] aha::ReportContextProcessHost::BroadcastSetCrashAnnotation, key=user_unique_id to 6 processes
[7116:6016:0621/002015.035:INFO:aha\components\report_context\report_context_process_host.cc:312] [ReportContext] aha::ReportContextProcessHost::BroadcastSetCrashAnnotation, done, sent_to=6 processes
[7116:6016:0621/002015.035:INFO:aha\components\report_context\report_context_process_host.cc:303] [ReportContext] aha::ReportContextProcessHost::BroadcastSetCrashAnnotation, key=vscode_version to 6 processes
[7116:6016:0621/002015.035:INFO:aha\components\report_context\report_context_process_host.cc:312] [ReportContext] aha::ReportContextProcessHost::BroadcastSetCrashAnnotation, done, sent_to=6 processes
[7116:6016:0621/002015.035:INFO:aha\components\report_context\report_context_process_host.cc:303] [ReportContext] aha::ReportContextProcessHost::BroadcastSetCrashAnnotation, key=workspace_id to 6 processes
[7116:6016:0621/002015.035:INFO:aha\components\report_context\report_context_process_host.cc:312] [ReportContext] aha::ReportContextProcessHost::BroadcastSetCrashAnnotation, done, sent_to=6 processes
[7116:6016:0621/002015.035:INFO:aha\components\report_context\report_context_process_host.cc:303] [ReportContext] aha::ReportContextProcessHost::BroadcastSetCrashAnnotation, key=workspace_status to 6 processes
[7116:6016:0621/002015.035:INFO:aha\components\report_context\report_context_process_host.cc:312] [ReportContext] aha::ReportContextProcessHost::BroadcastSetCrashAnnotation, done, sent_to=6 processes
[7116:6016:0621/002015.048:INFO:aha\components\report_context\report_context_process_host.cc:303] [ReportContext] aha::ReportContextProcessHost::BroadcastSetCrashAnnotation, key=ai_is_subagent_chating to 6 processes
[7116:6016:0621/002015.048:INFO:aha\components\report_context\report_context_process_host.cc:312] [ReportContext] aha::ReportContextProcessHost::BroadcastSetCrashAnnotation, done, sent_to=6 processes
[7116:6016:0621/002015.048:INFO:aha\components\report_context\report_context_process_host.cc:303] [ReportContext] aha::ReportContextProcessHost::BroadcastSetCrashAnnotation, key=app_is_focus to 6 processes
[7116:6016:0621/002015.048:INFO:aha\components\report_context\report_context_process_host.cc:312] [ReportContext] aha::ReportContextProcessHost::BroadcastSetCrashAnnotation, done, sent_to=6 processes
[7116:6016:0621/002015.048:INFO:aha\components\report_context\report_context_process_host.cc:303] [ReportContext] aha::ReportContextProcessHost::BroadcastSetCrashAnnotation, key=app_is_global_searching to 6 processes
[7116:6016:0621/002015.048:INFO:aha\components\report_context\report_context_process_host.cc:312] [ReportContext] aha::ReportContextProcessHost::BroadcastSetCrashAnnotation, done, sent_to=6 processes
[7116:6016:0621/002015.048:INFO:aha\components\report_context\report_context_process_host.cc:303] [ReportContext] aha::ReportContextProcessHost::BroadcastSetCrashAnnotation, key=app_is_visible to 6 processes
[7116:6016:0621/002015.048:INFO:aha\components\report_context\report_context_process_host.cc:312] [ReportContext] aha::ReportContextProcessHost::BroadcastSetCrashAnnotation, done, sent_to=6 processes
[19376:19380:0621/002015.055:INFO:aha\components\basil\core\aha_net\http\url_loader.cc:141] Starting URL load for id=req_9f91fb64-adfd-4b19-a76e-6cacc236fa82, method=POST
[19376:19380:0621/002015.076:INFO:aha\components\basil\core\aha_net\http\url_loader.cc:141] Starting URL load for id=req_5552f71f-5012-40b1-9af4-0d66378f8247, method=POST
[7116:6016:0621/002015.238:ERROR:aha\components\page_load_metrics\observers\page_load_metrics_observer.cc:764] [page_load_metrics][traceId-] this:0x617c00470800, OnDidAddMessageToConsole: src:workbench.desktop.main.js:38, message:%c  ERR color: #f33 [icubeUserConfiguration] icubeUserConfigurationService:  getUserConfiguration error: [configuration] infrastructure error: Database error: Execution Error: error returned from database: (code: 2067) UNIQUE constraint failed: user_configuration.user_id
[7116:6016:0621/002015.239:ERROR:aha\components\page_load_metrics\observers\page_load_metrics_observer.cc:764] [page_load_metrics][traceId-] this:0x617c00470800, OnDidAddMessageToConsole: src:workbench.desktop.main.js:38, message:%c  ERR color: #f33 [icubeUserConfiguration] icubeUserConfigurationService:  getUserConfigurationWithRetry error: Retry 0
[7116:6016:0621/002015.263:INFO:aha\components\report_context\report_context_process_host.cc:355] [ReportContext] aha::ReportContextProcessHost::SetCrashAnnotation, targeted pid=22400 key=app_is_focus
[7116:6016:0621/002015.263:INFO:aha\components\perf\perf_custom_param_manager.cc:25] Add custom category param app_is_focus = "1"
 for process 22400
[7116:6016:0621/002015.263:INFO:aha\components\report_context\report_context_process_host.cc:355] [ReportContext] aha::ReportContextProcessHost::SetCrashAnnotation, targeted pid=22400 key=app_is_global_searching
[7116:6016:0621/002015.263:INFO:aha\components\perf\perf_custom_param_manager.cc:25] Add custom category param app_is_global_searching = "0"
 for process 22400
[7116:6016:0621/002015.263:INFO:aha\components\report_context\report_context_process_host.cc:355] [ReportContext] aha::ReportContextProcessHost::SetCrashAnnotation, targeted pid=22400 key=app_is_solo_mode
[7116:6016:0621/002015.263:INFO:aha\components\perf\perf_custom_param_manager.cc:25] Add custom category param app_is_solo_mode = "0"
 for process 22400
[7116:6016:0621/002015.263:INFO:aha\components\report_context\report_context_process_host.cc:355] [ReportContext] aha::ReportContextProcessHost::SetCrashAnnotation, targeted pid=22400 key=app_is_visible
[7116:6016:0621/002015.263:INFO:aha\components\perf\perf_custom_param_manager.cc:25] Add custom category param app_is_visible = "1"
 for process 22400
[7116:6016:0621/002015.263:INFO:aha\components\report_context\report_context_process_host.cc:355] [ReportContext] aha::ReportContextProcessHost::SetCrashAnnotation, targeted pid=22400 key=chat_mode
[7116:6016:0621/002015.263:INFO:aha\components\perf\perf_custom_param_manager.cc:25] Add custom category param chat_mode = 0
 for process 22400
[7116:6016:0621/002015.263:INFO:aha\components\report_context\report_context_process_host.cc:355] [ReportContext] aha::ReportContextProcessHost::SetCrashAnnotation, targeted pid=22400 key=window_id
[7116:6016:0621/002015.263:INFO:aha\components\perf\perf_custom_param_manager.cc:25] Add custom category param window_id = 1
 for process 22400
[7116:6016:0621/002015.263:INFO:aha\components\report_context\report_context_process_host.cc:355] [ReportContext] aha::ReportContextProcessHost::SetCrashAnnotation, targeted pid=22400 key=workspace_id
[7116:6016:0621/002015.263:INFO:aha\components\perf\perf_custom_param_manager.cc:25] Add custom category param workspace_id = "69d83ebecf2728d5cc0cb001f8671f4f"
 for process 22400
[7116:6016:0621/002015.263:INFO:aha\components\report_context\report_context_process_host.cc:355] [ReportContext] aha::ReportContextProcessHost::SetCrashAnnotation, targeted pid=22400 key=workspace_root_count
[7116:6016:0621/002015.263:INFO:aha\components\perf\perf_custom_param_manager.cc:25] Add custom category param workspace_root_count = 1
 for process 22400
[7116:6016:0621/002015.263:INFO:aha\components\report_context\report_context_process_host.cc:355] [ReportContext] aha::ReportContextProcessHost::SetCrashAnnotation, targeted pid=22400 key=workspace_status
[7116:6016:0621/002015.263:INFO:aha\components\perf\perf_custom_param_manager.cc:25] Add custom category param workspace_status = "single_root"
 for process 22400
[7116:6016:0621/002015.265:INFO:aha\components\report_context\report_context_process_host.cc:355] [ReportContext] aha::ReportContextProcessHost::SetCrashAnnotation, targeted pid=22400 key=ai_is_subagent_chating
[7116:6016:0621/002015.265:INFO:aha\components\perf\perf_custom_param_manager.cc:25] Add custom category param ai_is_subagent_chating = "0"
 for process 22400
[7116:6016:0621/002015.265:INFO:aha\components\report_context\report_context_process_host.cc:355] [ReportContext] aha::ReportContextProcessHost::SetCrashAnnotation, targeted pid=22400 key=app_is_focus
[7116:6016:0621/002015.265:INFO:aha\components\perf\perf_custom_param_manager.cc:25] Add custom category param app_is_focus = "1"
 for process 22400
[7116:6016:0621/002015.265:INFO:aha\components\report_context\report_context_process_host.cc:355] [ReportContext] aha::ReportContextProcessHost::SetCrashAnnotation, targeted pid=22400 key=app_is_global_searching
[7116:6016:0621/002015.265:INFO:aha\components\perf\perf_custom_param_manager.cc:25] Add custom category param app_is_global_searching = "0"
 for process 22400
[7116:6016:0621/002015.265:INFO:aha\components\report_context\report_context_process_host.cc:355] [ReportContext] aha::ReportContextProcessHost::SetCrashAnnotation, targeted pid=22400 key=app_is_visible
[7116:6016:0621/002015.265:INFO:aha\components\perf\perf_custom_param_manager.cc:25] Add custom category param app_is_visible = "1"
 for process 22400
[7116:6016:0621/002015.277:ERROR:aha\components\page_load_metrics\observers\page_load_metrics_observer.cc:764] [page_load_metrics][traceId-] this:0x617c00470800, OnDidAddMessageToConsole: src:workbench.desktop.main.js:3845, message:没有注册配置 gitai.enabled，因此无法写入 用户设置。
[7116:6016:0621/002015.289:INFO:aha\components\report_context\report_context_process_host.cc:303] [ReportContext] aha::ReportContextProcessHost::BroadcastSetCrashAnnotation, key=app_is_focus to 6 processes
[7116:6016:0621/002015.290:INFO:aha\components\report_context\report_context_process_host.cc:312] [ReportContext] aha::ReportContextProcessHost::BroadcastSetCrashAnnotation, done, sent_to=6 processes
[7116:6016:0621/002015.290:INFO:aha\components\report_context\report_context_process_host.cc:303] [ReportContext] aha::ReportContextProcessHost::BroadcastSetCrashAnnotation, key=app_is_global_searching to 6 processes
[7116:6016:0621/002015.291:INFO:aha\components\report_context\report_context_process_host.cc:312] [ReportContext] aha::ReportContextProcessHost::BroadcastSetCrashAnnotation, done, sent_to=6 processes
[7116:6016:0621/002015.291:INFO:aha\components\report_context\report_context_process_host.cc:303] [ReportContext] aha::ReportContextProcessHost::BroadcastSetCrashAnnotation, key=app_is_visible to 6 processes
[7116:6016:0621/002015.291:INFO:aha\components\report_context\report_context_process_host.cc:312] [ReportContext] aha::ReportContextProcessHost::BroadcastSetCrashAnnotation, done, sent_to=6 processes
[7116:6016:0621/002015.291:INFO:aha\components\report_context\report_context_process_host.cc:303] [ReportContext] aha::ReportContextProcessHost::BroadcastSetCrashAnnotation, key=app_window_count to 6 processes
[7116:6016:0621/002015.291:INFO:aha\components\report_context\report_context_process_host.cc:312] [ReportContext] aha::ReportContextProcessHost::BroadcastSetCrashAnnotation, done, sent_to=6 processes
[7116:6016:0621/002015.291:INFO:aha\components\report_context\report_context_process_host.cc:355] [ReportContext] aha::ReportContextProcessHost::SetCrashAnnotation, targeted pid=22400 key=app_is_focus
[7116:6016:0621/002015.291:INFO:aha\components\perf\perf_custom_param_manager.cc:25] Add custom category param app_is_focus = "1"
 for process 22400
[7116:6016:0621/002015.291:INFO:aha\components\report_context\report_context_process_host.cc:355] [ReportContext] aha::ReportContextProcessHost::SetCrashAnnotation, targeted pid=22400 key=app_is_global_searching
[7116:6016:0621/002015.291:INFO:aha\components\perf\perf_custom_param_manager.cc:25] Add custom category param app_is_global_searching = "0"
 for process 22400
[7116:6016:0621/002015.291:INFO:aha\components\report_context\report_context_process_host.cc:355] [ReportContext] aha::ReportContextProcessHost::SetCrashAnnotation, targeted pid=22400 key=app_is_visible
[7116:6016:0621/002015.291:INFO:aha\components\perf\perf_custom_param_manager.cc:25] Add custom category param app_is_visible = "1"
 for process 22400
[7116:6016:0621/002015.292:INFO:aha\components\page_load_metrics\observers\page_load_metrics_observer.cc:591] [page_load_metrics][traceId-] this:0x617c00470800, LCP event triggered: LCP: 8882, index: 3
[7116:6016:0621/002015.391:INFO:aha\components\report_context\report_context_process_host.cc:303] [ReportContext] aha::ReportContextProcessHost::BroadcastSetCrashAnnotation, key=app_global_vscdb_size to 6 processes
[7116:6016:0621/002015.400:INFO:aha\components\report_context\report_context_process_host.cc:312] [ReportContext] aha::ReportContextProcessHost::BroadcastSetCrashAnnotation, done, sent_to=6 processes
[7116:6016:0621/002015.400:INFO:aha\components\report_context\report_context_process_host.cc:303] [ReportContext] aha::ReportContextProcessHost::BroadcastSetCrashAnnotation, key=app_is_focus to 6 processes
[7116:6016:0621/002015.400:INFO:aha\components\report_context\report_context_process_host.cc:312] [ReportContext] aha::ReportContextProcessHost::BroadcastSetCrashAnnotation, done, sent_to=6 processes
[7116:6016:0621/002015.400:INFO:aha\components\report_context\report_context_process_host.cc:303] [ReportContext] aha::ReportContextProcessHost::BroadcastSetCrashAnnotation, key=app_is_global_searching to 6 processes
[7116:6016:0621/002015.400:INFO:aha\components\report_context\report_context_process_host.cc:312] [ReportContext] aha::ReportContextProcessHost::BroadcastSetCrashAnnotation, done, sent_to=6 processes
[7116:6016:0621/002015.400:INFO:aha\components\report_context\report_context_process_host.cc:303] [ReportContext] aha::ReportContextProcessHost::BroadcastSetCrashAnnotation, key=app_is_visible to 6 processes
[7116:6016:0621/002015.400:INFO:aha\components\report_context\report_context_process_host.cc:312] [ReportContext] aha::ReportContextProcessHost::BroadcastSetCrashAnnotation, done, sent_to=6 processes
[7116:6016:0621/002015.400:INFO:aha\components\report_context\report_context_process_host.cc:355] [ReportContext] aha::ReportContextProcessHost::SetCrashAnnotation, targeted pid=22400 key=app_active_workspace_vscdb_size
[7116:6016:0621/002015.400:INFO:aha\components\perf\perf_custom_param_manager.cc:25] Add custom category param app_active_workspace_vscdb_size = 12288
 for process 22400
[7116:6016:0621/002015.400:INFO:aha\components\report_context\report_context_process_host.cc:355] [ReportContext] aha::ReportContextProcessHost::SetCrashAnnotation, targeted pid=22400 key=app_is_focus
[7116:6016:0621/002015.400:INFO:aha\components\perf\perf_custom_param_manager.cc:25] Add custom category param app_is_focus = "1"
 for process 22400
[7116:6016:0621/002015.401:INFO:aha\components\report_context\report_context_process_host.cc:355] [ReportContext] aha::ReportContextProcessHost::SetCrashAnnotation, targeted pid=22400 key=app_is_global_searching
[7116:6016:0621/002015.401:INFO:aha\components\perf\perf_custom_param_manager.cc:25] Add custom category param app_is_global_searching = "0"
 for process 22400
[7116:6016:0621/002015.401:INFO:aha\components\report_context\report_context_process_host.cc:355] [ReportContext] aha::ReportContextProcessHost::SetCrashAnnotation, targeted pid=22400 key=app_is_visible
[7116:6016:0621/002015.401:INFO:aha\components\perf\perf_custom_param_manager.cc:25] Add custom category param app_is_visible = "1"
 for process 22400
[7116:5860:0621/002015.590:INFO:aha\components\perf\process\process_collector_worker_thread.cc:85] [process collector] DoCollectProcessInfo cost: 0ms
[7116:6016:0621/002015.590:WARNING:aha\components\perf\observer\perf_observer_evaluator.cc:170] [perf observer][evaluator][function = aha::PerfObserverEvaluator::HandleSystemCpuData] cpu level is kSerious,usage:87.4658
[7116:6016:0621/002015.999:INFO:aha\components\page_load_metrics\observers\page_load_metrics_observer.cc:591] [page_load_metrics][traceId-] this:0x617c00470800, LCP event triggered: LCP: 9221, index: 4
[29944:29948:0621/002016.080:INFO:electron\shell\app\electron_main_delegate.cc:618] #### AhaElectron (utility) node.mojom.NodeService Startup #### cmd: 
[29944:29948:0621/002016.082:INFO:aha\components\memory_system\memory_system_manager.cc:43] MemorySystemManager::InitializeMemorySystem. process_gwp_asan_enable_list: 
[29944:29948:0621/002016.082:INFO:aha\components\memory_system\memory_system_manager.cc:47] MemorySystemManager::InitializeMemorySystem. process: shared-process not enable for Gwp-Asan
[29944:29948:0621/002016.083:INFO:aha\components\towel\embedder\interface_binder.cc:17] [TOWEL]InterfaceBinder Intialized. ProcessType(4)
[19376:19380:0621/002016.149:INFO:aha\components\basil\core\aha_net\http\url_loader.cc:208] Received response header for id=req_f51f1f02-cb34-400e-8229-289c664c38da, http_status=200, mime_type=application/json
[17928:17932:0621/002016.165:INFO:aha\services\monitor\src\monitor_handler.cc:589] [MonitorHandler] ReportNetworkEvent: [MonitorService] ReportNetworkEvent
[19376:19380:0621/002016.165:INFO:aha\components\basil\core\aha_net\http\url_loader.cc:188] URL load completed successfully for id=req_f51f1f02-cb34-400e-8229-289c664c38da
[17928:17932:0621/002016.165:INFO:aha\services\monitor\src\monitor_handler.cc:589] [MonitorHandler] ReportNetworkEvent: [MonitorService] ReportNetworkEvent
[29944:29948:0621/002016.208:INFO:gin\isolate_holder.cc:169] utilitySetPartitionAllocOomCallback and RegisterIsolateHolder
[7116:6016:0621/002016.214:INFO:aha\components\report_context\report_context_process_host.cc:175] [ReportContext] virtual aha::ReportContextProcessHost::BrowserChildProcessLaunchedAndConnected, type=6 pid=29944 name=node.mojom.NodeService unique_id=9
[7116:6016:0621/002016.214:INFO:aha\components\report_context\report_context_process_host.cc:198] [ReportContext] aha::ReportContextProcessHost::BindAndSyncChildProcess, binding Mojo remote for child process pid=29944 unique_id=9
[7116:6016:0621/002016.214:INFO:aha\components\report_context\report_context_process_host.cc:217] [ReportContext] aha::ReportContextProcessHost::BindAndSyncChildProcess, successfully bound, total_entries=7 pid=29944
[7116:6016:0621/002016.214:INFO:aha\components\report_context\report_context_process_host.cc:254] [ReportContext] aha::ReportContextProcessHost::SyncExistingContext, pid=29944 crash_keys_count=0
[7116:6016:0621/002016.214:INFO:aha\components\report_context\report_context_process_host.cc:264] [ReportContext] aha::ReportContextProcessHost::SyncExistingContext, pid=29944 common_keys_count=56
[7116:6016:0621/002016.214:INFO:aha\components\process_observer\aha_process_observer.cc:45] [process observer][process launched] type is:shared-process, pid is:29944
[7116:6016:0621/002016.214:INFO:aha\components\perf\perf_manager_base.cc:452] [perf manager][function = AddProcess] add process:29944
[7116:6016:0621/002016.214:INFO:aha\components\perf\collector\perf_collector_base.cc:29] [perf collector][function=ShouldCollectProcess] AddProcess pid:29944 cmd:"D:\Trae CN\Trae CN.exe" --type=utility --utility-sub-type=node.mojom.NodeService --lang=zh-CN --service-sandbox-type=none --video-capture-use-gpu-memory-buffer --vscode-crash-reporter-process-type=shared-process --user-data-dir="C:\Users\79368\AppData\Local\Temp\trae-cn-profile-9346-14076" --standard-schemes=vscode-webview,vscode-file,solo-remote-file --enable-sandbox --secure-schemes=vscode-webview,vscode-file,solo-remote-file --cors-schemes=vscode-webview,vscode-file,solo-remote-file --fetch-schemes=vscode-webview,vscode-file,solo-remote-file --service-worker-schemes=vscode-webview --code-cache-schemes=vscode-webview,vscode-file --field-trial-handle=3028,i,2830996505004751620,9860351495398714899,262144 --enable-features=DocumentPolicyIncludeJSCallStacksInCrashReports,EarlyEstablishGpuChannel,EnableTransparentHwndEnlargement,EstablishGpuChannelAsync,PdfUseShowSaveFilePicker --disable-features=CalculateNativeWinOcclusion,LocalNetworkAccessChecks,ScreenAIOCREnabled,SpareRendererForSitePerProcess,TraceSiteInstanceGetProcessCreation --variations-seed-version --trace-process-track-uuid=3190708994745248135 --enable-logging=handle --log-file=4488 --mojo-platform-channel-handle=4476 /prefetch:14
[7116:6016:0621/002016.214:INFO:aha\components\perf\collector\perf_collector_base.cc:29] [perf collector][function=ShouldCollectProcess] AddProcess pid:29944 cmd:"D:\Trae CN\Trae CN.exe" --type=utility --utility-sub-type=node.mojom.NodeService --lang=zh-CN --service-sandbox-type=none --video-capture-use-gpu-memory-buffer --vscode-crash-reporter-process-type=shared-process --user-data-dir="C:\Users\79368\AppData\Local\Temp\trae-cn-profile-9346-14076" --standard-schemes=vscode-webview,vscode-file,solo-remote-file --enable-sandbox --secure-schemes=vscode-webview,vscode-file,solo-remote-file --cors-schemes=vscode-webview,vscode-file,solo-remote-file --fetch-schemes=vscode-webview,vscode-file,solo-remote-file --service-worker-schemes=vscode-webview --code-cache-schemes=vscode-webview,vscode-file --field-trial-handle=3028,i,2830996505004751620,9860351495398714899,262144 --enable-features=DocumentPolicyIncludeJSCallStacksInCrashReports,EarlyEstablishGpuChannel,EnableTransparentHwndEnlargement,EstablishGpuChannelAsync,PdfUseShowSaveFilePicker --disable-features=CalculateNativeWinOcclusion,LocalNetworkAccessChecks,ScreenAIOCREnabled,SpareRendererForSitePerProcess,TraceSiteInstanceGetProcessCreation --variations-seed-version --trace-process-track-uuid=3190708994745248135 --enable-logging=handle --log-file=4488 --mojo-platform-channel-handle=4476 /prefetch:14
[7116:6016:0621/002016.214:INFO:aha\components\perf\collector\perf_collector_base.cc:29] [perf collector][function=ShouldCollectProcess] AddProcess pid:29944 cmd:"D:\Trae CN\Trae CN.exe" --type=utility --utility-sub-type=node.mojom.NodeService --lang=zh-CN --service-sandbox-type=none --video-capture-use-gpu-memory-buffer --vscode-crash-reporter-process-type=shared-process --user-data-dir="C:\Users\79368\AppData\Local\Temp\trae-cn-profile-9346-14076" --standard-schemes=vscode-webview,vscode-file,solo-remote-file --enable-sandbox --secure-schemes=vscode-webview,vscode-file,solo-remote-file --cors-schemes=vscode-webview,vscode-file,solo-remote-file --fetch-schemes=vscode-webview,vscode-file,solo-remote-file --service-worker-schemes=vscode-webview --code-cache-schemes=vscode-webview,vscode-file --field-trial-handle=3028,i,2830996505004751620,9860351495398714899,262144 --enable-features=DocumentPolicyIncludeJSCallStacksInCrashReports,EarlyEstablishGpuChannel,EnableTransparentHwndEnlargement,EstablishGpuChannelAsync,PdfUseShowSaveFilePicker --disable-features=CalculateNativeWinOcclusion,LocalNetworkAccessChecks,ScreenAIOCREnabled,SpareRendererForSitePerProcess,TraceSiteInstanceGetProcessCreation --variations-seed-version --trace-process-track-uuid=3190708994745248135 --enable-logging=handle --log-file=4488 --mojo-platform-channel-handle=4476 /prefetch:14
[7116:4548:0621/002016.218:INFO:aha\components\perf\process\process_type_provider.cc:119] [ProcessTypeProvider] aha::ProcessTypeProvider::AddProcessOnTaskRunner, pid 29944, type shared-process
[7116:6016:0621/002016.220:ERROR:aha\components\page_load_metrics\observers\page_load_metrics_observer.cc:764] [page_load_metrics][traceId-] this:0x617c00470800, OnDidAddMessageToConsole: src:workbench.desktop.main.js:38, message:%c  ERR color: #f33 volo run command error:Error: command icube.event.getABTestConfigByKey timeout in 1000ms sessionId:ae8bc51e-dff3-46ab-89fa-5760b1486354
[7116:6016:0621/002016.220:ERROR:aha\components\page_load_metrics\observers\page_load_metrics_observer.cc:764] [page_load_metrics][traceId-] this:0x617c00470800, OnDidAddMessageToConsole: src:workbench.desktop.main.js:38, message:%c  ERR color: #f33 volo run command error:Error: command icube.event.getABTestConfigByKey timeout in 1000ms sessionId:ae8bc51e-dff3-46ab-89fa-5760b1486354
[7116:6016:0621/002016.429:INFO:aha\components\report_context\report_context_process_host.cc:303] [ReportContext] aha::ReportContextProcessHost::BroadcastSetCrashAnnotation, key=app_global_vscdb_size to 7 processes
[7116:6016:0621/002016.430:INFO:aha\components\report_context\report_context_process_host.cc:312] [ReportContext] aha::ReportContextProcessHost::BroadcastSetCrashAnnotation, done, sent_to=7 processes
[7116:6016:0621/002016.430:INFO:aha\components\report_context\report_context_process_host.cc:303] [ReportContext] aha::ReportContextProcessHost::BroadcastSetCrashAnnotation, key=app_is_focus to 7 processes
[7116:6016:0621/002016.430:INFO:aha\components\report_context\report_context_process_host.cc:312] [ReportContext] aha::ReportContextProcessHost::BroadcastSetCrashAnnotation, done, sent_to=7 processes
[7116:6016:0621/002016.430:INFO:aha\components\report_context\report_context_process_host.cc:303] [ReportContext] aha::ReportContextProcessHost::BroadcastSetCrashAnnotation, key=app_is_global_searching to 7 processes
[7116:6016:0621/002016.430:INFO:aha\components\report_context\report_context_process_host.cc:312] [ReportContext] aha::ReportContextProcessHost::BroadcastSetCrashAnnotation, done, sent_to=7 processes
[7116:6016:0621/002016.430:INFO:aha\components\report_context\report_context_process_host.cc:303] [ReportContext] aha::ReportContextProcessHost::BroadcastSetCrashAnnotation, key=app_is_visible to 7 processes
[7116:6016:0621/002016.430:INFO:aha\components\report_context\report_context_process_host.cc:312] [ReportContext] aha::ReportContextProcessHost::BroadcastSetCrashAnnotation, done, sent_to=7 processes
[7116:6016:0621/002016.431:INFO:aha\components\report_context\report_context_process_host.cc:355] [ReportContext] aha::ReportContextProcessHost::SetCrashAnnotation, targeted pid=22400 key=app_active_workspace_vscdb_size
[7116:6016:0621/002016.431:INFO:aha\components\perf\perf_custom_param_manager.cc:25] Add custom category param app_active_workspace_vscdb_size = 12288
 for process 22400
[7116:6016:0621/002016.431:INFO:aha\components\report_context\report_context_process_host.cc:355] [ReportContext] aha::ReportContextProcessHost::SetCrashAnnotation, targeted pid=22400 key=app_is_focus
[7116:6016:0621/002016.431:INFO:aha\components\perf\perf_custom_param_manager.cc:25] Add custom category param app_is_focus = "1"
 for process 22400
[7116:6016:0621/002016.431:INFO:aha\components\report_context\report_context_process_host.cc:355] [ReportContext] aha::ReportContextProcessHost::SetCrashAnnotation, targeted pid=22400 key=app_is_global_searching
[7116:6016:0621/002016.431:INFO:aha\components\perf\perf_custom_param_manager.cc:25] Add custom category param app_is_global_searching = "0"
 for process 22400
[7116:6016:0621/002016.431:INFO:aha\components\report_context\report_context_process_host.cc:355] [ReportContext] aha::ReportContextProcessHost::SetCrashAnnotation, targeted pid=22400 key=app_is_visible
[7116:6016:0621/002016.431:INFO:aha\components\perf\perf_custom_param_manager.cc:25] Add custom category param app_is_visible = "1"
 for process 22400
[7116:6016:0621/002016.495:INFO:aha\components\report_context\report_context_process_host.cc:175] [ReportContext] virtual aha::ReportContextProcessHost::BrowserChildProcessLaunchedAndConnected, type=6 pid=30696 name=node.mojom.NodeService unique_id=10
[7116:6016:0621/002016.495:INFO:aha\components\report_context\report_context_process_host.cc:198] [ReportContext] aha::ReportContextProcessHost::BindAndSyncChildProcess, binding Mojo remote for child process pid=30696 unique_id=10
[7116:6016:0621/002016.495:INFO:aha\components\report_context\report_context_process_host.cc:217] [ReportContext] aha::ReportContextProcessHost::BindAndSyncChildProcess, successfully bound, total_entries=8 pid=30696
[7116:6016:0621/002016.495:INFO:aha\components\report_context\report_context_process_host.cc:254] [ReportContext] aha::ReportContextProcessHost::SyncExistingContext, pid=30696 crash_keys_count=0
[7116:6016:0621/002016.495:INFO:aha\components\report_context\report_context_process_host.cc:264] [ReportContext] aha::ReportContextProcessHost::SyncExistingContext, pid=30696 common_keys_count=56
[7116:6016:0621/002016.495:INFO:aha\components\process_observer\aha_process_observer.cc:45] [process observer][process launched] type is:fileWatcher, pid is:30696
[7116:1876:0621/002016.495:INFO:aha\components\perf\process\process_type_provider.cc:119] [ProcessTypeProvider] aha::ProcessTypeProvider::AddProcessOnTaskRunner, pid 30696, type fileWatcher
[7116:6016:0621/002016.495:INFO:aha\components\perf\perf_manager_base.cc:452] [perf manager][function = AddProcess] add process:30696
[7116:6016:0621/002016.495:INFO:aha\components\perf\collector\perf_collector_base.cc:29] [perf collector][function=ShouldCollectProcess] AddProcess pid:30696 cmd:"D:\Trae CN\Trae CN.exe" --type=utility --utility-sub-type=node.mojom.NodeService --lang=zh-CN --service-sandbox-type=none --video-capture-use-gpu-memory-buffer --vscode-crash-reporter-process-type=fileWatcher --user-data-dir="C:\Users\79368\AppData\Local\Temp\trae-cn-profile-9346-14076" --standard-schemes=vscode-webview,vscode-file,solo-remote-file --enable-sandbox --secure-schemes=vscode-webview,vscode-file,solo-remote-file --cors-schemes=vscode-webview,vscode-file,solo-remote-file --fetch-schemes=vscode-webview,vscode-file,solo-remote-file --service-worker-schemes=vscode-webview --code-cache-schemes=vscode-webview,vscode-file --field-trial-handle=3028,i,2830996505004751620,9860351495398714899,262144 --enable-features=DocumentPolicyIncludeJSCallStacksInCrashReports,EarlyEstablishGpuChannel,EnableTransparentHwndEnlargement,EstablishGpuChannelAsync,PdfUseShowSaveFilePicker --disable-features=CalculateNativeWinOcclusion,LocalNetworkAccessChecks,ScreenAIOCREnabled,SpareRendererForSitePerProcess,TraceSiteInstanceGetProcessCreation --variations-seed-version --trace-process-track-uuid=3190708995682289984 --enable-logging=handle --log-file=4228 --mojo-platform-channel-handle=4824 /prefetch:14
[7116:6016:0621/002016.496:INFO:aha\components\perf\collector\perf_collector_base.cc:29] [perf collector][function=ShouldCollectProcess] AddProcess pid:30696 cmd:"D:\Trae CN\Trae CN.exe" --type=utility --utility-sub-type=node.mojom.NodeService --lang=zh-CN --service-sandbox-type=none --video-capture-use-gpu-memory-buffer --vscode-crash-reporter-process-type=fileWatcher --user-data-dir="C:\Users\79368\AppData\Local\Temp\trae-cn-profile-9346-14076" --standard-schemes=vscode-webview,vscode-file,solo-remote-file --enable-sandbox --secure-schemes=vscode-webview,vscode-file,solo-remote-file --cors-schemes=vscode-webview,vscode-file,solo-remote-file --fetch-schemes=vscode-webview,vscode-file,solo-remote-file --service-worker-schemes=vscode-webview --code-cache-schemes=vscode-webview,vscode-file --field-trial-handle=3028,i,2830996505004751620,9860351495398714899,262144 --enable-features=DocumentPolicyIncludeJSCallStacksInCrashReports,EarlyEstablishGpuChannel,EnableTransparentHwndEnlargement,EstablishGpuChannelAsync,PdfUseShowSaveFilePicker --disable-features=CalculateNativeWinOcclusion,LocalNetworkAccessChecks,ScreenAIOCREnabled,SpareRendererForSitePerProcess,TraceSiteInstanceGetProcessCreation --variations-seed-version --trace-process-track-uuid=3190708995682289984 --enable-logging=handle --log-file=4228 --mojo-platform-channel-handle=4824 /prefetch:14
[7116:6016:0621/002016.496:INFO:aha\components\perf\collector\perf_collector_base.cc:29] [perf collector][function=ShouldCollectProcess] AddProcess pid:30696 cmd:"D:\Trae CN\Trae CN.exe" --type=utility --utility-sub-type=node.mojom.NodeService --lang=zh-CN --service-sandbox-type=none --video-capture-use-gpu-memory-buffer --vscode-crash-reporter-process-type=fileWatcher --user-data-dir="C:\Users\79368\AppData\Local\Temp\trae-cn-profile-9346-14076" --standard-schemes=vscode-webview,vscode-file,solo-remote-file --enable-sandbox --secure-schemes=vscode-webview,vscode-file,solo-remote-file --cors-schemes=vscode-webview,vscode-file,solo-remote-file --fetch-schemes=vscode-webview,vscode-file,solo-remote-file --service-worker-schemes=vscode-webview --code-cache-schemes=vscode-webview,vscode-file --field-trial-handle=3028,i,2830996505004751620,9860351495398714899,262144 --enable-features=DocumentPolicyIncludeJSCallStacksInCrashReports,EarlyEstablishGpuChannel,EnableTransparentHwndEnlargement,EstablishGpuChannelAsync,PdfUseShowSaveFilePicker --disable-features=CalculateNativeWinOcclusion,LocalNetworkAccessChecks,ScreenAIOCREnabled,SpareRendererForSitePerProcess,TraceSiteInstanceGetProcessCreation --variations-seed-version --trace-process-track-uuid=3190708995682289984 --enable-logging=handle --log-file=4228 --mojo-platform-channel-handle=4824 /prefetch:14
[30696:30700:0621/002016.600:INFO:electron\shell\app\electron_main_delegate.cc:618] #### AhaElectron (utility) node.mojom.NodeService Startup #### cmd: 
[30696:30700:0621/002016.601:INFO:aha\components\memory_system\memory_system_manager.cc:43] MemorySystemManager::InitializeMemorySystem. process_gwp_asan_enable_list: 
[30696:30700:0621/002016.601:INFO:aha\components\memory_system\memory_system_manager.cc:47] MemorySystemManager::InitializeMemorySystem. process: fileWatcher not enable for Gwp-Asan
[30696:30700:0621/002016.601:INFO:aha\components\towel\embedder\interface_binder.cc:17] [TOWEL]InterfaceBinder Intialized. ProcessType(4)
[7116:6016:0621/002016.609:INFO:aha\components\report_context\report_context_process_host.cc:175] [ReportContext] virtual aha::ReportContextProcessHost::BrowserChildProcessLaunchedAndConnected, type=6 pid=28112 name=node.mojom.NodeService unique_id=11
[7116:6016:0621/002016.609:INFO:aha\components\report_context\report_context_process_host.cc:198] [ReportContext] aha::ReportContextProcessHost::BindAndSyncChildProcess, binding Mojo remote for child process pid=28112 unique_id=11
[7116:6016:0621/002016.609:INFO:aha\components\report_context\report_context_process_host.cc:217] [ReportContext] aha::ReportContextProcessHost::BindAndSyncChildProcess, successfully bound, total_entries=9 pid=28112
[7116:6016:0621/002016.609:INFO:aha\components\report_context\report_context_process_host.cc:254] [ReportContext] aha::ReportContextProcessHost::SyncExistingContext, pid=28112 crash_keys_count=0
[7116:6016:0621/002016.609:INFO:aha\components\report_context\report_context_process_host.cc:264] [ReportContext] aha::ReportContextProcessHost::SyncExistingContext, pid=28112 common_keys_count=56
[7116:6016:0621/002016.609:INFO:aha\components\process_observer\aha_process_observer.cc:45] [process observer][process launched] type is:extensionHost, pid is:28112
[7116:1876:0621/002016.609:INFO:aha\components\perf\process\process_type_provider.cc:119] [ProcessTypeProvider] aha::ProcessTypeProvider::AddProcessOnTaskRunner, pid 28112, type extensionHost
[7116:6016:0621/002016.609:INFO:aha\components\perf\perf_manager_base.cc:452] [perf manager][function = AddProcess] add process:28112
[7116:6016:0621/002016.609:INFO:aha\components\perf\collector\perf_collector_base.cc:29] [perf collector][function=ShouldCollectProcess] AddProcess pid:28112 cmd:"D:\Trae CN\Trae CN.exe" --type=utility --utility-sub-type=node.mojom.NodeService --lang=zh-CN --service-sandbox-type=none --dns-result-order=ipv4first --experimental-network-inspection --inspect-port=0 --video-capture-use-gpu-memory-buffer --vscode-crash-reporter-process-type=extensionHost --user-data-dir="C:\Users\79368\AppData\Local\Temp\trae-cn-profile-9346-14076" --standard-schemes=vscode-webview,vscode-file,solo-remote-file --enable-sandbox --secure-schemes=vscode-webview,vscode-file,solo-remote-file --cors-schemes=vscode-webview,vscode-file,solo-remote-file --fetch-schemes=vscode-webview,vscode-file,solo-remote-file --service-worker-schemes=vscode-webview --code-cache-schemes=vscode-webview,vscode-file --field-trial-handle=3028,i,2830996505004751620,9860351495398714899,262144 --enable-features=DocumentPolicyIncludeJSCallStacksInCrashReports,EarlyEstablishGpuChannel,EnableTransparentHwndEnlargement,EstablishGpuChannelAsync,PdfUseShowSaveFilePicker --disable-features=CalculateNativeWinOcclusion,LocalNetworkAccessChecks,ScreenAIOCREnabled,SpareRendererForSitePerProcess,TraceSiteInstanceGetProcessCreation --variations-seed-version --trace-process-track-uuid=3190708996619331833 --enable-logging=handle --log-file=4800 --mojo-platform-channel-handle=4904 /prefetch:14
[7116:6016:0621/002016.609:INFO:aha\components\perf\collector\perf_collector_base.cc:29] [perf collector][function=ShouldCollectProcess] AddProcess pid:28112 cmd:"D:\Trae CN\Trae CN.exe" --type=utility --utility-sub-type=node.mojom.NodeService --lang=zh-CN --service-sandbox-type=none --dns-result-order=ipv4first --experimental-network-inspection --inspect-port=0 --video-capture-use-gpu-memory-buffer --vscode-crash-reporter-process-type=extensionHost --user-data-dir="C:\Users\79368\AppData\Local\Temp\trae-cn-profile-9346-14076" --standard-schemes=vscode-webview,vscode-file,solo-remote-file --enable-sandbox --secure-schemes=vscode-webview,vscode-file,solo-remote-file --cors-schemes=vscode-webview,vscode-file,solo-remote-file --fetch-schemes=vscode-webview,vscode-file,solo-remote-file --service-worker-schemes=vscode-webview --code-cache-schemes=vscode-webview,vscode-file --field-trial-handle=3028,i,2830996505004751620,9860351495398714899,262144 --enable-features=DocumentPolicyIncludeJSCallStacksInCrashReports,EarlyEstablishGpuChannel,EnableTransparentHwndEnlargement,EstablishGpuChannelAsync,PdfUseShowSaveFilePicker --disable-features=CalculateNativeWinOcclusion,LocalNetworkAccessChecks,ScreenAIOCREnabled,SpareRendererForSitePerProcess,TraceSiteInstanceGetProcessCreation --variations-seed-version --trace-process-track-uuid=3190708996619331833 --enable-logging=handle --log-file=4800 --mojo-platform-channel-handle=4904 /prefetch:14
[7116:6016:0621/002016.609:INFO:aha\components\perf\collector\perf_collector_base.cc:29] [perf collector][function=ShouldCollectProcess] AddProcess pid:28112 cmd:"D:\Trae CN\Trae CN.exe" --type=utility --utility-sub-type=node.mojom.NodeService --lang=zh-CN --service-sandbox-type=none --dns-result-order=ipv4first --experimental-network-inspection --inspect-port=0 --video-capture-use-gpu-memory-buffer --vscode-crash-reporter-process-type=extensionHost --user-data-dir="C:\Users\79368\AppData\Local\Temp\trae-cn-profile-9346-14076" --standard-schemes=vscode-webview,vscode-file,solo-remote-file --enable-sandbox --secure-schemes=vscode-webview,vscode-file,solo-remote-file --cors-schemes=vscode-webview,vscode-file,solo-remote-file --fetch-schemes=vscode-webview,vscode-file,solo-remote-file --service-worker-schemes=vscode-webview --code-cache-schemes=vscode-webview,vscode-file --field-trial-handle=3028,i,2830996505004751620,9860351495398714899,262144 --enable-features=DocumentPolicyIncludeJSCallStacksInCrashReports,EarlyEstablishGpuChannel,EnableTransparentHwndEnlargement,EstablishGpuChannelAsync,PdfUseShowSaveFilePicker --disable-features=CalculateNativeWinOcclusion,LocalNetworkAccessChecks,ScreenAIOCREnabled,SpareRendererForSitePerProcess,TraceSiteInstanceGetProcessCreation --variations-seed-version --trace-process-track-uuid=3190708996619331833 --enable-logging=handle --log-file=4800 --mojo-platform-channel-handle=4904 /prefetch:14
[7116:6016:0621/002016.712:INFO:aha\components\report_context\report_context_process_host.cc:303] [ReportContext] aha::ReportContextProcessHost::BroadcastSetCrashAnnotation, key=app_global_vscdb_size to 9 processes
[7116:6016:0621/002016.712:INFO:aha\components\report_context\report_context_process_host.cc:312] [ReportContext] aha::ReportContextProcessHost::BroadcastSetCrashAnnotation, done, sent_to=9 processes
[7116:6016:0621/002016.712:INFO:aha\components\report_context\report_context_process_host.cc:303] [ReportContext] aha::ReportContextProcessHost::BroadcastSetCrashAnnotation, key=app_is_focus to 9 processes
[7116:6016:0621/002016.712:INFO:aha\components\report_context\report_context_process_host.cc:312] [ReportContext] aha::ReportContextProcessHost::BroadcastSetCrashAnnotation, done, sent_to=9 processes
[7116:6016:0621/002016.712:INFO:aha\components\report_context\report_context_process_host.cc:303] [ReportContext] aha::ReportContextProcessHost::BroadcastSetCrashAnnotation, key=app_is_global_searching to 9 processes
[7116:6016:0621/002016.712:INFO:aha\components\report_context\report_context_process_host.cc:312] [ReportContext] aha::ReportContextProcessHost::BroadcastSetCrashAnnotation, done, sent_to=9 processes
[7116:6016:0621/002016.712:INFO:aha\components\report_context\report_context_process_host.cc:303] [ReportContext] aha::ReportContextProcessHost::BroadcastSetCrashAnnotation, key=app_is_visible to 9 processes
[7116:6016:0621/002016.712:INFO:aha\components\report_context\report_context_process_host.cc:312] [ReportContext] aha::ReportContextProcessHost::BroadcastSetCrashAnnotation, done, sent_to=9 processes
[7116:6016:0621/002016.712:INFO:aha\components\report_context\report_context_process_host.cc:355] [ReportContext] aha::ReportContextProcessHost::SetCrashAnnotation, targeted pid=22400 key=app_active_workspace_vscdb_size
[7116:6016:0621/002016.712:INFO:aha\components\perf\perf_custom_param_manager.cc:25] Add custom category param app_active_workspace_vscdb_size = 20480
 for process 22400
[7116:6016:0621/002016.712:INFO:aha\components\report_context\report_context_process_host.cc:355] [ReportContext] aha::ReportContextProcessHost::SetCrashAnnotation, targeted pid=22400 key=app_is_focus
[7116:6016:0621/002016.712:INFO:aha\components\perf\perf_custom_param_manager.cc:25] Add custom category param app_is_focus = "1"
 for process 22400
[7116:6016:0621/002016.712:INFO:aha\components\report_context\report_context_process_host.cc:355] [ReportContext] aha::ReportContextProcessHost::SetCrashAnnotation, targeted pid=22400 key=app_is_global_searching
[7116:6016:0621/002016.712:INFO:aha\components\perf\perf_custom_param_manager.cc:25] Add custom category param app_is_global_searching = "0"
 for process 22400
[7116:6016:0621/002016.712:INFO:aha\components\report_context\report_context_process_host.cc:355] [ReportContext] aha::ReportContextProcessHost::SetCrashAnnotation, targeted pid=22400 key=app_is_visible
[7116:6016:0621/002016.712:INFO:aha\components\perf\perf_custom_param_manager.cc:25] Add custom category param app_is_visible = "1"
 for process 22400
[28112:28088:0621/002016.775:INFO:electron\shell\app\electron_main_delegate.cc:618] #### AhaElectron (utility) node.mojom.NodeService Startup #### cmd: 
[28112:28088:0621/002016.776:INFO:aha\components\memory_system\memory_system_manager.cc:43] MemorySystemManager::InitializeMemorySystem. process_gwp_asan_enable_list: 
[28112:28088:0621/002016.776:INFO:aha\components\memory_system\memory_system_manager.cc:47] MemorySystemManager::InitializeMemorySystem. process: extensionHost not enable for Gwp-Asan
[28112:28088:0621/002016.776:INFO:aha\components\towel\embedder\interface_binder.cc:17] [TOWEL]InterfaceBinder Intialized. ProcessType(4)
[28112:28088:0621/002016.838:INFO:gin\isolate_holder.cc:169] utilitySetPartitionAllocOomCallback and RegisterIsolateHolder
[17928:17932:0621/002016.995:INFO:aha\services\monitor\src\monitor_handler.cc:589] [MonitorHandler] ReportNetworkEvent: [MonitorService] ReportNetworkEvent
[19376:19380:0621/002017.148:INFO:aha\components\basil\core\aha_net\http\url_loader.cc:141] Starting URL load for id=req_16c6e7ea-3335-4f6c-9e58-1fdd3aa19e51, method=POST
[29944:29948:0621/002017.170:INFO:electron\shell\utility\electron_content_utility_client.cc:183] [ReportContext] electron::ElectronContentUtilityClient::ExposeInterfacesToBrowser(mojo::BinderMap *)::(anonymous class)::operator(), bound, creating ReportContextClientImpl
[7116:6016:0621/002017.270:INFO:aha\components\report_context\report_context_process_host.cc:303] [ReportContext] aha::ReportContextProcessHost::BroadcastSetCrashAnnotation, key=app_global_vscdb_size to 9 processes
[7116:6016:0621/002017.270:INFO:aha\components\report_context\report_context_process_host.cc:312] [ReportContext] aha::ReportContextProcessHost::BroadcastSetCrashAnnotation, done, sent_to=9 processes
[7116:6016:0621/002017.270:INFO:aha\components\report_context\report_context_process_host.cc:303] [ReportContext] aha::ReportContextProcessHost::BroadcastSetCrashAnnotation, key=app_is_focus to 9 processes
[7116:6016:0621/002017.270:INFO:aha\components\report_context\report_context_process_host.cc:312] [ReportContext] aha::ReportContextProcessHost::BroadcastSetCrashAnnotation, done, sent_to=9 processes
[7116:6016:0621/002017.270:INFO:aha\components\report_context\report_context_process_host.cc:303] [ReportContext] aha::ReportContextProcessHost::BroadcastSetCrashAnnotation, key=app_is_global_searching to 9 processes
[7116:6016:0621/002017.270:INFO:aha\components\report_context\report_context_process_host.cc:312] [ReportContext] aha::ReportContextProcessHost::BroadcastSetCrashAnnotation, done, sent_to=9 processes
[7116:6016:0621/002017.270:INFO:aha\components\report_context\report_context_process_host.cc:303] [ReportContext] aha::ReportContextProcessHost::BroadcastSetCrashAnnotation, key=app_is_visible to 9 processes
[7116:6016:0621/002017.270:INFO:aha\components\report_context\report_context_process_host.cc:312] [ReportContext] aha::ReportContextProcessHost::BroadcastSetCrashAnnotation, done, sent_to=9 processes
[7116:6016:0621/002017.271:INFO:aha\components\report_context\report_context_process_host.cc:355] [ReportContext] aha::ReportContextProcessHost::SetCrashAnnotation, targeted pid=22400 key=app_active_workspace_vscdb_size
[7116:6016:0621/002017.271:INFO:aha\components\perf\perf_custom_param_manager.cc:25] Add custom category param app_active_workspace_vscdb_size = 20480
 for process 22400
[7116:6016:0621/002017.271:INFO:aha\components\report_context\report_context_process_host.cc:355] [ReportContext] aha::ReportContextProcessHost::SetCrashAnnotation, targeted pid=22400 key=app_is_focus
[7116:6016:0621/002017.271:INFO:aha\components\perf\perf_custom_param_manager.cc:25] Add custom category param app_is_focus = "1"
 for process 22400
[7116:6016:0621/002017.271:INFO:aha\components\report_context\report_context_process_host.cc:355] [ReportContext] aha::ReportContextProcessHost::SetCrashAnnotation, targeted pid=22400 key=app_is_global_searching
[7116:6016:0621/002017.272:INFO:aha\components\perf\perf_custom_param_manager.cc:25] Add custom category param app_is_global_searching = "0"
 for process 22400
[7116:6016:0621/002017.272:INFO:aha\components\report_context\report_context_process_host.cc:355] [ReportContext] aha::ReportContextProcessHost::SetCrashAnnotation, targeted pid=22400 key=app_is_visible
[7116:6016:0621/002017.272:INFO:aha\components\perf\perf_custom_param_manager.cc:25] Add custom category param app_is_visible = "1"
 for process 22400
[29944:29948:0621/002017.648:INFO:aha\components\ipc\ipc_client.cc:13] [AhaIpc] set request_timeout_ms: 1000
[29944:29948:0621/002017.648:INFO:aha\components\towel\embedder\master_binder.cc:60] [TOWEL]BindMasterInAnyProcess, ProcessType(4)
[29944:29948:0621/002017.648:INFO:aha\components\towel\embedder\master_binder.cc:82] [TOWEL]BindMasterInAnyProcess, in main thread, bind.
[29944:29948:0621/002017.648:INFO:aha\components\towel\common\ap_impl.cc:26] [TOWEL][APImpl::APImpl] create ap, id is RoutingId(-1, 16772)
[29944:29948:0621/002017.648:INFO:aha\components\towel\common\ap_impl.cc:31] [TOWEL][APImpl] register to master, current id is RoutingId(-1, 16772)
[7116:6016:0621/002017.649:ERROR:electron\shell\browser\electron_browser_client.cc:1997] bind receiver for utility
[7116:6016:0621/002017.649:INFO:aha\components\towel\embedder\master_binder.cc:52] [TOWEL]BindMasterInBrowser, ProcessType(2)
[7116:6016:0621/002017.649:INFO:aha\components\towel\embedder\master_binder.cc:55] [TOWEL]BindMasterInBrowser, run in main thread, bind.
[7116:6016:0621/002017.649:INFO:aha\components\towel\common\master_impl.cc:39] [TOWEL][MasterImpl::AddAPWithId] add ap 1913086051
[7116:6016:0621/002017.649:INFO:aha\components\towel\common\master_impl.cc:55] [TOWEL][MasterImpl::AddAP] add ap 1913086051
[7116:6016:0621/002017.649:INFO:aha\components\towel\common\master_impl.cc:193] [TOWEL][MasterImpl::GetAllProviders] provider size is 7 given size is 7
[29944:29948:0621/002017.810:INFO:aha\components\towel\common\ap_impl.cc:416] [TOWEL][APImpl::OnAddToMaster] real_id is RoutingId(7116, 1913086051), fake_id is RoutingId(-1, 16772)
[29944:29948:0621/002017.810:INFO:aha\components\towel\common\ap_impl.cc:594] [TOWEL][APImpl::ListensEvents] start, RoutingId(7116, 1913086051)
[29944:29948:0621/002017.810:INFO:aha\components\towel\common\ap_impl.cc:596] [TOWEL][APImpl::ListensEvents] no pending_listen_requests_, do nothing
[29944:29948:0621/002017.822:INFO:aha\components\towel\common\ap_impl.cc:511] [TOWEL][APImpl::OnGetAllProviders]: RoutingId(7116, 1913086051) provider size 7
[29944:29948:0621/002017.822:INFO:aha\components\towel\common\ap_impl.cc:520] [TOWEL][APImpl::OnGetAllProviders] add provider AhaNet
[29944:29948:0621/002017.822:INFO:aha\components\towel\common\ap_impl.cc:520] [TOWEL][APImpl::OnGetAllProviders] add provider BlockDetectorProvider
[29944:29948:0621/002017.822:INFO:aha\components\towel\common\ap_impl.cc:520] [TOWEL][APImpl::OnGetAllProviders] add provider ai
[19376:19380:0621/002017.822:INFO:aha\components\towel\public\provider.cc:196] [TOWEL][Provider::GetMetaInfo] provider ai, method_size is 1 method_list is ai::SEND
[19376:19380:0621/002017.822:INFO:aha\components\towel\public\provider.cc:196] [TOWEL][Provider::GetMetaInfo] provider ai-agent, method_size is 1 method_list is ai-agent::SEND
[29944:29948:0621/002017.822:INFO:aha\components\towel\common\ap_impl.cc:520] [TOWEL][APImpl::OnGetAllProviders] add provider ai-agent
[29944:29948:0621/002017.823:INFO:aha\components\towel\common\ap_impl.cc:520] [TOWEL][APImpl::OnGetAllProviders] add provider cueServer
[29944:29948:0621/002017.823:INFO:aha\components\towel\common\ap_impl.cc:520] [TOWEL][APImpl::OnGetAllProviders] add provider monitor
[29944:29948:0621/002017.823:INFO:aha\components\towel\common\ap_impl.cc:520] [TOWEL][APImpl::OnGetAllProviders] add provider trae-cn-config-channel
[29944:29948:0621/002017.823:INFO:aha\components\towel\common\static_routing_ap.cc:181] [TOWEL][StaticRoutingAP::RunPendingRequestAndEvents] provider_name= AhaNet
[29944:29948:0621/002017.823:INFO:aha\components\towel\common\static_routing_ap.cc:181] [TOWEL][StaticRoutingAP::RunPendingRequestAndEvents] provider_name= BlockDetectorProvider
[29944:29948:0621/002017.823:INFO:aha\components\towel\common\static_routing_ap.cc:181] [TOWEL][StaticRoutingAP::RunPendingRequestAndEvents] provider_name= ai
[20104:20108:0621/002017.823:INFO:aha\components\towel\public\provider.cc:196] [TOWEL][Provider::GetMetaInfo] provider cueServer, method_size is 1 method_list is cueServer::SEND
[29944:29948:0621/002017.823:INFO:aha\components\towel\common\static_routing_ap.cc:181] [TOWEL][StaticRoutingAP::RunPendingRequestAndEvents] provider_name= ai-agent
[17928:17932:0621/002017.823:INFO:aha\components\towel\public\provider.cc:196] [TOWEL][Provider::GetMetaInfo] provider monitor, method_size is 8 method_list is monitor::MONITOR_EVENT|monitor::UPLOAD_LOGS|monitor::TOGGLE_LOGIFIER|monitor::REPORT_NETWORK_EVENT|monitor::REPORT_SLARDAR_WEB|monitor::REPORT_CPU_PROFILE|monitor::REPORT_SNAPSHOT|monitor::REPORT_CUSTOM_EXCEPTION
[29944:29948:0621/002017.823:INFO:aha\components\towel\common\static_routing_ap.cc:181] [TOWEL][StaticRoutingAP::RunPendingRequestAndEvents] provider_name= cueServer
[29944:29948:0621/002017.823:INFO:aha\components\towel\common\static_routing_ap.cc:181] [TOWEL][StaticRoutingAP::RunPendingRequestAndEvents] provider_name= monitor
[29944:29948:0621/002017.823:INFO:aha\components\towel\common\static_routing_ap.cc:181] [TOWEL][StaticRoutingAP::RunPendingRequestAndEvents] provider_name= trae-cn-config-channel
[7116:6016:0621/002017.823:INFO:aha\components\towel\public\provider.cc:196] [TOWEL][Provider::GetMetaInfo] provider BlockDetectorProvider, method_size is 1 method_list is BlockDetector::HEART_BEAT
[7116:6016:0621/002017.823:INFO:aha\components\towel\public\provider.cc:196] [TOWEL][Provider::GetMetaInfo] provider trae-cn-config-channel, method_size is 1 method_list is trae-cn-config-channel::SEND
[29944:29948:0621/002017.823:INFO:aha\components\towel\common\ap_impl.cc:530] [TOWEL][APImpl::OnGetProviderMetaInfo]: RoutingId(7116, 1913086051) provider AhaNet
[29944:29948:0621/002017.823:INFO:aha\components\towel\common\ap_impl.cc:540] [TOWEL][APImpl::OnGetProviderMetaInfo] update meta info for AhaNet method_list is AhaNet::UpdateAhaNetAccessPolicy|AhaNet::UpdateTNCConfig|AhaNet::SetProxy|AhaNet::WsCreate|AhaNet::WsConnect|AhaNet::WsSend|AhaNet::WsDisconnect|AhaNet::WsDestroy, event_list is AhaNet::WsMessage|AhaNet::WsStatusChanged|AhaNet::WsError|AhaNet::TNCConfigUpdated|AhaNet::NetReport|AhaNet::RTTAndThroughput|AhaNet::NetworkQualityType|AhaNet::PacketLostStats
[29944:29948:0621/002017.823:INFO:aha\components\towel\common\static_routing_ap.cc:181] [TOWEL][StaticRoutingAP::RunPendingRequestAndEvents] provider_name= AhaNet
[29944:29948:0621/002017.823:INFO:aha\components\towel\common\ap_impl.cc:530] [TOWEL][APImpl::OnGetProviderMetaInfo]: RoutingId(7116, 1913086051) provider ai
[29944:29948:0621/002017.823:INFO:aha\components\towel\common\ap_impl.cc:540] [TOWEL][APImpl::OnGetProviderMetaInfo] update meta info for ai method_list is ai::SEND, event_list is ai::PUSH_PACKET
[29944:29948:0621/002017.823:INFO:aha\components\towel\common\static_routing_ap.cc:181] [TOWEL][StaticRoutingAP::RunPendingRequestAndEvents] provider_name= ai
[29944:29948:0621/002017.823:INFO:aha\components\towel\common\ap_impl.cc:530] [TOWEL][APImpl::OnGetProviderMetaInfo]: RoutingId(7116, 1913086051) provider ai-agent
[29944:29948:0621/002017.823:INFO:aha\components\towel\common\ap_impl.cc:540] [TOWEL][APImpl::OnGetProviderMetaInfo] update meta info for ai-agent method_list is ai-agent::SEND, event_list is ai-agent::PUSH_PACKET
[29944:29948:0621/002017.823:INFO:aha\components\towel\common\static_routing_ap.cc:181] [TOWEL][StaticRoutingAP::RunPendingRequestAndEvents] provider_name= ai-agent
[29944:29948:0621/002017.823:INFO:aha\components\towel\common\ap_impl.cc:530] [TOWEL][APImpl::OnGetProviderMetaInfo]: RoutingId(7116, 1913086051) provider cueServer
[29944:29948:0621/002017.823:INFO:aha\components\towel\common\ap_impl.cc:540] [TOWEL][APImpl::OnGetProviderMetaInfo] update meta info for cueServer method_list is cueServer::SEND, event_list is cueServer::PUSH_PACKET
[29944:29948:0621/002017.823:INFO:aha\components\towel\common\static_routing_ap.cc:181] [TOWEL][StaticRoutingAP::RunPendingRequestAndEvents] provider_name= cueServer
[29944:29948:0621/002017.823:INFO:aha\components\towel\common\ap_impl.cc:530] [TOWEL][APImpl::OnGetProviderMetaInfo]: RoutingId(7116, 1913086051) provider monitor
[29944:29948:0621/002017.823:INFO:aha\components\towel\common\ap_impl.cc:540] [TOWEL][APImpl::OnGetProviderMetaInfo] update meta info for monitor method_list is monitor::MONITOR_EVENT|monitor::UPLOAD_LOGS|monitor::TOGGLE_LOGIFIER|monitor::REPORT_NETWORK_EVENT|monitor::REPORT_SLARDAR_WEB|monitor::REPORT_CPU_PROFILE|monitor::REPORT_SNAPSHOT|monitor::REPORT_CUSTOM_EXCEPTION, event_list is 
[29944:29948:0621/002017.823:INFO:aha\components\towel\common\static_routing_ap.cc:181] [TOWEL][StaticRoutingAP::RunPendingRequestAndEvents] provider_name= monitor
[29944:29948:0621/002017.823:INFO:aha\components\towel\common\ap_impl.cc:530] [TOWEL][APImpl::OnGetProviderMetaInfo]: RoutingId(7116, 1913086051) provider BlockDetectorProvider
[29944:29948:0621/002017.823:INFO:aha\components\towel\common\ap_impl.cc:540] [TOWEL][APImpl::OnGetProviderMetaInfo] update meta info for BlockDetectorProvider method_list is BlockDetector::HEART_BEAT, event_list is 
[29944:29948:0621/002017.823:INFO:aha\components\towel\common\static_routing_ap.cc:181] [TOWEL][StaticRoutingAP::RunPendingRequestAndEvents] provider_name= BlockDetectorProvider
[29944:29948:0621/002017.823:INFO:aha\components\towel\common\ap_impl.cc:530] [TOWEL][APImpl::OnGetProviderMetaInfo]: RoutingId(7116, 1913086051) provider trae-cn-config-channel
[29944:29948:0621/002017.823:INFO:aha\components\towel\common\ap_impl.cc:540] [TOWEL][APImpl::OnGetProviderMetaInfo] update meta info for trae-cn-config-channel method_list is trae-cn-config-channel::SEND, event_list is trae-cn-config-channel::PUSH_PACKET
[29944:29948:0621/002017.823:INFO:aha\components\towel\common\static_routing_ap.cc:181] [TOWEL][StaticRoutingAP::RunPendingRequestAndEvents] provider_name= trae-cn-config-channel
[19376:19380:0621/002017.875:INFO:aha\components\basil\core\aha_net\http\url_loader.cc:141] Starting URL load for id=req_dbeec84c-d621-454d-956c-a4a405ed3b10, method=POST
[19376:19380:0621/002017.900:INFO:aha\components\basil\core\aha_net\http\url_loader.cc:141] Starting URL load for id=req_e2db2824-e3d4-4f56-8bdc-ecca9dea47c5, method=POST
[19376:19380:0621/002017.901:INFO:aha\components\basil\core\aha_net\http\url_loader.cc:141] Starting URL load for id=req_e12eac42-9ed7-4792-8750-f6ad915b8ae3, method=POST
[19376:19380:0621/002018.079:INFO:aha\components\basil\core\aha_net\http\url_loader.cc:141] Starting URL load for id=req_63e01195-14e8-43c8-8d26-637ff366e137, method=POST
[30696:30700:0621/002018.201:INFO:electron\shell\utility\electron_content_utility_client.cc:183] [ReportContext] electron::ElectronContentUtilityClient::ExposeInterfacesToBrowser(mojo::BinderMap *)::(anonymous class)::operator(), bound, creating ReportContextClientImpl
[30696:30700:0621/002018.207:INFO:gin\isolate_holder.cc:169] utilitySetPartitionAllocOomCallback and RegisterIsolateHolder
[19376:19380:0621/002018.610:INFO:aha\components\basil\core\aha_net\http\url_loader.cc:208] Received response header for id=req_623e27c4-15fc-4943-8feb-3635e6847dd0, http_status=200, mime_type=application/json
[19376:19380:0621/002018.611:INFO:aha\components\basil\core\aha_net\http\url_loader.cc:188] URL load completed successfully for id=req_623e27c4-15fc-4943-8feb-3635e6847dd0
[19376:19380:0621/002018.612:INFO:aha\components\basil\core\aha_net\http\url_loader.cc:208] Received response header for id=req_69f7e59d-f9f6-4052-a6a8-9d9538f41331, http_status=200, mime_type=application/json
[19376:19380:0621/002018.613:INFO:aha\components\basil\core\aha_net\http\url_loader.cc:208] Received response header for id=req_7b82a776-d6b6-4ba5-956b-2b78d2ac3d94, http_status=200, mime_type=application/json
[17928:17932:0621/002018.613:INFO:aha\services\monitor\src\monitor_handler.cc:589] [MonitorHandler] ReportNetworkEvent: [MonitorService] ReportNetworkEvent
[17928:17932:0621/002018.613:INFO:aha\services\monitor\src\monitor_handler.cc:589] [MonitorHandler] ReportNetworkEvent: [MonitorService] ReportNetworkEvent
[17928:17932:0621/002018.613:INFO:aha\services\monitor\src\monitor_handler.cc:589] [MonitorHandler] ReportNetworkEvent: [MonitorService] ReportNetworkEvent
[19376:19380:0621/002018.613:INFO:aha\components\basil\core\aha_net\http\url_loader.cc:188] URL load completed successfully for id=req_69f7e59d-f9f6-4052-a6a8-9d9538f41331
[19376:19380:0621/002018.614:INFO:aha\components\basil\core\aha_net\http\url_loader.cc:188] URL load completed successfully for id=req_7b82a776-d6b6-4ba5-956b-2b78d2ac3d94
[19376:19380:0621/002018.652:INFO:aha\components\basil\core\aha_net\http\url_loader.cc:141] Starting URL load for id=req_e16a9426-9ce5-4365-848b-75a9c3a46285, method=POST
[19376:19380:0621/002018.715:INFO:aha\components\basil\core\aha_net\http\url_loader.cc:141] Starting URL load for id=req_dd81ec1a-b9ca-4c39-9535-b9238c18b408, method=POST
[19376:19380:0621/002018.715:INFO:aha\components\basil\core\aha_net\http\url_loader.cc:168] Canceling URL load for id=req_dd81ec1a-b9ca-4c39-9535-b9238c18b408
[19376:19380:0621/002018.716:INFO:aha\components\basil\core\aha_net\http\url_loader.cc:141] Starting URL load for id=req_90d9cac7-527f-42ab-95de-31744d66e860, method=POST
[17928:17932:0621/002018.717:INFO:aha\services\monitor\src\monitor_handler.cc:589] [MonitorHandler] ReportNetworkEvent: [MonitorService] ReportNetworkEvent
[19376:19380:0621/002018.802:ERROR:aha\components\basil\core\aha_net\http\url_loader.cc:190] URL load failed for id=req_5552f71f-5012-40b1-9af4-0d66378f8247, error_code=-103
[19376:19380:0621/002018.802:ERROR:aha\components\basil\core\aha_net\http\url_loader.cc:190] URL load failed for id=req_9f91fb64-adfd-4b19-a76e-6cacc236fa82, error_code=-103
[19376:19380:0621/002018.802:ERROR:aha\components\basil\core\aha_net\http\url_loader.cc:190] URL load failed for id=req_16c6e7ea-3335-4f6c-9e58-1fdd3aa19e51, error_code=-103
[19376:19380:0621/002018.815:ERROR:aha\components\basil\core\aha_net\http\url_loader.cc:190] URL load failed for id=req_dbeec84c-d621-454d-956c-a4a405ed3b10, error_code=-21
[19376:19380:0621/002018.815:ERROR:aha\components\basil\core\aha_net\http\url_loader.cc:190] URL load failed for id=req_63e01195-14e8-43c8-8d26-637ff366e137, error_code=-21
[19376:19380:0621/002018.909:INFO:aha\components\basil\core\aha_net\http\url_loader.cc:141] Starting URL load for id=req_6f200a7c-5aa7-4bd2-ba21-3e34d5a44579, method=POST
[19376:19380:0621/002018.909:INFO:aha\components\basil\core\aha_net\http\url_loader.cc:141] Starting URL load for id=req_b6de00cf-420e-4e2b-80da-61effe5c4fae, method=POST
[19376:19380:0621/002018.909:INFO:aha\components\basil\core\aha_net\http\url_loader.cc:141] Starting URL load for id=req_f984a9fa-6adf-44b1-8079-0cf66ed67e8c, method=POST
[19376:19380:0621/002018.925:INFO:aha\components\basil\core\aha_net\http\url_loader.cc:141] Starting URL load for id=req_2fdc0521-92c8-449e-9582-2da6a36fa3e5, method=POST
[19376:19380:0621/002018.925:INFO:aha\components\basil\core\aha_net\http\url_loader.cc:141] Starting URL load for id=req_738ddb43-d3c5-4be4-9af5-f25405354c3f, method=POST
[19376:19380:0621/002019.064:INFO:aha\components\basil\core\aha_net\http\url_loader.cc:141] Starting URL load for id=req_301bbec6-0e0d-47ac-a16c-7e20f0a7762c, method=POST
[19376:19380:0621/002019.515:INFO:aha\components\basil\core\aha_net\http\url_loader.cc:208] Received response header for id=req_738ddb43-d3c5-4be4-9af5-f25405354c3f, http_status=204, mime_type=text/plain
[19376:19380:0621/002019.516:INFO:aha\components\basil\core\aha_net\http\url_loader.cc:188] URL load completed successfully for id=req_738ddb43-d3c5-4be4-9af5-f25405354c3f
[19376:19380:0621/002019.530:INFO:aha\components\basil\core\aha_net\http\url_loader.cc:208] Received response header for id=req_301bbec6-0e0d-47ac-a16c-7e20f0a7762c, http_status=200, mime_type=application/json
[19376:19380:0621/002019.531:INFO:aha\components\basil\core\aha_net\http\url_loader.cc:188] URL load completed successfully for id=req_301bbec6-0e0d-47ac-a16c-7e20f0a7762c
[19376:19380:0621/002019.534:INFO:aha\components\basil\core\aha_net\http\url_loader.cc:208] Received response header for id=req_2fdc0521-92c8-449e-9582-2da6a36fa3e5, http_status=204, mime_type=text/plain
[19376:19380:0621/002019.534:INFO:aha\components\basil\core\aha_net\http\url_loader.cc:188] URL load completed successfully for id=req_2fdc0521-92c8-449e-9582-2da6a36fa3e5
[17928:17932:0621/002019.648:INFO:aha\services\monitor\src\monitor_handler.cc:589] [MonitorHandler] ReportNetworkEvent: [MonitorService] ReportNetworkEvent
[17928:17932:0621/002019.648:INFO:aha\services\monitor\src\monitor_handler.cc:589] [MonitorHandler] ReportNetworkEvent: [MonitorService] ReportNetworkEvent
[17928:17932:0621/002019.648:INFO:aha\services\monitor\src\monitor_handler.cc:589] [MonitorHandler] ReportNetworkEvent: [MonitorService] ReportNetworkEvent
[7116:6016:0621/002019.691:INFO:aha\components\report_context\report_context_process_host.cc:303] [ReportContext] aha::ReportContextProcessHost::BroadcastSetCrashAnnotation, key=app_is_focus to 9 processes
[7116:6016:0621/002019.692:INFO:aha\components\report_context\report_context_process_host.cc:312] [ReportContext] aha::ReportContextProcessHost::BroadcastSetCrashAnnotation, done, sent_to=9 processes
[7116:6016:0621/002019.692:INFO:aha\components\report_context\report_context_process_host.cc:303] [ReportContext] aha::ReportContextProcessHost::BroadcastSetCrashAnnotation, key=app_is_global_searching to 9 processes
[7116:6016:0621/002019.694:INFO:aha\components\report_context\report_context_process_host.cc:312] [ReportContext] aha::ReportContextProcessHost::BroadcastSetCrashAnnotation, done, sent_to=9 processes
[7116:6016:0621/002019.694:INFO:aha\components\report_context\report_context_process_host.cc:303] [ReportContext] aha::ReportContextProcessHost::BroadcastSetCrashAnnotation, key=app_is_visible to 9 processes
[7116:6016:0621/002019.694:INFO:aha\components\report_context\report_context_process_host.cc:312] [ReportContext] aha::ReportContextProcessHost::BroadcastSetCrashAnnotation, done, sent_to=9 processes
[7116:6016:0621/002019.694:INFO:aha\components\report_context\report_context_process_host.cc:355] [ReportContext] aha::ReportContextProcessHost::SetCrashAnnotation, targeted pid=22400 key=app_is_focus
[7116:6016:0621/002019.694:INFO:aha\components\perf\perf_custom_param_manager.cc:25] Add custom category param app_is_focus = "1"
 for process 22400
[7116:6016:0621/002019.694:INFO:aha\components\report_context\report_context_process_host.cc:355] [ReportContext] aha::ReportContextProcessHost::SetCrashAnnotation, targeted pid=22400 key=app_is_global_searching
[7116:6016:0621/002019.694:INFO:aha\components\perf\perf_custom_param_manager.cc:25] Add custom category param app_is_global_searching = "0"
 for process 22400
[7116:6016:0621/002019.694:INFO:aha\components\report_context\report_context_process_host.cc:355] [ReportContext] aha::ReportContextProcessHost::SetCrashAnnotation, targeted pid=22400 key=app_is_visible
[7116:6016:0621/002019.694:INFO:aha\components\perf\perf_custom_param_manager.cc:25] Add custom category param app_is_visible = "1"
 for process 22400
[19376:19380:0621/002019.697:INFO:aha\components\basil\core\aha_net\http\url_loader.cc:141] Starting URL load for id=req_bc43ed20-8f87-4c26-b548-a8aab1041655, method=POST
[19376:19380:0621/002019.697:INFO:aha\components\basil\core\aha_net\http\url_loader.cc:168] Canceling URL load for id=req_90d9cac7-527f-42ab-95de-31744d66e860
[19376:19380:0621/002019.697:INFO:aha\components\basil\core\aha_net\http\url_loader.cc:141] Starting URL load for id=req_b0c8daca-5bf4-442d-9ab5-6fb4103f5660, method=POST
[19376:19380:0621/002019.702:INFO:aha\components\basil\core\aha_net\http\url_loader.cc:141] Starting URL load for id=req_27cb2cbb-2e27-4a92-ba2b-b2dd090f059a, method=POST
[17928:17932:0621/002019.766:INFO:aha\services\monitor\src\monitor_handler.cc:589] [MonitorHandler] ReportNetworkEvent: [MonitorService] ReportNetworkEvent
[17928:17932:0621/002019.834:INFO:aha\services\monitor\src\monitor_handler.cc:589] [MonitorHandler] ReportNetworkEvent: [MonitorService] ReportNetworkEvent
[17928:17932:0621/002019.880:INFO:aha\services\monitor\src\monitor_handler.cc:589] [MonitorHandler] ReportNetworkEvent: [MonitorService] ReportNetworkEvent
[17928:17932:0621/002019.880:INFO:aha\services\monitor\src\monitor_handler.cc:589] [MonitorHandler] ReportNetworkEvent: [MonitorService] ReportNetworkEvent
[17928:17932:0621/002019.890:INFO:aha\services\monitor\src\monitor_handler.cc:589] [MonitorHandler] ReportNetworkEvent: [MonitorService] ReportNetworkEvent
[17928:17932:0621/002019.890:INFO:aha\services\monitor\src\monitor_handler.cc:589] [MonitorHandler] ReportNetworkEvent: [MonitorService] ReportNetworkEvent
[17928:17932:0621/002019.924:INFO:aha\services\monitor\src\monitor_handler.cc:589] [MonitorHandler] ReportNetworkEvent: [MonitorService] ReportNetworkEvent
[19376:19380:0621/002019.935:INFO:aha\components\basil\core\aha_net\http\url_loader.cc:208] Received response header for id=req_b6de00cf-420e-4e2b-80da-61effe5c4fae, http_status=204, mime_type=text/plain
[19376:19380:0621/002019.935:INFO:aha\components\basil\core\aha_net\http\url_loader.cc:188] URL load completed successfully for id=req_b6de00cf-420e-4e2b-80da-61effe5c4fae
[7116:6016:0621/002020.004:INFO:aha\components\basil\core\native_extension_impl.cc:212] [Basil]process launched, name=ckg, pid=29648
[7116:6016:0621/002020.004:INFO:aha\electron\shell\browser\api\electron_api_aha_reporter.cc:693] electron::api::AhaReporter::setPerfContextForProcess enableCkgAhaRequest true

[7116:6016:0621/002020.004:INFO:aha\components\perf\perf_custom_param_manager.cc:25] Add custom category param enableCkgAhaRequest = true
 for process 29648
[7116:6016:0621/002020.004:INFO:aha\components\report_context\report_context_process_host.cc:175] [ReportContext] virtual aha::ReportContextProcessHost::BrowserChildProcessLaunchedAndConnected, type=6 pid=29648 name=basil.mojom.NativeExtensionService unique_id=12
[7116:6016:0621/002020.004:INFO:aha\components\report_context\report_context_process_host.cc:198] [ReportContext] aha::ReportContextProcessHost::BindAndSyncChildProcess, binding Mojo remote for child process pid=29648 unique_id=12
[7116:6016:0621/002020.004:INFO:aha\components\report_context\report_context_process_host.cc:217] [ReportContext] aha::ReportContextProcessHost::BindAndSyncChildProcess, successfully bound, total_entries=10 pid=29648
[7116:6016:0621/002020.004:INFO:aha\components\report_context\report_context_process_host.cc:254] [ReportContext] aha::ReportContextProcessHost::SyncExistingContext, pid=29648 crash_keys_count=0
[7116:6016:0621/002020.005:INFO:aha\components\report_context\report_context_process_host.cc:264] [ReportContext] aha::ReportContextProcessHost::SyncExistingContext, pid=29648 common_keys_count=56
[7116:6016:0621/002020.005:INFO:aha\components\process_observer\aha_process_observer.cc:45] [process observer][process launched] type is:ckg, pid is:29648
[7116:6016:0621/002020.005:INFO:aha\components\perf\perf_manager_base.cc:452] [perf manager][function = AddProcess] add process:29648
[7116:6016:0621/002020.005:INFO:aha\components\perf\collector\perf_collector_base.cc:29] [perf collector][function=ShouldCollectProcess] AddProcess pid:29648 cmd:"D:\Trae CN\Trae CN.exe" --type=utility --utility-sub-type=basil.mojom.NativeExtensionService --lang=zh-CN --service-sandbox-type=none --video-capture-use-gpu-memory-buffer --vscode-crash-reporter-process-type=ckg --user-data-dir="C:\Users\79368\AppData\Local\Temp\trae-cn-profile-9346-14076" --standard-schemes=vscode-webview,vscode-file,solo-remote-file --enable-sandbox --secure-schemes=vscode-webview,vscode-file,solo-remote-file --cors-schemes=vscode-webview,vscode-file,solo-remote-file --fetch-schemes=vscode-webview,vscode-file,solo-remote-file --service-worker-schemes=vscode-webview --code-cache-schemes=vscode-webview,vscode-file --field-trial-handle=3028,i,2830996505004751620,9860351495398714899,262144 --enable-features=DocumentPolicyIncludeJSCallStacksInCrashReports,EarlyEstablishGpuChannel,EnableTransparentHwndEnlargement,EstablishGpuChannelAsync,PdfUseShowSaveFilePicker --disable-features=CalculateNativeWinOcclusion,LocalNetworkAccessChecks,ScreenAIOCREnabled,SpareRendererForSitePerProcess,TraceSiteInstanceGetProcessCreation --variations-seed-version --trace-process-track-uuid=3190708997556373682 --enable-logging=handle --log-file=4756 --mojo-platform-channel-handle=5056 /prefetch:14
[7116:4548:0621/002020.005:INFO:aha\components\perf\process\process_type_provider.cc:119] [ProcessTypeProvider] aha::ProcessTypeProvider::AddProcessOnTaskRunner, pid 29648, type ckg
[7116:6016:0621/002020.005:INFO:aha\components\perf\collector\perf_collector_base.cc:29] [perf collector][function=ShouldCollectProcess] AddProcess pid:29648 cmd:"D:\Trae CN\Trae CN.exe" --type=utility --utility-sub-type=basil.mojom.NativeExtensionService --lang=zh-CN --service-sandbox-type=none --video-capture-use-gpu-memory-buffer --vscode-crash-reporter-process-type=ckg --user-data-dir="C:\Users\79368\AppData\Local\Temp\trae-cn-profile-9346-14076" --standard-schemes=vscode-webview,vscode-file,solo-remote-file --enable-sandbox --secure-schemes=vscode-webview,vscode-file,solo-remote-file --cors-schemes=vscode-webview,vscode-file,solo-remote-file --fetch-schemes=vscode-webview,vscode-file,solo-remote-file --service-worker-schemes=vscode-webview --code-cache-schemes=vscode-webview,vscode-file --field-trial-handle=3028,i,2830996505004751620,9860351495398714899,262144 --enable-features=DocumentPolicyIncludeJSCallStacksInCrashReports,EarlyEstablishGpuChannel,EnableTransparentHwndEnlargement,EstablishGpuChannelAsync,PdfUseShowSaveFilePicker --disable-features=CalculateNativeWinOcclusion,LocalNetworkAccessChecks,ScreenAIOCREnabled,SpareRendererForSitePerProcess,TraceSiteInstanceGetProcessCreation --variations-seed-version --trace-process-track-uuid=3190708997556373682 --enable-logging=handle --log-file=4756 --mojo-platform-channel-handle=5056 /prefetch:14
[7116:6016:0621/002020.005:INFO:aha\components\perf\collector\perf_collector_base.cc:29] [perf collector][function=ShouldCollectProcess] AddProcess pid:29648 cmd:"D:\Trae CN\Trae CN.exe" --type=utility --utility-sub-type=basil.mojom.NativeExtensionService --lang=zh-CN --service-sandbox-type=none --video-capture-use-gpu-memory-buffer --vscode-crash-reporter-process-type=ckg --user-data-dir="C:\Users\79368\AppData\Local\Temp\trae-cn-profile-9346-14076" --standard-schemes=vscode-webview,vscode-file,solo-remote-file --enable-sandbox --secure-schemes=vscode-webview,vscode-file,solo-remote-file --cors-schemes=vscode-webview,vscode-file,solo-remote-file --fetch-schemes=vscode-webview,vscode-file,solo-remote-file --service-worker-schemes=vscode-webview --code-cache-schemes=vscode-webview,vscode-file --field-trial-handle=3028,i,2830996505004751620,9860351495398714899,262144 --enable-features=DocumentPolicyIncludeJSCallStacksInCrashReports,EarlyEstablishGpuChannel,EnableTransparentHwndEnlargement,EstablishGpuChannelAsync,PdfUseShowSaveFilePicker --disable-features=CalculateNativeWinOcclusion,LocalNetworkAccessChecks,ScreenAIOCREnabled,SpareRendererForSitePerProcess,TraceSiteInstanceGetProcessCreation --variations-seed-version --trace-process-track-uuid=3190708997556373682 --enable-logging=handle --log-file=4756 --mojo-platform-channel-handle=5056 /prefetch:14
[29648:20640:0621/002020.098:INFO:electron\shell\app\electron_main_delegate.cc:618] #### AhaElectron (utility) basil.mojom.NativeExtensionService Startup #### cmd: 
[29648:20640:0621/002020.098:INFO:aha\components\memory_system\memory_system_manager.cc:43] MemorySystemManager::InitializeMemorySystem. process_gwp_asan_enable_list: 
[29648:20640:0621/002020.098:INFO:aha\components\memory_system\memory_system_manager.cc:47] MemorySystemManager::InitializeMemorySystem. process: ckg not enable for Gwp-Asan
[29648:20640:0621/002020.100:INFO:aha\components\towel\embedder\interface_binder.cc:17] [TOWEL]InterfaceBinder Intialized. ProcessType(4)
[29648:20640:0621/002020.101:INFO:aha\components\basil\service\native_extension_service.cc:24] [Basil]create service in utility process
[29648:20640:0621/002020.101:INFO:aha\components\towel\embedder\master_binder.cc:60] [TOWEL]BindMasterInAnyProcess, ProcessType(4)
[29648:20640:0621/002020.101:INFO:aha\components\towel\embedder\master_binder.cc:82] [TOWEL]BindMasterInAnyProcess, in main thread, bind.
[29648:20640:0621/002020.101:INFO:aha\components\towel\common\ap_impl.cc:26] [TOWEL][APImpl::APImpl] create ap, id is RoutingId(-1, 24779)
[29648:20640:0621/002020.101:INFO:aha\components\towel\common\ap_impl.cc:31] [TOWEL][APImpl] register to master, current id is RoutingId(-1, 24779)
[29648:20640:0621/002020.101:WARNING:aha\components\towel\common\ap_impl.cc:220] [TOWEL][APImpl::ListensEvents] no provider for event AhaNet::TNCConfigUpdated
[29648:20640:0621/002020.101:WARNING:aha\components\towel\common\ap_impl.cc:220] [TOWEL][APImpl::ListensEvents] no provider for event AhaNet::NetReport
[29648:20640:0621/002020.101:WARNING:aha\components\towel\common\ap_impl.cc:220] [TOWEL][APImpl::ListensEvents] no provider for event AhaNet::RTTAndThroughput
[29648:20640:0621/002020.101:WARNING:aha\components\towel\common\ap_impl.cc:220] [TOWEL][APImpl::ListensEvents] no provider for event AhaNet::NetworkQualityType
[29648:20640:0621/002020.101:WARNING:aha\components\towel\common\ap_impl.cc:220] [TOWEL][APImpl::ListensEvents] no provider for event AhaNet::PacketLostStats
[29648:20640:0621/002020.101:INFO:aha\components\towel\common\ap_impl.cc:594] [TOWEL][APImpl::ListensEvents] start, RoutingId(-1, 24779)
[29648:20640:0621/002020.101:INFO:aha\components\towel\common\ap_impl.cc:596] [TOWEL][APImpl::ListensEvents] no pending_listen_requests_, do nothing
[29648:20640:0621/002020.101:INFO:aha\components\towel\common\static_routing_ap.cc:171] [TOWEL][StaticRoutingAP::TryAddPendingEvents] provider not ready, store event and wait. event AhaNet::TNCConfigUpdated
[29648:20640:0621/002020.101:INFO:aha\components\towel\common\static_routing_ap.cc:171] [TOWEL][StaticRoutingAP::TryAddPendingEvents] provider not ready, store event and wait. event AhaNet::NetReport
[29648:20640:0621/002020.101:INFO:aha\components\towel\common\static_routing_ap.cc:171] [TOWEL][StaticRoutingAP::TryAddPendingEvents] provider not ready, store event and wait. event AhaNet::RTTAndThroughput
[29648:20640:0621/002020.101:INFO:aha\components\towel\common\static_routing_ap.cc:171] [TOWEL][StaticRoutingAP::TryAddPendingEvents] provider not ready, store event and wait. event AhaNet::NetworkQualityType
[29648:20640:0621/002020.101:INFO:aha\components\towel\common\static_routing_ap.cc:171] [TOWEL][StaticRoutingAP::TryAddPendingEvents] provider not ready, store event and wait. event AhaNet::PacketLostStats
[29648:20640:0621/002020.101:INFO:electron\shell\utility\electron_content_utility_client.cc:183] [ReportContext] electron::ElectronContentUtilityClient::ExposeInterfacesToBrowser(mojo::BinderMap *)::(anonymous class)::operator(), bound, creating ReportContextClientImpl
[29648:20640:0621/002020.101:INFO:aha\components\basil\service\native_extension_service.cc:41] [Basil]start service, name=ckg
[29648:20640:0621/002020.101:INFO:aha\components\basil\service\native_extension_service.cc:56] [Basil]create lib proxy
[7116:6016:0621/002020.101:ERROR:electron\shell\browser\electron_browser_client.cc:1997] bind receiver for utility
[7116:6016:0621/002020.101:INFO:aha\components\towel\embedder\master_binder.cc:52] [TOWEL]BindMasterInBrowser, ProcessType(2)
[7116:6016:0621/002020.101:INFO:aha\components\towel\embedder\master_binder.cc:55] [TOWEL]BindMasterInBrowser, run in main thread, bind.
[7116:6016:0621/002020.101:INFO:aha\components\towel\common\master_impl.cc:39] [TOWEL][MasterImpl::AddAPWithId] add ap 1766621486
[7116:6016:0621/002020.101:INFO:aha\components\towel\common\master_impl.cc:55] [TOWEL][MasterImpl::AddAP] add ap 1766621486
[7116:6016:0621/002020.101:INFO:aha\components\towel\common\master_impl.cc:193] [TOWEL][MasterImpl::GetAllProviders] provider size is 7 given size is 7
[19376:19380:0621/002020.218:INFO:aha\components\basil\core\aha_net\http\url_loader.cc:208] Received response header for id=req_f984a9fa-6adf-44b1-8079-0cf66ed67e8c, http_status=204, mime_type=text/plain
[19376:19380:0621/002020.219:INFO:aha\components\basil\core\aha_net\http\url_loader.cc:188] URL load completed successfully for id=req_f984a9fa-6adf-44b1-8079-0cf66ed67e8c
[19376:19380:0621/002020.219:INFO:aha\components\basil\core\aha_net\http\url_loader.cc:208] Received response header for id=req_6f200a7c-5aa7-4bd2-ba21-3e34d5a44579, http_status=204, mime_type=text/plain
[19376:19380:0621/002020.219:INFO:aha\components\basil\core\aha_net\http\url_loader.cc:188] URL load completed successfully for id=req_6f200a7c-5aa7-4bd2-ba21-3e34d5a44579
[17928:17932:0621/002020.262:INFO:aha\services\monitor\src\monitor_handler.cc:589] [MonitorHandler] ReportNetworkEvent: [MonitorService] ReportNetworkEvent
[17928:17932:0621/002020.262:INFO:aha\services\monitor\src\monitor_handler.cc:589] [MonitorHandler] ReportNetworkEvent: [MonitorService] ReportNetworkEvent
[17928:17932:0621/002020.263:INFO:aha\services\monitor\src\monitor_handler.cc:589] [MonitorHandler] ReportNetworkEvent: [MonitorService] ReportNetworkEvent
[29648:20640:0621/002020.272:INFO:aha\components\towel\embedder\master_binder.cc:60] [TOWEL]BindMasterInAnyProcess, ProcessType(4)
[29648:20640:0621/002020.272:INFO:aha\components\towel\embedder\master_binder.cc:82] [TOWEL]BindMasterInAnyProcess, in main thread, bind.
[29648:20640:0621/002020.272:INFO:aha\components\towel\public\provider.cc:76] [TOWEL][Provider::Mount] mount provider, name= ckg, force_reset=0
[29648:20640:0621/002020.272:INFO:aha\components\towel\embedder\master_binder.cc:60] [TOWEL]BindMasterInAnyProcess, ProcessType(4)
[29648:20640:0621/002020.272:INFO:aha\components\towel\embedder\master_binder.cc:82] [TOWEL]BindMasterInAnyProcess, in main thread, bind.
[7116:6016:0621/002020.272:ERROR:electron\shell\browser\electron_browser_client.cc:1997] bind receiver for utility
[29648:20640:0621/002020.272:INFO:aha\components\towel\common\ap_impl.cc:26] [TOWEL][APImpl::APImpl] create ap, id is RoutingId(-1, 25338)
[29648:20640:0621/002020.272:INFO:aha\components\towel\common\ap_impl.cc:31] [TOWEL][APImpl] register to master, current id is RoutingId(-1, 25338)
[7116:6016:0621/002020.272:INFO:aha\components\towel\embedder\master_binder.cc:52] [TOWEL]BindMasterInBrowser, ProcessType(2)
[29648:20640:0621/002020.272:WARNING:aha\components\towel\common\ap_impl.cc:220] [TOWEL][APImpl::ListensEvents] no provider for event AhaNet::WsMessage
[29648:20640:0621/002020.272:WARNING:aha\components\towel\common\ap_impl.cc:220] [TOWEL][APImpl::ListensEvents] no provider for event AhaNet::WsStatusChanged
[29648:20640:0621/002020.272:WARNING:aha\components\towel\common\ap_impl.cc:220] [TOWEL][APImpl::ListensEvents] no provider for event AhaNet::WsError
[29648:20640:0621/002020.272:INFO:aha\components\towel\common\ap_impl.cc:594] [TOWEL][APImpl::ListensEvents] start, RoutingId(-1, 25338)
[29648:20640:0621/002020.272:INFO:aha\components\towel\common\ap_impl.cc:596] [TOWEL][APImpl::ListensEvents] no pending_listen_requests_, do nothing
[29648:20640:0621/002020.272:INFO:aha\components\towel\common\static_routing_ap.cc:171] [TOWEL][StaticRoutingAP::TryAddPendingEvents] provider not ready, store event and wait. event AhaNet::WsMessage
[29648:20640:0621/002020.272:INFO:aha\components\towel\common\static_routing_ap.cc:171] [TOWEL][StaticRoutingAP::TryAddPendingEvents] provider not ready, store event and wait. event AhaNet::WsStatusChanged
[29648:20640:0621/002020.272:INFO:aha\components\towel\common\static_routing_ap.cc:171] [TOWEL][StaticRoutingAP::TryAddPendingEvents] provider not ready, store event and wait. event AhaNet::WsError
[7116:6016:0621/002020.272:INFO:aha\components\towel\embedder\master_binder.cc:55] [TOWEL]BindMasterInBrowser, run in main thread, bind.
[7116:6016:0621/002020.272:INFO:aha\components\basil\core\native_extension_impl.cc:225] [Basil]start service success, name=ckg
[29648:20640:0621/002020.272:INFO:aha\components\towel\common\ap_impl.cc:416] [TOWEL][APImpl::OnAddToMaster] real_id is RoutingId(7116, 1766621486), fake_id is RoutingId(-1, 24779)
[29648:20640:0621/002020.272:INFO:aha\components\towel\common\ap_impl.cc:594] [TOWEL][APImpl::ListensEvents] start, RoutingId(7116, 1766621486)
[29648:20640:0621/002020.272:INFO:aha\components\towel\common\ap_impl.cc:596] [TOWEL][APImpl::ListensEvents] no pending_listen_requests_, do nothing
[7116:6016:0621/002020.272:INFO:aha\components\towel\common\master_impl.cc:153] [TOWEL][MasterImpl::RegisterProvider] success ckg provider size now is 8
[19376:19380:0621/002020.272:INFO:aha\components\towel\common\ap_impl.cc:406] [TOWEL][APImpl::OnProviderAdded] provider_name ckg, RoutingId(7116, 1445795129)
[19376:19380:0621/002020.273:INFO:aha\components\ipc\ipc_client.cc:172] [AhaIpc] provider connected, name: ckg
[19376:19380:0621/002020.273:WARNING:aha\components\towel\common\ap_impl.cc:220] [TOWEL][APImpl::ListensEvents] no provider for event ckg::PUSH_PACKET
[7116:6016:0621/002020.273:ERROR:electron\shell\browser\electron_browser_client.cc:1997] bind receiver for utility
[7116:6016:0621/002020.273:INFO:aha\components\towel\embedder\master_binder.cc:52] [TOWEL]BindMasterInBrowser, ProcessType(2)
[7116:6016:0621/002020.273:INFO:aha\components\towel\embedder\master_binder.cc:55] [TOWEL]BindMasterInBrowser, run in main thread, bind.
[19376:19380:0621/002020.273:INFO:aha\components\towel\common\ap_impl.cc:594] [TOWEL][APImpl::ListensEvents] start, RoutingId(7116, 1445795129)
[19376:19380:0621/002020.273:INFO:aha\components\towel\common\ap_impl.cc:596] [TOWEL][APImpl::ListensEvents] no pending_listen_requests_, do nothing
[19376:19380:0621/002020.273:INFO:aha\components\towel\common\static_routing_ap.cc:171] [TOWEL][StaticRoutingAP::TryAddPendingEvents] provider not ready, store event and wait. event ckg::PUSH_PACKET
[19376:19380:0621/002020.273:INFO:aha\components\towel\common\static_routing_ap.cc:181] [TOWEL][StaticRoutingAP::RunPendingRequestAndEvents] provider_name= ckg
[19376:19380:0621/002020.273:INFO:aha\components\towel\common\static_routing_ap.cc:195] [TOWEL][StaticRoutingAP::RunPendingEvents] run pending events, event_list is ckg::PUSH_PACKET
[7116:6016:0621/002020.273:INFO:aha\components\towel\common\ap_impl.cc:406] [TOWEL][APImpl::OnProviderAdded] provider_name ckg, RoutingId(7116, 341743295)
[7116:6016:0621/002020.273:INFO:aha\components\ipc\ipc_client.cc:172] [AhaIpc] provider connected, name: ckg
[7116:6016:0621/002020.273:INFO:aha\components\towel\common\static_routing_ap.cc:181] [TOWEL][StaticRoutingAP::RunPendingRequestAndEvents] provider_name= ckg
[7116:6016:0621/002020.273:INFO:aha\components\towel\common\ap_impl.cc:406] [TOWEL][APImpl::OnProviderAdded] provider_name ckg, RoutingId(7116, 1336779637)
[7116:6016:0621/002020.273:INFO:aha\components\towel\common\static_routing_ap.cc:181] [TOWEL][StaticRoutingAP::RunPendingRequestAndEvents] provider_name= ckg
[29648:20640:0621/002020.273:INFO:aha\components\towel\common\ap_impl.cc:511] [TOWEL][APImpl::OnGetAllProviders]: RoutingId(7116, 1766621486) provider size 7
[29648:20640:0621/002020.273:INFO:aha\components\towel\common\ap_impl.cc:520] [TOWEL][APImpl::OnGetAllProviders] add provider AhaNet
[7116:6016:0621/002020.273:INFO:aha\components\towel\common\ap_impl.cc:406] [TOWEL][APImpl::OnProviderAdded] provider_name ckg, RoutingId(7116, 1578995633)
[29648:20640:0621/002020.273:INFO:aha\components\towel\common\ap_impl.cc:520] [TOWEL][APImpl::OnGetAllProviders] add provider BlockDetectorProvider
[19376:19380:0621/002020.273:INFO:aha\components\towel\common\ap_impl.cc:406] [TOWEL][APImpl::OnProviderAdded] provider_name ckg, RoutingId(7116, 1914257655)
[19376:19380:0621/002020.273:INFO:aha\components\towel\common\static_routing_ap.cc:181] [TOWEL][StaticRoutingAP::RunPendingRequestAndEvents] provider_name= ckg
[7116:6016:0621/002020.273:INFO:aha\components\towel\common\static_routing_ap.cc:181] [TOWEL][StaticRoutingAP::RunPendingRequestAndEvents] provider_name= ckg
[19376:19380:0621/002020.273:INFO:aha\components\towel\common\ap_impl.cc:406] [TOWEL][APImpl::OnProviderAdded] provider_name ckg, RoutingId(7116, 2122083188)
[19376:19380:0621/002020.273:INFO:aha\components\towel\common\static_routing_ap.cc:181] [TOWEL][StaticRoutingAP::RunPendingRequestAndEvents] provider_name= ckg
[29648:20640:0621/002020.273:INFO:aha\components\towel\common\ap_impl.cc:520] [TOWEL][APImpl::OnGetAllProviders] add provider ai
[29648:20640:0621/002020.273:INFO:aha\components\towel\common\ap_impl.cc:520] [TOWEL][APImpl::OnGetAllProviders] add provider ai-agent
[7116:6016:0621/002020.273:INFO:aha\components\towel\common\ap_impl.cc:406] [TOWEL][APImpl::OnProviderAdded] provider_name ckg, RoutingId(7116, 1910463829)
[19376:19380:0621/002020.273:INFO:aha\components\towel\public\provider.cc:196] [TOWEL][Provider::GetMetaInfo] provider ai, method_size is 1 method_list is ai::SEND
[29648:20640:0621/002020.273:INFO:aha\components\towel\common\ap_impl.cc:520] [TOWEL][APImpl::OnGetAllProviders] add provider cueServer
[19376:19380:0621/002020.273:INFO:aha\components\towel\public\provider.cc:196] [TOWEL][Provider::GetMetaInfo] provider ai-agent, method_size is 1 method_list is ai-agent::SEND
[7116:6016:0621/002020.273:INFO:aha\components\towel\common\static_routing_ap.cc:181] [TOWEL][StaticRoutingAP::RunPendingRequestAndEvents] provider_name= ckg
[29648:20640:0621/002020.273:INFO:aha\components\towel\common\ap_impl.cc:520] [TOWEL][APImpl::OnGetAllProviders] add provider monitor
[29648:20640:0621/002020.273:INFO:aha\components\towel\common\ap_impl.cc:520] [TOWEL][APImpl::OnGetAllProviders] add provider trae-cn-config-channel
[29648:20640:0621/002020.273:INFO:aha\components\towel\common\static_routing_ap.cc:181] [TOWEL][StaticRoutingAP::RunPendingRequestAndEvents] provider_name= AhaNet
[29648:20640:0621/002020.273:INFO:aha\components\towel\common\static_routing_ap.cc:195] [TOWEL][StaticRoutingAP::RunPendingEvents] run pending events, event_list is AhaNet::TNCConfigUpdated,AhaNet::NetReport,AhaNet::RTTAndThroughput,AhaNet::NetworkQualityType,AhaNet::PacketLostStats
[29648:20640:0621/002020.273:INFO:aha\components\towel\common\static_routing_ap.cc:181] [TOWEL][StaticRoutingAP::RunPendingRequestAndEvents] provider_name= BlockDetectorProvider
[29648:20640:0621/002020.273:INFO:aha\components\towel\common\static_routing_ap.cc:181] [TOWEL][StaticRoutingAP::RunPendingRequestAndEvents] provider_name= ai
[29648:20640:0621/002020.273:INFO:aha\components\towel\common\static_routing_ap.cc:181] [TOWEL][StaticRoutingAP::RunPendingRequestAndEvents] provider_name= ai-agent
[29648:20640:0621/002020.273:INFO:aha\components\towel\common\static_routing_ap.cc:181] [TOWEL][StaticRoutingAP::RunPendingRequestAndEvents] provider_name= cueServer
[29648:20640:0621/002020.273:INFO:aha\components\towel\common\static_routing_ap.cc:181] [TOWEL][StaticRoutingAP::RunPendingRequestAndEvents] provider_name= monitor
[29648:20640:0621/002020.273:INFO:aha\components\towel\common\static_routing_ap.cc:181] [TOWEL][StaticRoutingAP::RunPendingRequestAndEvents] provider_name= trae-cn-config-channel
[7116:6016:0621/002020.273:INFO:aha\components\towel\common\master_impl.cc:39] [TOWEL][MasterImpl::AddAPWithId] add ap 2102714509
[7116:6016:0621/002020.273:INFO:aha\components\towel\common\master_impl.cc:55] [TOWEL][MasterImpl::AddAP] add ap 2102714509
[29648:20640:0621/002020.273:INFO:aha\components\towel\common\ap_impl.cc:530] [TOWEL][APImpl::OnGetProviderMetaInfo]: RoutingId(7116, 1766621486) provider AhaNet
[29648:20640:0621/002020.273:INFO:aha\components\towel\common\ap_impl.cc:540] [TOWEL][APImpl::OnGetProviderMetaInfo] update meta info for AhaNet method_list is AhaNet::UpdateAhaNetAccessPolicy|AhaNet::UpdateTNCConfig|AhaNet::SetProxy|AhaNet::WsCreate|AhaNet::WsConnect|AhaNet::WsSend|AhaNet::WsDisconnect|AhaNet::WsDestroy, event_list is AhaNet::WsMessage|AhaNet::WsStatusChanged|AhaNet::WsError|AhaNet::TNCConfigUpdated|AhaNet::NetReport|AhaNet::RTTAndThroughput|AhaNet::NetworkQualityType|AhaNet::PacketLostStats
[29648:20640:0621/002020.273:INFO:aha\components\towel\common\static_routing_ap.cc:181] [TOWEL][StaticRoutingAP::RunPendingRequestAndEvents] provider_name= AhaNet
[29648:20640:0621/002020.273:INFO:aha\components\towel\common\ap_impl.cc:406] [TOWEL][APImpl::OnProviderAdded] provider_name ckg, RoutingId(7116, 1766621486)
[29648:20640:0621/002020.273:INFO:aha\components\towel\common\static_routing_ap.cc:181] [TOWEL][StaticRoutingAP::RunPendingRequestAndEvents] provider_name= ckg
[29648:20640:0621/002020.273:INFO:aha\components\towel\common\ap_impl.cc:530] [TOWEL][APImpl::OnGetProviderMetaInfo]: RoutingId(7116, 1766621486) provider ai
[7116:6016:0621/002020.273:INFO:aha\components\towel\public\provider.cc:196] [TOWEL][Provider::GetMetaInfo] provider BlockDetectorProvider, method_size is 1 method_list is BlockDetector::HEART_BEAT
[29648:20640:0621/002020.273:INFO:aha\components\towel\common\ap_impl.cc:540] [TOWEL][APImpl::OnGetProviderMetaInfo] update meta info for ai method_list is ai::SEND, event_list is ai::PUSH_PACKET
[29648:20640:0621/002020.273:INFO:aha\components\towel\common\static_routing_ap.cc:181] [TOWEL][StaticRoutingAP::RunPendingRequestAndEvents] provider_name= ai
[7116:6016:0621/002020.273:INFO:aha\components\towel\public\provider.cc:196] [TOWEL][Provider::GetMetaInfo] provider trae-cn-config-channel, method_size is 1 method_list is trae-cn-config-channel::SEND
[29648:20640:0621/002020.273:INFO:aha\components\towel\common\ap_impl.cc:530] [TOWEL][APImpl::OnGetProviderMetaInfo]: RoutingId(7116, 1766621486) provider ai-agent
[29648:20640:0621/002020.273:INFO:aha\components\towel\common\ap_impl.cc:540] [TOWEL][APImpl::OnGetProviderMetaInfo] update meta info for ai-agent method_list is ai-agent::SEND, event_list is ai-agent::PUSH_PACKET
[29648:20640:0621/002020.273:INFO:aha\components\towel\common\static_routing_ap.cc:181] [TOWEL][StaticRoutingAP::RunPendingRequestAndEvents] provider_name= ai-agent
[29648:20640:0621/002020.273:INFO:aha\components\towel\common\ap_impl.cc:416] [TOWEL][APImpl::OnAddToMaster] real_id is RoutingId(7116, 2102714509), fake_id is RoutingId(-1, 25338)
[29648:20640:0621/002020.273:INFO:aha\components\towel\common\ap_impl.cc:594] [TOWEL][APImpl::ListensEvents] start, RoutingId(7116, 2102714509)
[29648:20640:0621/002020.273:INFO:aha\components\towel\common\ap_impl.cc:596] [TOWEL][APImpl::ListensEvents] no pending_listen_requests_, do nothing
[20104:20108:0621/002020.273:INFO:aha\components\towel\common\ap_impl.cc:406] [TOWEL][APImpl::OnProviderAdded] provider_name ckg, RoutingId(7116, 1253776709)
[20104:20108:0621/002020.273:INFO:aha\components\ipc\ipc_client.cc:172] [AhaIpc] provider connected, name: ckg
[20104:20108:0621/002020.273:INFO:aha\components\towel\common\static_routing_ap.cc:181] [TOWEL][StaticRoutingAP::RunPendingRequestAndEvents] provider_name= ckg
[7116:6016:0621/002020.273:INFO:aha\components\towel\common\master_impl.cc:193] [TOWEL][MasterImpl::GetAllProviders] provider size is 8 given size is 8
[20104:20108:0621/002020.273:INFO:aha\components\towel\public\provider.cc:196] [TOWEL][Provider::GetMetaInfo] provider cueServer, method_size is 1 method_list is cueServer::SEND
[29648:20640:0621/002020.273:INFO:aha\components\towel\common\ap_impl.cc:530] [TOWEL][APImpl::OnGetProviderMetaInfo]: RoutingId(7116, 1766621486) provider BlockDetectorProvider
[7116:6016:0621/002020.273:INFO:aha\components\towel\common\master_impl.cc:78] [TOWEL][MasterImpl::BindAP] success for 1766621486
[29648:20640:0621/002020.273:INFO:aha\components\towel\common\ap_impl.cc:540] [TOWEL][APImpl::OnGetProviderMetaInfo] update meta info for BlockDetectorProvider method_list is BlockDetector::HEART_BEAT, event_list is 
[29648:20640:0621/002020.273:INFO:aha\components\towel\common\static_routing_ap.cc:181] [TOWEL][StaticRoutingAP::RunPendingRequestAndEvents] provider_name= BlockDetectorProvider
[29648:20640:0621/002020.273:INFO:aha\components\towel\common\ap_impl.cc:530] [TOWEL][APImpl::OnGetProviderMetaInfo]: RoutingId(7116, 1766621486) provider trae-cn-config-channel
[29648:20640:0621/002020.273:INFO:aha\components\towel\common\ap_impl.cc:540] [TOWEL][APImpl::OnGetProviderMetaInfo] update meta info for trae-cn-config-channel method_list is trae-cn-config-channel::SEND, event_list is trae-cn-config-channel::PUSH_PACKET
[29648:20640:0621/002020.273:INFO:aha\components\towel\common\static_routing_ap.cc:181] [TOWEL][StaticRoutingAP::RunPendingRequestAndEvents] provider_name= trae-cn-config-channel
[29648:20640:0621/002020.273:INFO:aha\components\towel\public\provider.cc:196] [TOWEL][Provider::GetMetaInfo] provider ckg, method_size is 1 method_list is ckg::SEND
[29648:20640:0621/002020.273:INFO:aha\components\towel\public\provider.cc:196] [TOWEL][Provider::GetMetaInfo] provider ckg, method_size is 1 method_list is ckg::SEND
[29648:20640:0621/002020.273:INFO:aha\components\towel\public\provider.cc:196] [TOWEL][Provider::GetMetaInfo] provider ckg, method_size is 1 method_list is ckg::SEND
[29648:20640:0621/002020.273:INFO:aha\components\towel\public\provider.cc:196] [TOWEL][Provider::GetMetaInfo] provider ckg, method_size is 1 method_list is ckg::SEND
[29648:20640:0621/002020.273:INFO:aha\components\towel\public\provider.cc:196] [TOWEL][Provider::GetMetaInfo] provider ckg, method_size is 1 method_list is ckg::SEND
[29648:20640:0621/002020.273:INFO:aha\components\towel\public\provider.cc:196] [TOWEL][Provider::GetMetaInfo] provider ckg, method_size is 1 method_list is ckg::SEND
[19376:19380:0621/002020.273:INFO:aha\components\towel\common\ap_impl.cc:530] [TOWEL][APImpl::OnGetProviderMetaInfo]: RoutingId(7116, 1445795129) provider ckg
[19376:19380:0621/002020.273:INFO:aha\components\towel\common\ap_impl.cc:540] [TOWEL][APImpl::OnGetProviderMetaInfo] update meta info for ckg method_list is ckg::SEND, event_list is ckg::PUSH_PACKET
[19376:19380:0621/002020.273:INFO:aha\components\towel\common\static_routing_ap.cc:181] [TOWEL][StaticRoutingAP::RunPendingRequestAndEvents] provider_name= ckg
[29648:20640:0621/002020.273:INFO:aha\components\towel\public\provider.cc:196] [TOWEL][Provider::GetMetaInfo] provider ckg, method_size is 1 method_list is ckg::SEND
[29648:20640:0621/002020.273:INFO:aha\components\towel\public\provider.cc:196] [TOWEL][Provider::GetMetaInfo] provider ckg, method_size is 1 method_list is ckg::SEND
[29648:20640:0621/002020.273:INFO:aha\components\towel\public\provider.cc:196] [TOWEL][Provider::GetMetaInfo] provider ckg, method_size is 1 method_list is ckg::SEND
[29648:20640:0621/002020.273:INFO:aha\components\towel\public\provider.cc:196] [TOWEL][Provider::GetMetaInfo] provider ckg, method_size is 1 method_list is ckg::SEND
[19376:19380:0621/002020.274:INFO:aha\components\towel\common\ap_impl.cc:530] [TOWEL][APImpl::OnGetProviderMetaInfo]: RoutingId(7116, 1914257655) provider ckg
[19376:19380:0621/002020.274:INFO:aha\components\towel\common\ap_impl.cc:540] [TOWEL][APImpl::OnGetProviderMetaInfo] update meta info for ckg method_list is ckg::SEND, event_list is ckg::PUSH_PACKET
[19376:19380:0621/002020.274:INFO:aha\components\towel\common\static_routing_ap.cc:181] [TOWEL][StaticRoutingAP::RunPendingRequestAndEvents] provider_name= ckg
[29648:20640:0621/002020.274:INFO:aha\components\towel\common\ap_impl.cc:511] [TOWEL][APImpl::OnGetAllProviders]: RoutingId(7116, 2102714509) provider size 8
[17928:17932:0621/002020.274:INFO:aha\components\towel\public\provider.cc:196] [TOWEL][Provider::GetMetaInfo] provider monitor, method_size is 8 method_list is monitor::MONITOR_EVENT|monitor::UPLOAD_LOGS|monitor::TOGGLE_LOGIFIER|monitor::REPORT_NETWORK_EVENT|monitor::REPORT_SLARDAR_WEB|monitor::REPORT_CPU_PROFILE|monitor::REPORT_SNAPSHOT|monitor::REPORT_CUSTOM_EXCEPTION
[29648:20640:0621/002020.274:INFO:aha\components\towel\common\ap_impl.cc:520] [TOWEL][APImpl::OnGetAllProviders] add provider AhaNet
[19376:19380:0621/002020.274:INFO:aha\components\towel\common\ap_impl.cc:530] [TOWEL][APImpl::OnGetProviderMetaInfo]: RoutingId(7116, 2122083188) provider ckg
[20104:20108:0621/002020.274:INFO:aha\components\towel\common\ap_impl.cc:530] [TOWEL][APImpl::OnGetProviderMetaInfo]: RoutingId(7116, 1253776709) provider ckg
[20104:20108:0621/002020.274:INFO:aha\components\towel\common\ap_impl.cc:540] [TOWEL][APImpl::OnGetProviderMetaInfo] update meta info for ckg method_list is ckg::SEND, event_list is ckg::PUSH_PACKET
[29648:20640:0621/002020.274:INFO:aha\components\towel\common\ap_impl.cc:520] [TOWEL][APImpl::OnGetAllProviders] add provider BlockDetectorProvider
[29648:20640:0621/002020.274:INFO:aha\components\towel\common\ap_impl.cc:520] [TOWEL][APImpl::OnGetAllProviders] add provider ai
[19376:19380:0621/002020.274:INFO:aha\components\towel\common\ap_impl.cc:540] [TOWEL][APImpl::OnGetProviderMetaInfo] update meta info for ckg method_list is ckg::SEND, event_list is ckg::PUSH_PACKET
[20104:20108:0621/002020.274:INFO:aha\components\towel\common\static_routing_ap.cc:181] [TOWEL][StaticRoutingAP::RunPendingRequestAndEvents] provider_name= ckg
[29648:20640:0621/002020.274:INFO:aha\components\towel\common\ap_impl.cc:520] [TOWEL][APImpl::OnGetAllProviders] add provider ai-agent
[19376:19380:0621/002020.274:INFO:aha\components\towel\common\static_routing_ap.cc:181] [TOWEL][StaticRoutingAP::RunPendingRequestAndEvents] provider_name= ckg
[29648:20640:0621/002020.274:INFO:aha\components\towel\common\ap_impl.cc:520] [TOWEL][APImpl::OnGetAllProviders] add provider ckg
[29648:20640:0621/002020.274:INFO:aha\components\towel\common\ap_impl.cc:520] [TOWEL][APImpl::OnGetAllProviders] add provider cueServer
[19376:19380:0621/002020.274:INFO:aha\components\towel\public\provider.cc:196] [TOWEL][Provider::GetMetaInfo] provider ai, method_size is 1 method_list is ai::SEND
[29648:20640:0621/002020.274:INFO:aha\components\towel\common\ap_impl.cc:520] [TOWEL][APImpl::OnGetAllProviders] add provider monitor
[19376:19380:0621/002020.274:INFO:aha\components\towel\public\provider.cc:196] [TOWEL][Provider::GetMetaInfo] provider ai-agent, method_size is 1 method_list is ai-agent::SEND
[29648:20640:0621/002020.274:INFO:aha\components\towel\common\ap_impl.cc:520] [TOWEL][APImpl::OnGetAllProviders] add provider trae-cn-config-channel
[29648:20640:0621/002020.274:INFO:aha\components\towel\common\static_routing_ap.cc:181] [TOWEL][StaticRoutingAP::RunPendingRequestAndEvents] provider_name= AhaNet
[29648:20640:0621/002020.274:INFO:aha\components\towel\common\static_routing_ap.cc:195] [TOWEL][StaticRoutingAP::RunPendingEvents] run pending events, event_list is AhaNet::WsMessage,AhaNet::WsStatusChanged,AhaNet::WsError
[29648:20640:0621/002020.274:INFO:aha\components\towel\common\static_routing_ap.cc:181] [TOWEL][StaticRoutingAP::RunPendingRequestAndEvents] provider_name= BlockDetectorProvider
[29648:20640:0621/002020.274:INFO:aha\components\towel\common\static_routing_ap.cc:181] [TOWEL][StaticRoutingAP::RunPendingRequestAndEvents] provider_name= ai
[29648:20640:0621/002020.274:INFO:aha\components\towel\common\static_routing_ap.cc:181] [TOWEL][StaticRoutingAP::RunPendingRequestAndEvents] provider_name= ai-agent
[29648:20640:0621/002020.274:INFO:aha\components\towel\common\static_routing_ap.cc:181] [TOWEL][StaticRoutingAP::RunPendingRequestAndEvents] provider_name= ckg
[29648:20640:0621/002020.274:INFO:aha\components\towel\common\static_routing_ap.cc:181] [TOWEL][StaticRoutingAP::RunPendingRequestAndEvents] provider_name= cueServer
[29648:20640:0621/002020.274:INFO:aha\components\towel\common\static_routing_ap.cc:181] [TOWEL][StaticRoutingAP::RunPendingRequestAndEvents] provider_name= monitor
[29648:20640:0621/002020.274:INFO:aha\components\towel\common\static_routing_ap.cc:181] [TOWEL][StaticRoutingAP::RunPendingRequestAndEvents] provider_name= trae-cn-config-channel
[20104:20108:0621/002020.274:INFO:aha\components\towel\public\provider.cc:196] [TOWEL][Provider::GetMetaInfo] provider cueServer, method_size is 1 method_list is cueServer::SEND
[29648:20640:0621/002020.274:INFO:aha\components\towel\public\provider.cc:310] [TOWEL][Provider::ListenEvent] start, from ap RoutingId(7116, 1445795129), event_list is ckg::PUSH_PACKET
[29648:20640:0621/002020.274:INFO:aha\components\towel\public\provider.cc:316] [TOWEL][Provider::ListenEvent] no APListenInfo, create one
[29648:20640:0621/002020.274:INFO:aha\components\towel\public\provider.cc:325] [TOWEL][Provider::ListenEvent] no remote_ap for RoutingId(7116, 1445795129), get it from master
[29648:20640:0621/002020.274:INFO:aha\components\towel\common\ap_impl.cc:530] [TOWEL][APImpl::OnGetProviderMetaInfo]: RoutingId(7116, 1766621486) provider ckg
[29648:20640:0621/002020.274:INFO:aha\components\towel\common\ap_impl.cc:540] [TOWEL][APImpl::OnGetProviderMetaInfo] update meta info for ckg method_list is ckg::SEND, event_list is ckg::PUSH_PACKET
[29648:20640:0621/002020.274:INFO:aha\components\towel\common\static_routing_ap.cc:181] [TOWEL][StaticRoutingAP::RunPendingRequestAndEvents] provider_name= ckg
[29648:20640:0621/002020.274:INFO:aha\components\towel\common\ap_impl.cc:530] [TOWEL][APImpl::OnGetProviderMetaInfo]: RoutingId(7116, 1766621486) provider cueServer
[29648:20640:0621/002020.274:INFO:aha\components\towel\common\ap_impl.cc:540] [TOWEL][APImpl::OnGetProviderMetaInfo] update meta info for cueServer method_list is cueServer::SEND, event_list is cueServer::PUSH_PACKET
[29648:20640:0621/002020.274:INFO:aha\components\towel\common\static_routing_ap.cc:181] [TOWEL][StaticRoutingAP::RunPendingRequestAndEvents] provider_name= cueServer
[29648:20640:0621/002020.274:INFO:aha\components\towel\common\ap_impl.cc:530] [TOWEL][APImpl::OnGetProviderMetaInfo]: RoutingId(7116, 2102714509) provider AhaNet
[29648:20640:0621/002020.274:INFO:aha\components\towel\common\ap_impl.cc:540] [TOWEL][APImpl::OnGetProviderMetaInfo] update meta info for AhaNet method_list is AhaNet::UpdateAhaNetAccessPolicy|AhaNet::UpdateTNCConfig|AhaNet::SetProxy|AhaNet::WsCreate|AhaNet::WsConnect|AhaNet::WsSend|AhaNet::WsDisconnect|AhaNet::WsDestroy, event_list is AhaNet::WsMessage|AhaNet::WsStatusChanged|AhaNet::WsError|AhaNet::TNCConfigUpdated|AhaNet::NetReport|AhaNet::RTTAndThroughput|AhaNet::NetworkQualityType|AhaNet::PacketLostStats
[29648:20640:0621/002020.274:INFO:aha\components\towel\common\static_routing_ap.cc:181] [TOWEL][StaticRoutingAP::RunPendingRequestAndEvents] provider_name= AhaNet
[17928:17932:0621/002020.274:INFO:aha\components\towel\public\provider.cc:196] [TOWEL][Provider::GetMetaInfo] provider monitor, method_size is 8 method_list is monitor::MONITOR_EVENT|monitor::UPLOAD_LOGS|monitor::TOGGLE_LOGIFIER|monitor::REPORT_NETWORK_EVENT|monitor::REPORT_SLARDAR_WEB|monitor::REPORT_CPU_PROFILE|monitor::REPORT_SNAPSHOT|monitor::REPORT_CUSTOM_EXCEPTION
[29648:20640:0621/002020.274:INFO:aha\components\towel\common\ap_impl.cc:530] [TOWEL][APImpl::OnGetProviderMetaInfo]: RoutingId(7116, 1766621486) provider monitor
[29648:20640:0621/002020.274:INFO:aha\components\towel\common\ap_impl.cc:540] [TOWEL][APImpl::OnGetProviderMetaInfo] update meta info for monitor method_list is monitor::MONITOR_EVENT|monitor::UPLOAD_LOGS|monitor::TOGGLE_LOGIFIER|monitor::REPORT_NETWORK_EVENT|monitor::REPORT_SLARDAR_WEB|monitor::REPORT_CPU_PROFILE|monitor::REPORT_SNAPSHOT|monitor::REPORT_CUSTOM_EXCEPTION, event_list is 
[29648:20640:0621/002020.274:INFO:aha\components\towel\common\static_routing_ap.cc:181] [TOWEL][StaticRoutingAP::RunPendingRequestAndEvents] provider_name= monitor
[29648:20640:0621/002020.274:INFO:aha\components\towel\public\provider.cc:196] [TOWEL][Provider::GetMetaInfo] provider ckg, method_size is 1 method_list is ckg::SEND
[29648:20640:0621/002020.274:INFO:aha\components\towel\common\ap_impl.cc:530] [TOWEL][APImpl::OnGetProviderMetaInfo]: RoutingId(7116, 2102714509) provider ai
[29648:20640:0621/002020.274:INFO:aha\components\towel\common\ap_impl.cc:540] [TOWEL][APImpl::OnGetProviderMetaInfo] update meta info for ai method_list is ai::SEND, event_list is ai::PUSH_PACKET
[29648:20640:0621/002020.274:INFO:aha\components\towel\common\static_routing_ap.cc:181] [TOWEL][StaticRoutingAP::RunPendingRequestAndEvents] provider_name= ai
[29648:20640:0621/002020.274:INFO:aha\components\towel\common\ap_impl.cc:530] [TOWEL][APImpl::OnGetProviderMetaInfo]: RoutingId(7116, 2102714509) provider ai-agent
[29648:20640:0621/002020.274:INFO:aha\components\towel\common\ap_impl.cc:540] [TOWEL][APImpl::OnGetProviderMetaInfo] update meta info for ai-agent method_list is ai-agent::SEND, event_list is ai-agent::PUSH_PACKET
[29648:20640:0621/002020.274:INFO:aha\components\towel\common\static_routing_ap.cc:181] [TOWEL][StaticRoutingAP::RunPendingRequestAndEvents] provider_name= ai-agent
[29648:20640:0621/002020.274:INFO:aha\components\towel\common\ap_impl.cc:530] [TOWEL][APImpl::OnGetProviderMetaInfo]: RoutingId(7116, 2102714509) provider cueServer
[29648:20640:0621/002020.274:INFO:aha\components\towel\common\ap_impl.cc:540] [TOWEL][APImpl::OnGetProviderMetaInfo] update meta info for cueServer method_list is cueServer::SEND, event_list is cueServer::PUSH_PACKET
[29648:20640:0621/002020.274:INFO:aha\components\towel\common\static_routing_ap.cc:181] [TOWEL][StaticRoutingAP::RunPendingRequestAndEvents] provider_name= cueServer
[29648:20640:0621/002020.274:INFO:aha\components\towel\common\ap_impl.cc:530] [TOWEL][APImpl::OnGetProviderMetaInfo]: RoutingId(7116, 2102714509) provider monitor
[29648:20640:0621/002020.274:INFO:aha\components\towel\common\ap_impl.cc:540] [TOWEL][APImpl::OnGetProviderMetaInfo] update meta info for monitor method_list is monitor::MONITOR_EVENT|monitor::UPLOAD_LOGS|monitor::TOGGLE_LOGIFIER|monitor::REPORT_NETWORK_EVENT|monitor::REPORT_SLARDAR_WEB|monitor::REPORT_CPU_PROFILE|monitor::REPORT_SNAPSHOT|monitor::REPORT_CUSTOM_EXCEPTION, event_list is 
[29648:20640:0621/002020.274:INFO:aha\components\towel\common\static_routing_ap.cc:181] [TOWEL][StaticRoutingAP::RunPendingRequestAndEvents] provider_name= monitor
[29648:20640:0621/002020.274:INFO:aha\components\towel\common\ap_impl.cc:530] [TOWEL][APImpl::OnGetProviderMetaInfo]: RoutingId(7116, 2102714509) provider ckg
[29648:20640:0621/002020.274:INFO:aha\components\towel\common\ap_impl.cc:540] [TOWEL][APImpl::OnGetProviderMetaInfo] update meta info for ckg method_list is ckg::SEND, event_list is ckg::PUSH_PACKET
[29648:20640:0621/002020.274:INFO:aha\components\towel\common\static_routing_ap.cc:181] [TOWEL][StaticRoutingAP::RunPendingRequestAndEvents] provider_name= ckg
[7116:6016:0621/002020.275:INFO:aha\components\towel\common\ap_impl.cc:530] [TOWEL][APImpl::OnGetProviderMetaInfo]: RoutingId(7116, 341743295) provider ckg
[7116:6016:0621/002020.275:INFO:aha\components\towel\common\ap_impl.cc:540] [TOWEL][APImpl::OnGetProviderMetaInfo] update meta info for ckg method_list is ckg::SEND, event_list is ckg::PUSH_PACKET
[7116:6016:0621/002020.275:INFO:aha\components\towel\common\static_routing_ap.cc:181] [TOWEL][StaticRoutingAP::RunPendingRequestAndEvents] provider_name= ckg
[7116:6016:0621/002020.276:INFO:aha\components\towel\common\ap_impl.cc:530] [TOWEL][APImpl::OnGetProviderMetaInfo]: RoutingId(7116, 1336779637) provider ckg
[7116:6016:0621/002020.276:INFO:aha\components\towel\common\ap_impl.cc:540] [TOWEL][APImpl::OnGetProviderMetaInfo] update meta info for ckg method_list is ckg::SEND, event_list is ckg::PUSH_PACKET
[7116:6016:0621/002020.276:INFO:aha\components\towel\common\static_routing_ap.cc:181] [TOWEL][StaticRoutingAP::RunPendingRequestAndEvents] provider_name= ckg
[7116:6016:0621/002020.276:INFO:aha\components\towel\common\ap_impl.cc:530] [TOWEL][APImpl::OnGetProviderMetaInfo]: RoutingId(7116, 1578995633) provider ckg
[7116:6016:0621/002020.276:INFO:aha\components\towel\common\ap_impl.cc:540] [TOWEL][APImpl::OnGetProviderMetaInfo] update meta info for ckg method_list is ckg::SEND, event_list is ckg::PUSH_PACKET
[7116:6016:0621/002020.276:INFO:aha\components\towel\common\static_routing_ap.cc:181] [TOWEL][StaticRoutingAP::RunPendingRequestAndEvents] provider_name= ckg
[7116:6016:0621/002020.276:INFO:aha\components\towel\common\ap_impl.cc:530] [TOWEL][APImpl::OnGetProviderMetaInfo]: RoutingId(7116, 1910463829) provider ckg
[7116:6016:0621/002020.276:INFO:aha\components\towel\common\ap_impl.cc:540] [TOWEL][APImpl::OnGetProviderMetaInfo] update meta info for ckg method_list is ckg::SEND, event_list is ckg::PUSH_PACKET
[7116:6016:0621/002020.276:INFO:aha\components\towel\common\static_routing_ap.cc:181] [TOWEL][StaticRoutingAP::RunPendingRequestAndEvents] provider_name= ckg
[7116:6016:0621/002020.276:INFO:aha\components\towel\public\provider.cc:196] [TOWEL][Provider::GetMetaInfo] provider BlockDetectorProvider, method_size is 1 method_list is BlockDetector::HEART_BEAT
[7116:6016:0621/002020.276:INFO:aha\components\towel\public\provider.cc:196] [TOWEL][Provider::GetMetaInfo] provider trae-cn-config-channel, method_size is 1 method_list is trae-cn-config-channel::SEND
[7116:6016:0621/002020.276:INFO:aha\components\towel\common\master_impl.cc:78] [TOWEL][MasterImpl::BindAP] success for 2102714509
[7116:6016:0621/002020.276:INFO:aha\components\towel\common\master_impl.cc:78] [TOWEL][MasterImpl::BindAP] success for 1445795129
[29648:20640:0621/002020.276:INFO:aha\components\towel\common\ap_impl.cc:530] [TOWEL][APImpl::OnGetProviderMetaInfo]: RoutingId(7116, 2102714509) provider BlockDetectorProvider
[29648:20640:0621/002020.276:INFO:aha\components\towel\common\ap_impl.cc:540] [TOWEL][APImpl::OnGetProviderMetaInfo] update meta info for BlockDetectorProvider method_list is BlockDetector::HEART_BEAT, event_list is 
[29648:20640:0621/002020.276:INFO:aha\components\towel\common\static_routing_ap.cc:181] [TOWEL][StaticRoutingAP::RunPendingRequestAndEvents] provider_name= BlockDetectorProvider
[29648:20640:0621/002020.276:INFO:aha\components\towel\common\ap_impl.cc:530] [TOWEL][APImpl::OnGetProviderMetaInfo]: RoutingId(7116, 2102714509) provider trae-cn-config-channel
[29648:20640:0621/002020.276:INFO:aha\components\towel\common\ap_impl.cc:540] [TOWEL][APImpl::OnGetProviderMetaInfo] update meta info for trae-cn-config-channel method_list is trae-cn-config-channel::SEND, event_list is trae-cn-config-channel::PUSH_PACKET
[29648:20640:0621/002020.276:INFO:aha\components\towel\common\static_routing_ap.cc:181] [TOWEL][StaticRoutingAP::RunPendingRequestAndEvents] provider_name= trae-cn-config-channel
[22400:22404:0621/002020.302:INFO:aha\components\towel\common\ap_impl.cc:406] [TOWEL][APImpl::OnProviderAdded] provider_name ckg, RoutingId(7116, 238740999)
[22400:22404:0621/002020.303:INFO:aha\components\ipc\ipc_client.cc:172] [AhaIpc] provider connected, name: ckg
[22400:22404:0621/002020.303:INFO:aha\components\towel\common\static_routing_ap.cc:181] [TOWEL][StaticRoutingAP::RunPendingRequestAndEvents] provider_name= ckg
[29648:20640:0621/002020.303:INFO:aha\components\towel\public\provider.cc:196] [TOWEL][Provider::GetMetaInfo] provider ckg, method_size is 1 method_list is ckg::SEND
[22400:22404:0621/002020.314:INFO:aha\components\towel\common\ap_impl.cc:530] [TOWEL][APImpl::OnGetProviderMetaInfo]: RoutingId(7116, 238740999) provider ckg
[22400:22404:0621/002020.314:INFO:aha\components\towel\common\ap_impl.cc:540] [TOWEL][APImpl::OnGetProviderMetaInfo] update meta info for ckg method_list is ckg::SEND, event_list is ckg::PUSH_PACKET
[22400:22404:0621/002020.314:INFO:aha\components\towel\common\static_routing_ap.cc:181] [TOWEL][StaticRoutingAP::RunPendingRequestAndEvents] provider_name= ckg
[29648:20640:0621/002020.524:INFO:aha\components\towel\public\provider.cc:196] [TOWEL][Provider::GetMetaInfo] provider ckg, method_size is 1 method_list is ckg::SEND
[7116:5860:0621/002020.590:INFO:aha\components\perf\process\process_collector_worker_thread.cc:85] [process collector] DoCollectProcessInfo cost: 0ms
[7116:6016:0621/002020.592:WARNING:aha\components\perf\observer\perf_observer_evaluator.cc:170] [perf observer][evaluator][function = aha::PerfObserverEvaluator::HandleSystemCpuData] cpu level is kSerious,usage:85.3878
[7116:12568:0621/002020.671:INFO:aha\components\towel\common\ap_impl.cc:406] [TOWEL][APImpl::OnProviderAdded] provider_name ckg, RoutingId(7116, 2016600233)
[29648:32076:0621/002020.801:INFO:aha\components\basil\core\ipc\ipc_client_resource.cc:82] [AhaIpc] ffi::Connect, resource: 2
[29648:20640:0621/002020.867:INFO:aha\components\ipc\ipc_client.cc:13] [AhaIpc] set request_timeout_ms: 10000
[29648:20640:0621/002020.867:INFO:aha\components\towel\embedder\master_binder.cc:60] [TOWEL]BindMasterInAnyProcess, ProcessType(4)
[29648:20640:0621/002020.867:INFO:aha\components\towel\embedder\master_binder.cc:82] [TOWEL]BindMasterInAnyProcess, in main thread, bind.
[29648:20640:0621/002020.867:INFO:aha\components\towel\common\ap_impl.cc:26] [TOWEL][APImpl::APImpl] create ap, id is RoutingId(-1, 27281)
[29648:20640:0621/002020.867:INFO:aha\components\towel\common\ap_impl.cc:31] [TOWEL][APImpl] register to master, current id is RoutingId(-1, 27281)
[29648:20640:0621/002020.867:INFO:aha\components\basil\core\ipc\ipc_client_resource.cc:37] [AhaIpc] BindIpcSocket, target_server: trae-cn-config-channel, resource_id: 2
[29648:20640:0621/002020.867:INFO:aha\components\ipc\ipc_client.cc:36] [AhaIpc] create socket, server: trae-cn-config-channel, channel_id: e6ea3a13-4abe-489b-b74e-1119c30da7c2
[29648:20640:0621/002020.867:INFO:aha\components\ipc\ipc_client.cc:41] [AhaIpc] listen to server first time, server=trae-cn-config-channel
[29648:20640:0621/002020.867:WARNING:aha\components\towel\common\ap_impl.cc:220] [TOWEL][APImpl::ListensEvents] no provider for event trae-cn-config-channel::PUSH_PACKET
[29648:20640:0621/002020.867:INFO:aha\components\towel\common\ap_impl.cc:594] [TOWEL][APImpl::ListensEvents] start, RoutingId(-1, 27281)
[29648:20640:0621/002020.867:INFO:aha\components\towel\common\ap_impl.cc:596] [TOWEL][APImpl::ListensEvents] no pending_listen_requests_, do nothing
[29648:20640:0621/002020.867:INFO:aha\components\towel\common\static_routing_ap.cc:171] [TOWEL][StaticRoutingAP::TryAddPendingEvents] provider not ready, store event and wait. event trae-cn-config-channel::PUSH_PACKET
[29648:20640:0621/002020.867:INFO:aha\components\towel\common\static_routing_ap.cc:135] [TOWEL][StaticRoutingAP::TryAddPendingRequest] provider not ready, store request and wait. method trae-cn-config-channel::SEND
[29648:20640:0621/002020.867:INFO:aha\components\towel\common\static_routing_ap.cc:144] [TOWEL][StaticRoutingAP] start timeout checker
[29648:20640:0621/002020.867:INFO:aha\components\basil\core\ipc\ipc_client_resource.cc:151] [AhaIpc] Bind socket, resource: 2, channel_id: e6ea3a13-4abe-489b-b74e-1119c30da7c2
[29648:20640:0621/002020.867:INFO:aha\components\towel\common\static_routing_ap.cc:135] [TOWEL][StaticRoutingAP::TryAddPendingRequest] provider not ready, store request and wait. method trae-cn-config-channel::SEND
[7116:6016:0621/002020.868:ERROR:electron\shell\browser\electron_browser_client.cc:1997] bind receiver for utility
[7116:6016:0621/002020.868:INFO:aha\components\towel\embedder\master_binder.cc:52] [TOWEL]BindMasterInBrowser, ProcessType(2)
[7116:6016:0621/002020.868:INFO:aha\components\towel\embedder\master_binder.cc:55] [TOWEL]BindMasterInBrowser, run in main thread, bind.
[7116:6016:0621/002020.868:INFO:aha\components\towel\common\master_impl.cc:39] [TOWEL][MasterImpl::AddAPWithId] add ap 227184338
[7116:6016:0621/002020.868:INFO:aha\components\towel\common\master_impl.cc:55] [TOWEL][MasterImpl::AddAP] add ap 227184338
[7116:6016:0621/002020.868:INFO:aha\components\towel\common\master_impl.cc:193] [TOWEL][MasterImpl::GetAllProviders] provider size is 8 given size is 8
[29648:20640:0621/002020.870:INFO:aha\components\towel\common\ap_impl.cc:416] [TOWEL][APImpl::OnAddToMaster] real_id is RoutingId(7116, 227184338), fake_id is RoutingId(-1, 27281)
[29648:20640:0621/002020.870:INFO:aha\components\towel\common\ap_impl.cc:594] [TOWEL][APImpl::ListensEvents] start, RoutingId(7116, 227184338)
[29648:20640:0621/002020.870:INFO:aha\components\towel\common\ap_impl.cc:596] [TOWEL][APImpl::ListensEvents] no pending_listen_requests_, do nothing
[29648:20640:0621/002020.870:INFO:aha\components\towel\common\ap_impl.cc:511] [TOWEL][APImpl::OnGetAllProviders]: RoutingId(7116, 227184338) provider size 8
[29648:20640:0621/002020.871:INFO:aha\components\towel\common\ap_impl.cc:520] [TOWEL][APImpl::OnGetAllProviders] add provider AhaNet
[29648:20640:0621/002020.871:INFO:aha\components\towel\common\ap_impl.cc:520] [TOWEL][APImpl::OnGetAllProviders] add provider BlockDetectorProvider
[29648:20640:0621/002020.871:INFO:aha\components\towel\common\ap_impl.cc:520] [TOWEL][APImpl::OnGetAllProviders] add provider ai
[29648:20640:0621/002020.871:INFO:aha\components\towel\common\ap_impl.cc:520] [TOWEL][APImpl::OnGetAllProviders] add provider ai-agent
[19376:19380:0621/002020.871:INFO:aha\components\towel\public\provider.cc:196] [TOWEL][Provider::GetMetaInfo] provider ai, method_size is 1 method_list is ai::SEND
[29648:20640:0621/002020.871:INFO:aha\components\towel\common\ap_impl.cc:520] [TOWEL][APImpl::OnGetAllProviders] add provider ckg
[29648:20640:0621/002020.871:INFO:aha\components\towel\common\ap_impl.cc:520] [TOWEL][APImpl::OnGetAllProviders] add provider cueServer
[29648:20640:0621/002020.871:INFO:aha\components\towel\common\ap_impl.cc:520] [TOWEL][APImpl::OnGetAllProviders] add provider monitor
[29648:20640:0621/002020.871:INFO:aha\components\towel\common\ap_impl.cc:520] [TOWEL][APImpl::OnGetAllProviders] add provider trae-cn-config-channel
[20104:20108:0621/002020.871:INFO:aha\components\towel\public\provider.cc:196] [TOWEL][Provider::GetMetaInfo] provider cueServer, method_size is 1 method_list is cueServer::SEND
[17928:17932:0621/002020.871:INFO:aha\components\towel\public\provider.cc:196] [TOWEL][Provider::GetMetaInfo] provider monitor, method_size is 8 method_list is monitor::MONITOR_EVENT|monitor::UPLOAD_LOGS|monitor::TOGGLE_LOGIFIER|monitor::REPORT_NETWORK_EVENT|monitor::REPORT_SLARDAR_WEB|monitor::REPORT_CPU_PROFILE|monitor::REPORT_SNAPSHOT|monitor::REPORT_CUSTOM_EXCEPTION
[7116:6016:0621/002020.871:INFO:aha\components\towel\public\provider.cc:196] [TOWEL][Provider::GetMetaInfo] provider BlockDetectorProvider, method_size is 1 method_list is BlockDetector::HEART_BEAT
[29648:20640:0621/002020.871:INFO:aha\components\towel\common\static_routing_ap.cc:181] [TOWEL][StaticRoutingAP::RunPendingRequestAndEvents] provider_name= AhaNet
[29648:20640:0621/002020.871:INFO:aha\components\towel\common\static_routing_ap.cc:181] [TOWEL][StaticRoutingAP::RunPendingRequestAndEvents] provider_name= BlockDetectorProvider
[29648:20640:0621/002020.871:INFO:aha\components\towel\common\static_routing_ap.cc:181] [TOWEL][StaticRoutingAP::RunPendingRequestAndEvents] provider_name= ai
[29648:20640:0621/002020.871:INFO:aha\components\towel\common\static_routing_ap.cc:181] [TOWEL][StaticRoutingAP::RunPendingRequestAndEvents] provider_name= ai-agent
[29648:20640:0621/002020.871:INFO:aha\components\towel\common\static_routing_ap.cc:181] [TOWEL][StaticRoutingAP::RunPendingRequestAndEvents] provider_name= ckg
[19376:19380:0621/002020.871:INFO:aha\components\towel\public\provider.cc:196] [TOWEL][Provider::GetMetaInfo] provider ai-agent, method_size is 1 method_list is ai-agent::SEND
[29648:20640:0621/002020.871:INFO:aha\components\towel\common\static_routing_ap.cc:181] [TOWEL][StaticRoutingAP::RunPendingRequestAndEvents] provider_name= cueServer
[29648:20640:0621/002020.871:INFO:aha\components\towel\common\static_routing_ap.cc:181] [TOWEL][StaticRoutingAP::RunPendingRequestAndEvents] provider_name= monitor
[29648:20640:0621/002020.871:INFO:aha\components\towel\common\static_routing_ap.cc:181] [TOWEL][StaticRoutingAP::RunPendingRequestAndEvents] provider_name= trae-cn-config-channel
[29648:20640:0621/002020.871:INFO:aha\components\towel\common\static_routing_ap.cc:195] [TOWEL][StaticRoutingAP::RunPendingEvents] run pending events, event_list is trae-cn-config-channel::PUSH_PACKET
[29648:20640:0621/002020.871:INFO:aha\components\towel\common\static_routing_ap.cc:217] [TOWEL][StaticRoutingAP::RunPendingRequestAndEvents] run pending requests, method= trae-cn-config-channel::SEND
[29648:20640:0621/002020.871:INFO:aha\components\towel\common\static_routing_ap.cc:217] [TOWEL][StaticRoutingAP::RunPendingRequestAndEvents] run pending requests, method= trae-cn-config-channel::SEND
[29648:20640:0621/002020.871:INFO:aha\components\towel\public\provider.cc:196] [TOWEL][Provider::GetMetaInfo] provider ckg, method_size is 1 method_list is ckg::SEND
[29648:20640:0621/002020.871:INFO:aha\components\towel\common\ap_impl.cc:530] [TOWEL][APImpl::OnGetProviderMetaInfo]: RoutingId(7116, 227184338) provider AhaNet
[29648:20640:0621/002020.871:INFO:aha\components\towel\common\ap_impl.cc:540] [TOWEL][APImpl::OnGetProviderMetaInfo] update meta info for AhaNet method_list is AhaNet::UpdateAhaNetAccessPolicy|AhaNet::UpdateTNCConfig|AhaNet::SetProxy|AhaNet::WsCreate|AhaNet::WsConnect|AhaNet::WsSend|AhaNet::WsDisconnect|AhaNet::WsDestroy, event_list is AhaNet::WsMessage|AhaNet::WsStatusChanged|AhaNet::WsError|AhaNet::TNCConfigUpdated|AhaNet::NetReport|AhaNet::RTTAndThroughput|AhaNet::NetworkQualityType|AhaNet::PacketLostStats
[29648:20640:0621/002020.871:INFO:aha\components\towel\common\static_routing_ap.cc:181] [TOWEL][StaticRoutingAP::RunPendingRequestAndEvents] provider_name= AhaNet
[29648:20640:0621/002020.871:INFO:aha\components\towel\common\ap_impl.cc:530] [TOWEL][APImpl::OnGetProviderMetaInfo]: RoutingId(7116, 227184338) provider ai
[29648:20640:0621/002020.871:INFO:aha\components\towel\common\ap_impl.cc:540] [TOWEL][APImpl::OnGetProviderMetaInfo] update meta info for ai method_list is ai::SEND, event_list is ai::PUSH_PACKET
[29648:20640:0621/002020.871:INFO:aha\components\towel\common\static_routing_ap.cc:181] [TOWEL][StaticRoutingAP::RunPendingRequestAndEvents] provider_name= ai
[29648:20640:0621/002020.871:INFO:aha\components\towel\common\ap_impl.cc:530] [TOWEL][APImpl::OnGetProviderMetaInfo]: RoutingId(7116, 227184338) provider cueServer
[29648:20640:0621/002020.871:INFO:aha\components\towel\common\ap_impl.cc:540] [TOWEL][APImpl::OnGetProviderMetaInfo] update meta info for cueServer method_list is cueServer::SEND, event_list is cueServer::PUSH_PACKET
[29648:20640:0621/002020.871:INFO:aha\components\towel\common\static_routing_ap.cc:181] [TOWEL][StaticRoutingAP::RunPendingRequestAndEvents] provider_name= cueServer
[29648:20640:0621/002020.871:INFO:aha\components\towel\common\ap_impl.cc:530] [TOWEL][APImpl::OnGetProviderMetaInfo]: RoutingId(7116, 227184338) provider monitor
[29648:20640:0621/002020.871:INFO:aha\components\towel\common\ap_impl.cc:540] [TOWEL][APImpl::OnGetProviderMetaInfo] update meta info for monitor method_list is monitor::MONITOR_EVENT|monitor::UPLOAD_LOGS|monitor::TOGGLE_LOGIFIER|monitor::REPORT_NETWORK_EVENT|monitor::REPORT_SLARDAR_WEB|monitor::REPORT_CPU_PROFILE|monitor::REPORT_SNAPSHOT|monitor::REPORT_CUSTOM_EXCEPTION, event_list is 
[29648:20640:0621/002020.871:INFO:aha\components\towel\common\static_routing_ap.cc:181] [TOWEL][StaticRoutingAP::RunPendingRequestAndEvents] provider_name= monitor
[29648:20640:0621/002020.871:INFO:aha\components\towel\common\ap_impl.cc:530] [TOWEL][APImpl::OnGetProviderMetaInfo]: RoutingId(7116, 227184338) provider BlockDetectorProvider
[29648:20640:0621/002020.871:INFO:aha\components\towel\common\ap_impl.cc:540] [TOWEL][APImpl::OnGetProviderMetaInfo] update meta info for BlockDetectorProvider method_list is BlockDetector::HEART_BEAT, event_list is 
[29648:20640:0621/002020.871:INFO:aha\components\towel\common\static_routing_ap.cc:181] [TOWEL][StaticRoutingAP::RunPendingRequestAndEvents] provider_name= BlockDetectorProvider
[29648:20640:0621/002020.871:INFO:aha\components\towel\common\ap_impl.cc:530] [TOWEL][APImpl::OnGetProviderMetaInfo]: RoutingId(7116, 227184338) provider ckg
[29648:20640:0621/002020.871:INFO:aha\components\towel\common\ap_impl.cc:540] [TOWEL][APImpl::OnGetProviderMetaInfo] update meta info for ckg method_list is ckg::SEND, event_list is ckg::PUSH_PACKET
[29648:20640:0621/002020.871:INFO:aha\components\towel\common\static_routing_ap.cc:181] [TOWEL][StaticRoutingAP::RunPendingRequestAndEvents] provider_name= ckg
[29648:20640:0621/002020.871:INFO:aha\components\towel\common\ap_impl.cc:530] [TOWEL][APImpl::OnGetProviderMetaInfo]: RoutingId(7116, 227184338) provider ai-agent
[7116:6016:0621/002020.872:INFO:aha\components\towel\public\provider.cc:196] [TOWEL][Provider::GetMetaInfo] provider trae-cn-config-channel, method_size is 1 method_list is trae-cn-config-channel::SEND
[7116:6016:0621/002020.872:INFO:aha\components\towel\public\provider.cc:310] [TOWEL][Provider::ListenEvent] start, from ap RoutingId(7116, 227184338), event_list is trae-cn-config-channel::PUSH_PACKET
[7116:6016:0621/002020.872:INFO:aha\components\towel\public\provider.cc:316] [TOWEL][Provider::ListenEvent] no APListenInfo, create one
[29648:20640:0621/002020.872:INFO:aha\components\towel\common\ap_impl.cc:540] [TOWEL][APImpl::OnGetProviderMetaInfo] update meta info for ai-agent method_list is ai-agent::SEND, event_list is ai-agent::PUSH_PACKET
[7116:6016:0621/002020.872:INFO:aha\components\towel\public\provider.cc:325] [TOWEL][Provider::ListenEvent] no remote_ap for RoutingId(7116, 227184338), get it from master
[29648:20640:0621/002020.872:INFO:aha\components\towel\common\static_routing_ap.cc:181] [TOWEL][StaticRoutingAP::RunPendingRequestAndEvents] provider_name= ai-agent
[29648:20640:0621/002020.872:INFO:aha\components\towel\common\ap_impl.cc:530] [TOWEL][APImpl::OnGetProviderMetaInfo]: RoutingId(7116, 227184338) provider trae-cn-config-channel
[29648:20640:0621/002020.872:INFO:aha\components\towel\common\ap_impl.cc:540] [TOWEL][APImpl::OnGetProviderMetaInfo] update meta info for trae-cn-config-channel method_list is trae-cn-config-channel::SEND, event_list is trae-cn-config-channel::PUSH_PACKET
[29648:20640:0621/002020.872:INFO:aha\components\towel\common\static_routing_ap.cc:181] [TOWEL][StaticRoutingAP::RunPendingRequestAndEvents] provider_name= trae-cn-config-channel
[7116:6016:0621/002020.873:INFO:aha\components\towel\common\master_impl.cc:78] [TOWEL][MasterImpl::BindAP] success for 227184338
[7116:6016:0621/002021.006:INFO:aha\components\page_load_metrics\observers\page_load_metrics_observer.cc:838] [page_load_metrics][traceId-] this:0x617c00470800, Send: metrics:{"DCL":1263,"FCP":5613,"FP":1292,"L":1265,"LCP":9221,"background_duration":52,"commit_navigation_end":1159,"commit_navigation_start":256,"first_background_time":0,"first_foreground_time":0,"foreground":1,"foreground_duration":14715,"foreground_fcp":1,"is_render_process_ready":0,"js_error_count":7,"lcp_candidate_index":4,"main_body_bytes":2228,"net_error_code":0,"parse_start":1160,"parse_stop":1263,"reload_type":0,"render_process_gone":0,"render_process_ready":1113,"render_view_ready":0,"request_start":-4859963,"response_end":1198,"response_start":52,"started_in_foreground":1}, category:{"is_prerender_page":"false","is_redirect":"false","is_same_document":"false","is_timeout":"false","lcp_type":"text"}
[7116:12568:0621/002021.910:INFO:aha\components\monitor\monitor.cc:202] [Monitor] OnProviderConnected: OnProviderConnected, name: ckg
[17928:17932:0621/002021.991:INFO:aha\services\monitor\src\monitor_handler.cc:589] [MonitorHandler] ReportNetworkEvent: [MonitorService] ReportNetworkEvent
[29944:29948:0621/002021.992:INFO:aha\components\towel\common\ap_impl.cc:406] [TOWEL][APImpl::OnProviderAdded] provider_name ckg, RoutingId(7116, 1913086051)
[29944:29948:0621/002021.992:INFO:aha\components\ipc\ipc_client.cc:172] [AhaIpc] provider connected, name: ckg
[29944:29948:0621/002022.035:INFO:aha\components\towel\common\static_routing_ap.cc:181] [TOWEL][StaticRoutingAP::RunPendingRequestAndEvents] provider_name= ckg
[7116:12568:0621/002022.174:INFO:aha\components\towel\common\static_routing_ap.cc:181] [TOWEL][StaticRoutingAP::RunPendingRequestAndEvents] provider_name= ckg
[7116:12568:0621/002022.196:INFO:aha\components\towel\common\ap_impl.cc:530] [TOWEL][APImpl::OnGetProviderMetaInfo]: RoutingId(7116, 2016600233) provider ckg
[7116:12568:0621/002022.198:INFO:aha\components\towel\common\ap_impl.cc:540] [TOWEL][APImpl::OnGetProviderMetaInfo] update meta info for ckg method_list is ckg::SEND, event_list is ckg::PUSH_PACKET
[17928:17932:0621/002022.200:INFO:aha\services\monitor\src\monitor_handler.cc:589] [MonitorHandler] ReportNetworkEvent: [MonitorService] ReportNetworkEvent
[17928:17932:0621/002022.201:INFO:aha\services\monitor\src\monitor_handler.cc:589] [MonitorHandler] ReportNetworkEvent: [MonitorService] ReportNetworkEvent
[17928:17932:0621/002022.201:INFO:aha\services\monitor\src\monitor_handler.cc:589] [MonitorHandler] ReportNetworkEvent: [MonitorService] ReportNetworkEvent
[17928:17932:0621/002022.201:INFO:aha\services\monitor\src\monitor_handler.cc:589] [MonitorHandler] ReportNetworkEvent: [MonitorService] ReportNetworkEvent
[17928:17932:0621/002022.201:INFO:aha\services\monitor\src\monitor_handler.cc:589] [MonitorHandler] ReportNetworkEvent: [MonitorService] ReportNetworkEvent
[17928:17932:0621/002022.202:INFO:aha\services\monitor\src\monitor_handler.cc:589] [MonitorHandler] ReportNetworkEvent: [MonitorService] ReportNetworkEvent
[17928:17932:0621/002022.202:INFO:aha\services\monitor\src\monitor_handler.cc:589] [MonitorHandler] ReportNetworkEvent: [MonitorService] ReportNetworkEvent
[7116:12568:0621/002022.467:INFO:aha\components\towel\common\static_routing_ap.cc:181] [TOWEL][StaticRoutingAP::RunPendingRequestAndEvents] provider_name= ckg
[19376:19380:0621/002023.287:ERROR:aha\components\towel\common\ap_impl.cc:558] [TOWEL][APImpl::OnProviderDisconnected] lose connection with provider ckg, RoutingId(7116, 1914257655), reason 0, message 
[19376:19380:0621/002023.287:ERROR:aha\components\towel\common\ap_impl.cc:558] [TOWEL][APImpl::OnProviderDisconnected] lose connection with provider ckg, RoutingId(7116, 1445795129), reason 0, message 
[19376:19380:0621/002023.287:INFO:aha\components\ipc\ipc_client.cc:186] [AhaIpc] provider disconncted, name: ckg
[19376:19380:0621/002023.287:ERROR:aha\components\towel\common\ap_impl.cc:558] [TOWEL][APImpl::OnProviderDisconnected] lose connection with provider ckg, RoutingId(7116, 2122083188), reason 0, message 
[20104:20108:0621/002023.287:ERROR:aha\components\towel\common\ap_impl.cc:558] [TOWEL][APImpl::OnProviderDisconnected] lose connection with provider ckg, RoutingId(7116, 1253776709), reason 0, message 
[20104:20108:0621/002023.287:INFO:aha\components\ipc\ipc_client.cc:186] [AhaIpc] provider disconncted, name: ckg
[22400:22404:0621/002023.290:ERROR:aha\components\towel\common\ap_impl.cc:558] [TOWEL][APImpl::OnProviderDisconnected] lose connection with provider ckg, RoutingId(7116, 238740999), reason 0, message 
[22400:22404:0621/002023.290:INFO:aha\components\ipc\ipc_client.cc:186] [AhaIpc] provider disconncted, name: ckg
[7116:6016:0621/002023.290:ERROR:aha\components\towel\common\ap_impl.cc:558] [TOWEL][APImpl::OnProviderDisconnected] lose connection with provider ckg, RoutingId(7116, 341743295), reason 0, message 
[7116:6016:0621/002023.290:INFO:aha\components\ipc\ipc_client.cc:186] [AhaIpc] provider disconncted, name: ckg
[7116:6016:0621/002023.290:INFO:aha\components\towel\common\master_impl.cc:220] [TOWEL][MasterImpl::OnProviderDisconnect] provider disconnect, name=ckg reason= 0 message= 
[7116:6016:0621/002023.290:INFO:aha\components\towel\common\master_impl.cc:166] [TOWEL][MasterImpl::UnRegisterProvider] name is ckg provider size now is 7
[7116:6016:0621/002023.290:ERROR:aha\components\towel\common\ap_impl.cc:558] [TOWEL][APImpl::OnProviderDisconnected] lose connection with provider ckg, RoutingId(7116, 1336779637), reason 0, message 
[7116:6016:0621/002023.290:ERROR:aha\components\towel\common\ap_impl.cc:558] [TOWEL][APImpl::OnProviderDisconnected] lose connection with provider ckg, RoutingId(7116, 1578995633), reason 0, message 
[7116:6016:0621/002023.290:INFO:aha\components\towel\public\provider.cc:437] [TOWEL][Provider::OnAPDisconnceted] ap_id RoutingId(7116, 227184338)
[7116:6016:0621/002023.290:INFO:aha\components\ipc\ipc_server.cc:137] [AhaIpc] clear sockets for RoutingId(7116, 227184338)
[7116:6016:0621/002023.290:INFO:aha\components\ipc\ipc_server.cc:140] [AhaIpc] remove socket, channel_id: e6ea3a13-4abe-489b-b74e-1119c30da7c2
[7116:6016:0621/002023.290:INFO:aha\components\ipc\ipc_socket.cc:22] [AhaIpc] destruct, channel_id: e6ea3a13-4abe-489b-b74e-1119c30da7c2
[7116:6016:0621/002023.290:INFO:aha\components\ipc\ipc_socket.cc:69] [AhaIpc] socket on_disconnect, server: trae-cn-config-channel,  channel_id: e6ea3a13-4abe-489b-b74e-1119c30da7c2
[7116:6016:0621/002023.290:INFO:aha\components\report_context\report_context_process_host.cc:210] [ReportContext] aha::ReportContextProcessHost::BindAndSyncChildProcess(int, base::ProcessId)::(anonymous class)::operator(), Child (GPU/Utility) remote disconnected, pid=29648
[7116:6016:0621/002023.290:ERROR:aha\components\basil\core\native_extension_impl.cc:231] [Basil]remote service disconnected, name=ckg reason=0, description:
[7116:6016:0621/002023.290:ERROR:aha\components\towel\common\ap_impl.cc:558] [TOWEL][APImpl::OnProviderDisconnected] lose connection with provider ckg, RoutingId(7116, 1910463829), reason 0, message 
[7116:6016:0621/002023.290:ERROR:aha\components\basil\core\native_extension_impl.cc:259] [Basil]process crashed, name=ckg, code=1
[7116:6016:0621/002023.290:INFO:aha\components\basil\core\native_extension_impl.cc:266] [Basil]HandleTermination, exit_code=1
[7116:6016:0621/002023.290:INFO:aha\components\basil\core\native_extension_manager_impl.cc:96] [Basil]release native_extension, name=ckg
[7116:12568:0621/002023.290:ERROR:aha\components\towel\common\ap_impl.cc:558] [TOWEL][APImpl::OnProviderDisconnected] lose connection with provider ckg, RoutingId(7116, 2016600233), reason 0, message 
[7116:6016:0621/002023.290:ERROR:aha\components\process_observer\aha_process_observer.cc:72] [process observer][process gone] type is: ckg, pid is: 29648, status is: 2, exit code is: 1, run time is: -1, is sandbox: 1
[7116:4548:0621/002023.292:INFO:aha\components\perf\process\process_type_provider.cc:125] [ProcessTypeProvider] aha::ProcessTypeProvider::RemoveProcessOnTaskRunner, pid 29648
[7116:12568:0621/002023.292:INFO:aha\components\monitor\monitor.cc:198] [Monitor] OnProviderDisconnected: OnProviderDisconnected, name: ckg
[7116:6016:0621/002023.292:INFO:aha\components\perf\perf_manager_base.cc:513] [perf manager][function = RemoveProcess] remove exited process:29648
[7116:6016:0621/002023.293:INFO:aha\components\report_context\report_context_process_host.cc:225] [ReportContext] virtual aha::ReportContextProcessHost::BrowserChildProcessHostDisconnected, type=6 pid=29648 name=basil.mojom.NativeExtensionService
[7116:6016:0621/002023.360:ERROR:aha\components\basil\core\native_extension_manager_impl.cc:51] [Basil][Basil] no extension found, name=ckg
[7116:6016:0621/002023.360:INFO:aha\components\basil\core\native_extension_impl.cc:105] [Basil]native_extension created, name=ckg
[7116:6016:0621/002023.360:INFO:aha\components\basil\core\native_extension_impl.cc:130] [Basil]launch native extension process start, name=ckg
[7116:6016:0621/002023.360:INFO:content\public\browser\service_process_host.cc:108] vscode_crash_reporter_process_type: is ckg
[7116:6016:0621/002023.514:INFO:aha\components\basil\core\native_extension_impl.cc:212] [Basil]process launched, name=ckg, pid=5000
[7116:6016:0621/002023.514:INFO:aha\electron\shell\browser\api\electron_api_aha_reporter.cc:693] electron::api::AhaReporter::setPerfContextForProcess enableCkgAhaRequest true

[7116:6016:0621/002023.514:INFO:aha\components\perf\perf_custom_param_manager.cc:25] Add custom category param enableCkgAhaRequest = true
 for process 5000
[7116:6016:0621/002023.514:INFO:aha\components\report_context\report_context_process_host.cc:175] [ReportContext] virtual aha::ReportContextProcessHost::BrowserChildProcessLaunchedAndConnected, type=6 pid=5000 name=basil.mojom.NativeExtensionService unique_id=13
[7116:6016:0621/002023.514:INFO:aha\components\report_context\report_context_process_host.cc:198] [ReportContext] aha::ReportContextProcessHost::BindAndSyncChildProcess, binding Mojo remote for child process pid=5000 unique_id=13
[7116:6016:0621/002023.514:INFO:aha\components\report_context\report_context_process_host.cc:217] [ReportContext] aha::ReportContextProcessHost::BindAndSyncChildProcess, successfully bound, total_entries=10 pid=5000
[7116:6016:0621/002023.514:INFO:aha\components\report_context\report_context_process_host.cc:254] [ReportContext] aha::ReportContextProcessHost::SyncExistingContext, pid=5000 crash_keys_count=0
[7116:6016:0621/002023.514:INFO:aha\components\report_context\report_context_process_host.cc:264] [ReportContext] aha::ReportContextProcessHost::SyncExistingContext, pid=5000 common_keys_count=56
[7116:6016:0621/002023.514:INFO:aha\components\process_observer\aha_process_observer.cc:45] [process observer][process launched] type is:ckg, pid is:5000
[7116:6016:0621/002023.514:INFO:aha\components\perf\perf_manager_base.cc:452] [perf manager][function = AddProcess] add process:5000
[7116:6016:0621/002023.514:INFO:aha\components\perf\collector\perf_collector_base.cc:29] [perf collector][function=ShouldCollectProcess] AddProcess pid:5000 cmd:"D:\Trae CN\Trae CN.exe" --type=utility --utility-sub-type=basil.mojom.NativeExtensionService --lang=zh-CN --service-sandbox-type=none --video-capture-use-gpu-memory-buffer --vscode-crash-reporter-process-type=ckg --user-data-dir="C:\Users\79368\AppData\Local\Temp\trae-cn-profile-9346-14076" --standard-schemes=vscode-webview,vscode-file,solo-remote-file --enable-sandbox --secure-schemes=vscode-webview,vscode-file,solo-remote-file --cors-schemes=vscode-webview,vscode-file,solo-remote-file --fetch-schemes=vscode-webview,vscode-file,solo-remote-file --service-worker-schemes=vscode-webview --code-cache-schemes=vscode-webview,vscode-file --field-trial-handle=3028,i,2830996505004751620,9860351495398714899,262144 --enable-features=DocumentPolicyIncludeJSCallStacksInCrashReports,EarlyEstablishGpuChannel,EnableTransparentHwndEnlargement,EstablishGpuChannelAsync,PdfUseShowSaveFilePicker --disable-features=CalculateNativeWinOcclusion,LocalNetworkAccessChecks,ScreenAIOCREnabled,SpareRendererForSitePerProcess,TraceSiteInstanceGetProcessCreation --variations-seed-version --trace-process-track-uuid=3190708998493415531 --enable-logging=handle --log-file=4484 --mojo-platform-channel-handle=4692 /prefetch:14
[7116:6016:0621/002023.514:INFO:aha\components\perf\collector\perf_collector_base.cc:29] [perf collector][function=ShouldCollectProcess] AddProcess pid:5000 cmd:"D:\Trae CN\Trae CN.exe" --type=utility --utility-sub-type=basil.mojom.NativeExtensionService --lang=zh-CN --service-sandbox-type=none --video-capture-use-gpu-memory-buffer --vscode-crash-reporter-process-type=ckg --user-data-dir="C:\Users\79368\AppData\Local\Temp\trae-cn-profile-9346-14076" --standard-schemes=vscode-webview,vscode-file,solo-remote-file --enable-sandbox --secure-schemes=vscode-webview,vscode-file,solo-remote-file --cors-schemes=vscode-webview,vscode-file,solo-remote-file --fetch-schemes=vscode-webview,vscode-file,solo-remote-file --service-worker-schemes=vscode-webview --code-cache-schemes=vscode-webview,vscode-file --field-trial-handle=3028,i,2830996505004751620,9860351495398714899,262144 --enable-features=DocumentPolicyIncludeJSCallStacksInCrashReports,EarlyEstablishGpuChannel,EnableTransparentHwndEnlargement,EstablishGpuChannelAsync,PdfUseShowSaveFilePicker --disable-features=CalculateNativeWinOcclusion,LocalNetworkAccessChecks,ScreenAIOCREnabled,SpareRendererForSitePerProcess,TraceSiteInstanceGetProcessCreation --variations-seed-version --trace-process-track-uuid=3190708998493415531 --enable-logging=handle --log-file=4484 --mojo-platform-channel-handle=4692 /prefetch:14
[7116:6016:0621/002023.515:INFO:aha\components\perf\collector\perf_collector_base.cc:29] [perf collector][function=ShouldCollectProcess] AddProcess pid:5000 cmd:"D:\Trae CN\Trae CN.exe" --type=utility --utility-sub-type=basil.mojom.NativeExtensionService --lang=zh-CN --service-sandbox-type=none --video-capture-use-gpu-memory-buffer --vscode-crash-reporter-process-type=ckg --user-data-dir="C:\Users\79368\AppData\Local\Temp\trae-cn-profile-9346-14076" --standard-schemes=vscode-webview,vscode-file,solo-remote-file --enable-sandbox --secure-schemes=vscode-webview,vscode-file,solo-remote-file --cors-schemes=vscode-webview,vscode-file,solo-remote-file --fetch-schemes=vscode-webview,vscode-file,solo-remote-file --service-worker-schemes=vscode-webview --code-cache-schemes=vscode-webview,vscode-file --field-trial-handle=3028,i,2830996505004751620,9860351495398714899,262144 --enable-features=DocumentPolicyIncludeJSCallStacksInCrashReports,EarlyEstablishGpuChannel,EnableTransparentHwndEnlargement,EstablishGpuChannelAsync,PdfUseShowSaveFilePicker --disable-features=CalculateNativeWinOcclusion,LocalNetworkAccessChecks,ScreenAIOCREnabled,SpareRendererForSitePerProcess,TraceSiteInstanceGetProcessCreation --variations-seed-version --trace-process-track-uuid=3190708998493415531 --enable-logging=handle --log-file=4484 --mojo-platform-channel-handle=4692 /prefetch:14
[7116:4548:0621/002023.516:INFO:aha\components\perf\process\process_type_provider.cc:119] [ProcessTypeProvider] aha::ProcessTypeProvider::AddProcessOnTaskRunner, pid 5000, type ckg
[29944:29948:0621/002023.533:ERROR:aha\components\towel\common\ap_impl.cc:558] [TOWEL][APImpl::OnProviderDisconnected] lose connection with provider ckg, RoutingId(7116, 1913086051), reason 0, message 
[29944:29948:0621/002023.533:INFO:aha\components\ipc\ipc_client.cc:186] [AhaIpc] provider disconncted, name: ckg
[5000:12268:0621/002023.593:INFO:electron\shell\app\electron_main_delegate.cc:618] #### AhaElectron (utility) basil.mojom.NativeExtensionService Startup #### cmd: 
[5000:12268:0621/002023.593:INFO:aha\components\memory_system\memory_system_manager.cc:43] MemorySystemManager::InitializeMemorySystem. process_gwp_asan_enable_list: 
[5000:12268:0621/002023.593:INFO:aha\components\memory_system\memory_system_manager.cc:47] MemorySystemManager::InitializeMemorySystem. process: ckg not enable for Gwp-Asan
[5000:12268:0621/002023.593:INFO:aha\components\towel\embedder\interface_binder.cc:17] [TOWEL]InterfaceBinder Intialized. ProcessType(4)
[5000:12268:0621/002023.594:INFO:aha\components\basil\service\native_extension_service.cc:24] [Basil]create service in utility process
[5000:12268:0621/002023.594:INFO:aha\components\towel\embedder\master_binder.cc:60] [TOWEL]BindMasterInAnyProcess, ProcessType(4)
[5000:12268:0621/002023.594:INFO:aha\components\towel\embedder\master_binder.cc:82] [TOWEL]BindMasterInAnyProcess, in main thread, bind.
[5000:12268:0621/002023.594:INFO:aha\components\towel\common\ap_impl.cc:26] [TOWEL][APImpl::APImpl] create ap, id is RoutingId(-1, 3421)
[5000:12268:0621/002023.594:INFO:aha\components\towel\common\ap_impl.cc:31] [TOWEL][APImpl] register to master, current id is RoutingId(-1, 3421)
[5000:12268:0621/002023.594:WARNING:aha\components\towel\common\ap_impl.cc:220] [TOWEL][APImpl::ListensEvents] no provider for event AhaNet::TNCConfigUpdated
[5000:12268:0621/002023.594:WARNING:aha\components\towel\common\ap_impl.cc:220] [TOWEL][APImpl::ListensEvents] no provider for event AhaNet::NetReport
[5000:12268:0621/002023.594:WARNING:aha\components\towel\common\ap_impl.cc:220] [TOWEL][APImpl::ListensEvents] no provider for event AhaNet::RTTAndThroughput
[5000:12268:0621/002023.594:WARNING:aha\components\towel\common\ap_impl.cc:220] [TOWEL][APImpl::ListensEvents] no provider for event AhaNet::NetworkQualityType
[5000:12268:0621/002023.594:WARNING:aha\components\towel\common\ap_impl.cc:220] [TOWEL][APImpl::ListensEvents] no provider for event AhaNet::PacketLostStats
[5000:12268:0621/002023.594:INFO:aha\components\towel\common\ap_impl.cc:594] [TOWEL][APImpl::ListensEvents] start, RoutingId(-1, 3421)
[5000:12268:0621/002023.594:INFO:aha\components\towel\common\ap_impl.cc:596] [TOWEL][APImpl::ListensEvents] no pending_listen_requests_, do nothing
[5000:12268:0621/002023.594:INFO:aha\components\towel\common\static_routing_ap.cc:171] [TOWEL][StaticRoutingAP::TryAddPendingEvents] provider not ready, store event and wait. event AhaNet::TNCConfigUpdated
[5000:12268:0621/002023.594:INFO:aha\components\towel\common\static_routing_ap.cc:171] [TOWEL][StaticRoutingAP::TryAddPendingEvents] provider not ready, store event and wait. event AhaNet::NetReport
[5000:12268:0621/002023.594:INFO:aha\components\towel\common\static_routing_ap.cc:171] [TOWEL][StaticRoutingAP::TryAddPendingEvents] provider not ready, store event and wait. event AhaNet::RTTAndThroughput
[5000:12268:0621/002023.594:INFO:aha\components\towel\common\static_routing_ap.cc:171] [TOWEL][StaticRoutingAP::TryAddPendingEvents] provider not ready, store event and wait. event AhaNet::NetworkQualityType
[5000:12268:0621/002023.594:INFO:aha\components\towel\common\static_routing_ap.cc:171] [TOWEL][StaticRoutingAP::TryAddPendingEvents] provider not ready, store event and wait. event AhaNet::PacketLostStats
[5000:12268:0621/002023.594:INFO:electron\shell\utility\electron_content_utility_client.cc:183] [ReportContext] electron::ElectronContentUtilityClient::ExposeInterfacesToBrowser(mojo::BinderMap *)::(anonymous class)::operator(), bound, creating ReportContextClientImpl
[5000:12268:0621/002023.594:INFO:aha\components\basil\service\native_extension_service.cc:41] [Basil]start service, name=ckg
[5000:12268:0621/002023.594:INFO:aha\components\basil\service\native_extension_service.cc:56] [Basil]create lib proxy
[7116:6016:0621/002023.597:ERROR:electron\shell\browser\electron_browser_client.cc:1997] bind receiver for utility
[7116:6016:0621/002023.597:INFO:aha\components\towel\embedder\master_binder.cc:52] [TOWEL]BindMasterInBrowser, ProcessType(2)
[7116:6016:0621/002023.597:INFO:aha\components\towel\embedder\master_binder.cc:55] [TOWEL]BindMasterInBrowser, run in main thread, bind.
[7116:6016:0621/002023.597:INFO:aha\components\towel\common\master_impl.cc:39] [TOWEL][MasterImpl::AddAPWithId] add ap 1721537408
[7116:6016:0621/002023.597:INFO:aha\components\towel\common\master_impl.cc:55] [TOWEL][MasterImpl::AddAP] add ap 1721537408
[7116:6016:0621/002023.597:INFO:aha\components\towel\common\master_impl.cc:193] [TOWEL][MasterImpl::GetAllProviders] provider size is 7 given size is 7
[5000:12268:0621/002023.734:INFO:aha\components\towel\embedder\master_binder.cc:60] [TOWEL]BindMasterInAnyProcess, ProcessType(4)
[5000:12268:0621/002023.734:INFO:aha\components\towel\embedder\master_binder.cc:82] [TOWEL]BindMasterInAnyProcess, in main thread, bind.
[5000:12268:0621/002023.734:INFO:aha\components\towel\public\provider.cc:76] [TOWEL][Provider::Mount] mount provider, name= ckg, force_reset=0
[7116:6016:0621/002023.734:ERROR:electron\shell\browser\electron_browser_client.cc:1997] bind receiver for utility
[7116:6016:0621/002023.734:INFO:aha\components\towel\embedder\master_binder.cc:52] [TOWEL]BindMasterInBrowser, ProcessType(2)
[5000:12268:0621/002023.734:INFO:aha\components\towel\embedder\master_binder.cc:60] [TOWEL]BindMasterInAnyProcess, ProcessType(4)
[7116:6016:0621/002023.734:INFO:aha\components\towel\embedder\master_binder.cc:55] [TOWEL]BindMasterInBrowser, run in main thread, bind.
[5000:12268:0621/002023.734:INFO:aha\components\towel\embedder\master_binder.cc:82] [TOWEL]BindMasterInAnyProcess, in main thread, bind.
[7116:6016:0621/002023.735:INFO:aha\components\basil\core\native_extension_impl.cc:225] [Basil]start service success, name=ckg
[5000:12268:0621/002023.735:INFO:aha\components\towel\common\ap_impl.cc:26] [TOWEL][APImpl::APImpl] create ap, id is RoutingId(-1, 3879)
[5000:12268:0621/002023.735:INFO:aha\components\towel\common\ap_impl.cc:31] [TOWEL][APImpl] register to master, current id is RoutingId(-1, 3879)
[7116:6016:0621/002023.735:INFO:aha\components\towel\common\master_impl.cc:153] [TOWEL][MasterImpl::RegisterProvider] success ckg provider size now is 8
[22400:22404:0621/002023.735:INFO:aha\components\towel\common\ap_impl.cc:406] [TOWEL][APImpl::OnProviderAdded] provider_name ckg, RoutingId(7116, 238740999)
[19376:19380:0621/002023.735:INFO:aha\components\towel\common\ap_impl.cc:406] [TOWEL][APImpl::OnProviderAdded] provider_name ckg, RoutingId(7116, 1445795129)
[22400:22404:0621/002023.735:INFO:aha\components\ipc\ipc_client.cc:172] [AhaIpc] provider connected, name: ckg
[22400:22404:0621/002023.735:INFO:aha\components\towel\common\static_routing_ap.cc:181] [TOWEL][StaticRoutingAP::RunPendingRequestAndEvents] provider_name= ckg
[19376:19380:0621/002023.735:INFO:aha\components\ipc\ipc_client.cc:172] [AhaIpc] provider connected, name: ckg
[7116:6016:0621/002023.735:ERROR:electron\shell\browser\electron_browser_client.cc:1997] bind receiver for utility
[19376:19380:0621/002023.735:WARNING:aha\components\towel\common\ap_impl.cc:220] [TOWEL][APImpl::ListensEvents] no provider for event ckg::PUSH_PACKET
[19376:19380:0621/002023.736:INFO:aha\components\towel\common\ap_impl.cc:594] [TOWEL][APImpl::ListensEvents] start, RoutingId(7116, 1445795129)
[7116:6016:0621/002023.736:INFO:aha\components\towel\embedder\master_binder.cc:52] [TOWEL]BindMasterInBrowser, ProcessType(2)
[19376:19380:0621/002023.736:INFO:aha\components\towel\common\ap_impl.cc:596] [TOWEL][APImpl::ListensEvents] no pending_listen_requests_, do nothing
[19376:19380:0621/002023.736:INFO:aha\components\towel\common\static_routing_ap.cc:171] [TOWEL][StaticRoutingAP::TryAddPendingEvents] provider not ready, store event and wait. event ckg::PUSH_PACKET
[19376:19380:0621/002023.736:INFO:aha\components\towel\common\static_routing_ap.cc:181] [TOWEL][StaticRoutingAP::RunPendingRequestAndEvents] provider_name= ckg
[19376:19380:0621/002023.736:INFO:aha\components\towel\common\static_routing_ap.cc:195] [TOWEL][StaticRoutingAP::RunPendingEvents] run pending events, event_list is ckg::PUSH_PACKET
[7116:6016:0621/002023.736:INFO:aha\components\towel\embedder\master_binder.cc:55] [TOWEL]BindMasterInBrowser, run in main thread, bind.
[7116:6016:0621/002023.736:INFO:aha\components\towel\common\ap_impl.cc:406] [TOWEL][APImpl::OnProviderAdded] provider_name ckg, RoutingId(7116, 341743295)
[7116:6016:0621/002023.736:INFO:aha\components\ipc\ipc_client.cc:172] [AhaIpc] provider connected, name: ckg
[7116:6016:0621/002023.736:INFO:aha\components\towel\common\static_routing_ap.cc:181] [TOWEL][StaticRoutingAP::RunPendingRequestAndEvents] provider_name= ckg
[19376:19380:0621/002023.736:INFO:aha\components\towel\common\ap_impl.cc:406] [TOWEL][APImpl::OnProviderAdded] provider_name ckg, RoutingId(7116, 1914257655)
[19376:19380:0621/002023.736:INFO:aha\components\towel\common\static_routing_ap.cc:181] [TOWEL][StaticRoutingAP::RunPendingRequestAndEvents] provider_name= ckg
[7116:6016:0621/002023.736:INFO:aha\components\towel\common\ap_impl.cc:406] [TOWEL][APImpl::OnProviderAdded] provider_name ckg, RoutingId(7116, 1336779637)
[7116:6016:0621/002023.736:INFO:aha\components\towel\common\static_routing_ap.cc:181] [TOWEL][StaticRoutingAP::RunPendingRequestAndEvents] provider_name= ckg
[19376:19380:0621/002023.736:INFO:aha\components\towel\common\ap_impl.cc:406] [TOWEL][APImpl::OnProviderAdded] provider_name ckg, RoutingId(7116, 2122083188)
[19376:19380:0621/002023.736:INFO:aha\components\towel\common\static_routing_ap.cc:181] [TOWEL][StaticRoutingAP::RunPendingRequestAndEvents] provider_name= ckg
[7116:6016:0621/002023.736:INFO:aha\components\towel\common\ap_impl.cc:406] [TOWEL][APImpl::OnProviderAdded] provider_name ckg, RoutingId(7116, 1578995633)
[7116:6016:0621/002023.736:INFO:aha\components\towel\common\static_routing_ap.cc:181] [TOWEL][StaticRoutingAP::RunPendingRequestAndEvents] provider_name= ckg
[20104:20108:0621/002023.736:INFO:aha\components\towel\common\ap_impl.cc:406] [TOWEL][APImpl::OnProviderAdded] provider_name ckg, RoutingId(7116, 1253776709)
[20104:20108:0621/002023.736:INFO:aha\components\ipc\ipc_client.cc:172] [AhaIpc] provider connected, name: ckg
[7116:6016:0621/002023.736:INFO:aha\components\towel\common\ap_impl.cc:406] [TOWEL][APImpl::OnProviderAdded] provider_name ckg, RoutingId(7116, 1910463829)
[7116:6016:0621/002023.736:INFO:aha\components\towel\common\static_routing_ap.cc:181] [TOWEL][StaticRoutingAP::RunPendingRequestAndEvents] provider_name= ckg
[5000:12268:0621/002023.736:WARNING:aha\components\towel\common\ap_impl.cc:220] [TOWEL][APImpl::ListensEvents] no provider for event AhaNet::WsMessage
[5000:12268:0621/002023.736:WARNING:aha\components\towel\common\ap_impl.cc:220] [TOWEL][APImpl::ListensEvents] no provider for event AhaNet::WsStatusChanged
[5000:12268:0621/002023.736:WARNING:aha\components\towel\common\ap_impl.cc:220] [TOWEL][APImpl::ListensEvents] no provider for event AhaNet::WsError
[5000:12268:0621/002023.736:INFO:aha\components\towel\common\ap_impl.cc:594] [TOWEL][APImpl::ListensEvents] start, RoutingId(-1, 3879)
[7116:6016:0621/002023.736:INFO:aha\components\towel\common\master_impl.cc:39] [TOWEL][MasterImpl::AddAPWithId] add ap 1491603867
[5000:12268:0621/002023.736:INFO:aha\components\towel\common\ap_impl.cc:596] [TOWEL][APImpl::ListensEvents] no pending_listen_requests_, do nothing
[20104:20108:0621/002023.736:INFO:aha\components\towel\common\static_routing_ap.cc:181] [TOWEL][StaticRoutingAP::RunPendingRequestAndEvents] provider_name= ckg
[7116:6016:0621/002023.736:INFO:aha\components\towel\common\master_impl.cc:55] [TOWEL][MasterImpl::AddAP] add ap 1491603867
[7116:6016:0621/002023.736:INFO:aha\components\towel\common\master_impl.cc:193] [TOWEL][MasterImpl::GetAllProviders] provider size is 8 given size is 8
[5000:12268:0621/002023.737:INFO:aha\components\towel\common\static_routing_ap.cc:171] [TOWEL][StaticRoutingAP::TryAddPendingEvents] provider not ready, store event and wait. event AhaNet::WsMessage
[5000:12268:0621/002023.737:INFO:aha\components\towel\common\static_routing_ap.cc:171] [TOWEL][StaticRoutingAP::TryAddPendingEvents] provider not ready, store event and wait. event AhaNet::WsStatusChanged
[5000:12268:0621/002023.737:INFO:aha\components\towel\common\static_routing_ap.cc:171] [TOWEL][StaticRoutingAP::TryAddPendingEvents] provider not ready, store event and wait. event AhaNet::WsError
[5000:12268:0621/002023.737:INFO:aha\components\towel\common\ap_impl.cc:416] [TOWEL][APImpl::OnAddToMaster] real_id is RoutingId(7116, 1721537408), fake_id is RoutingId(-1, 3421)
[5000:12268:0621/002023.737:INFO:aha\components\towel\common\ap_impl.cc:594] [TOWEL][APImpl::ListensEvents] start, RoutingId(7116, 1721537408)
[5000:12268:0621/002023.737:INFO:aha\components\towel\common\ap_impl.cc:596] [TOWEL][APImpl::ListensEvents] no pending_listen_requests_, do nothing
[5000:12268:0621/002023.737:INFO:aha\components\towel\common\ap_impl.cc:406] [TOWEL][APImpl::OnProviderAdded] provider_name ckg, RoutingId(7116, 1721537408)
[5000:12268:0621/002023.737:INFO:aha\components\towel\common\static_routing_ap.cc:181] [TOWEL][StaticRoutingAP::RunPendingRequestAndEvents] provider_name= ckg
[5000:12268:0621/002023.737:INFO:aha\components\towel\common\ap_impl.cc:416] [TOWEL][APImpl::OnAddToMaster] real_id is RoutingId(7116, 1491603867), fake_id is RoutingId(-1, 3879)
[5000:12268:0621/002023.737:INFO:aha\components\towel\common\ap_impl.cc:594] [TOWEL][APImpl::ListensEvents] start, RoutingId(7116, 1491603867)
[5000:12268:0621/002023.737:INFO:aha\components\towel\common\ap_impl.cc:596] [TOWEL][APImpl::ListensEvents] no pending_listen_requests_, do nothing
[5000:12268:0621/002023.738:INFO:aha\components\towel\common\ap_impl.cc:511] [TOWEL][APImpl::OnGetAllProviders]: RoutingId(7116, 1721537408) provider size 7
[5000:12268:0621/002023.738:INFO:aha\components\towel\common\ap_impl.cc:520] [TOWEL][APImpl::OnGetAllProviders] add provider AhaNet
[5000:12268:0621/002023.738:INFO:aha\components\towel\common\ap_impl.cc:520] [TOWEL][APImpl::OnGetAllProviders] add provider BlockDetectorProvider
[19376:19380:0621/002023.738:INFO:aha\components\towel\public\provider.cc:196] [TOWEL][Provider::GetMetaInfo] provider ai, method_size is 1 method_list is ai::SEND
[5000:12268:0621/002023.738:INFO:aha\components\towel\common\ap_impl.cc:520] [TOWEL][APImpl::OnGetAllProviders] add provider ai
[19376:19380:0621/002023.738:INFO:aha\components\towel\public\provider.cc:196] [TOWEL][Provider::GetMetaInfo] provider ai-agent, method_size is 1 method_list is ai-agent::SEND
[7116:6016:0621/002023.738:INFO:aha\components\towel\public\provider.cc:196] [TOWEL][Provider::GetMetaInfo] provider BlockDetectorProvider, method_size is 1 method_list is BlockDetector::HEART_BEAT
[5000:12268:0621/002023.738:INFO:aha\components\towel\common\ap_impl.cc:520] [TOWEL][APImpl::OnGetAllProviders] add provider ai-agent
[5000:12268:0621/002023.738:INFO:aha\components\towel\common\ap_impl.cc:520] [TOWEL][APImpl::OnGetAllProviders] add provider cueServer
[5000:12268:0621/002023.738:INFO:aha\components\towel\common\ap_impl.cc:520] [TOWEL][APImpl::OnGetAllProviders] add provider monitor
[20104:20108:0621/002023.738:INFO:aha\components\towel\public\provider.cc:196] [TOWEL][Provider::GetMetaInfo] provider cueServer, method_size is 1 method_list is cueServer::SEND
[5000:12268:0621/002023.738:INFO:aha\components\towel\common\ap_impl.cc:520] [TOWEL][APImpl::OnGetAllProviders] add provider trae-cn-config-channel
[5000:12268:0621/002023.738:INFO:aha\components\towel\common\static_routing_ap.cc:181] [TOWEL][StaticRoutingAP::RunPendingRequestAndEvents] provider_name= AhaNet
[5000:12268:0621/002023.738:INFO:aha\components\towel\common\static_routing_ap.cc:195] [TOWEL][StaticRoutingAP::RunPendingEvents] run pending events, event_list is AhaNet::TNCConfigUpdated,AhaNet::NetReport,AhaNet::RTTAndThroughput,AhaNet::NetworkQualityType,AhaNet::PacketLostStats
[5000:12268:0621/002023.738:INFO:aha\components\towel\common\static_routing_ap.cc:181] [TOWEL][StaticRoutingAP::RunPendingRequestAndEvents] provider_name= BlockDetectorProvider
[5000:12268:0621/002023.738:INFO:aha\components\towel\common\static_routing_ap.cc:181] [TOWEL][StaticRoutingAP::RunPendingRequestAndEvents] provider_name= ai
[5000:12268:0621/002023.738:INFO:aha\components\towel\common\static_routing_ap.cc:181] [TOWEL][StaticRoutingAP::RunPendingRequestAndEvents] provider_name= ai-agent
[5000:12268:0621/002023.738:INFO:aha\components\towel\common\static_routing_ap.cc:181] [TOWEL][StaticRoutingAP::RunPendingRequestAndEvents] provider_name= cueServer
[5000:12268:0621/002023.738:INFO:aha\components\towel\common\static_routing_ap.cc:181] [TOWEL][StaticRoutingAP::RunPendingRequestAndEvents] provider_name= monitor
[5000:12268:0621/002023.738:INFO:aha\components\towel\common\static_routing_ap.cc:181] [TOWEL][StaticRoutingAP::RunPendingRequestAndEvents] provider_name= trae-cn-config-channel
[17928:17932:0621/002023.738:INFO:aha\components\towel\public\provider.cc:196] [TOWEL][Provider::GetMetaInfo] provider monitor, method_size is 8 method_list is monitor::MONITOR_EVENT|monitor::UPLOAD_LOGS|monitor::TOGGLE_LOGIFIER|monitor::REPORT_NETWORK_EVENT|monitor::REPORT_SLARDAR_WEB|monitor::REPORT_CPU_PROFILE|monitor::REPORT_SNAPSHOT|monitor::REPORT_CUSTOM_EXCEPTION
[7116:6016:0621/002023.738:INFO:aha\components\towel\public\provider.cc:196] [TOWEL][Provider::GetMetaInfo] provider trae-cn-config-channel, method_size is 1 method_list is trae-cn-config-channel::SEND
[7116:6016:0621/002023.738:INFO:aha\components\towel\common\master_impl.cc:78] [TOWEL][MasterImpl::BindAP] success for 1721537408
[5000:12268:0621/002023.738:INFO:aha\components\towel\common\ap_impl.cc:511] [TOWEL][APImpl::OnGetAllProviders]: RoutingId(7116, 1491603867) provider size 8
[5000:12268:0621/002023.738:INFO:aha\components\towel\common\ap_impl.cc:520] [TOWEL][APImpl::OnGetAllProviders] add provider AhaNet
[5000:12268:0621/002023.738:INFO:aha\components\towel\common\ap_impl.cc:520] [TOWEL][APImpl::OnGetAllProviders] add provider BlockDetectorProvider
[19376:19380:0621/002023.739:INFO:aha\components\towel\public\provider.cc:196] [TOWEL][Provider::GetMetaInfo] provider ai, method_size is 1 method_list is ai::SEND
[7116:6016:0621/002023.739:INFO:aha\components\towel\public\provider.cc:196] [TOWEL][Provider::GetMetaInfo] provider BlockDetectorProvider, method_size is 1 method_list is BlockDetector::HEART_BEAT
[5000:12268:0621/002023.739:INFO:aha\components\towel\common\ap_impl.cc:520] [TOWEL][APImpl::OnGetAllProviders] add provider ai
[19376:19380:0621/002023.739:INFO:aha\components\towel\public\provider.cc:196] [TOWEL][Provider::GetMetaInfo] provider ai-agent, method_size is 1 method_list is ai-agent::SEND
[5000:12268:0621/002023.739:INFO:aha\components\towel\common\ap_impl.cc:520] [TOWEL][APImpl::OnGetAllProviders] add provider ai-agent
[5000:12268:0621/002023.739:INFO:aha\components\towel\common\ap_impl.cc:520] [TOWEL][APImpl::OnGetAllProviders] add provider ckg
[5000:12268:0621/002023.739:INFO:aha\components\towel\common\ap_impl.cc:520] [TOWEL][APImpl::OnGetAllProviders] add provider cueServer
[20104:20108:0621/002023.739:INFO:aha\components\towel\public\provider.cc:196] [TOWEL][Provider::GetMetaInfo] provider cueServer, method_size is 1 method_list is cueServer::SEND
[5000:12268:0621/002023.739:INFO:aha\components\towel\common\ap_impl.cc:520] [TOWEL][APImpl::OnGetAllProviders] add provider monitor
[17928:17932:0621/002023.739:INFO:aha\components\towel\public\provider.cc:196] [TOWEL][Provider::GetMetaInfo] provider monitor, method_size is 8 method_list is monitor::MONITOR_EVENT|monitor::UPLOAD_LOGS|monitor::TOGGLE_LOGIFIER|monitor::REPORT_NETWORK_EVENT|monitor::REPORT_SLARDAR_WEB|monitor::REPORT_CPU_PROFILE|monitor::REPORT_SNAPSHOT|monitor::REPORT_CUSTOM_EXCEPTION
[5000:12268:0621/002023.739:INFO:aha\components\towel\common\ap_impl.cc:520] [TOWEL][APImpl::OnGetAllProviders] add provider trae-cn-config-channel
[5000:12268:0621/002023.739:INFO:aha\components\towel\common\static_routing_ap.cc:181] [TOWEL][StaticRoutingAP::RunPendingRequestAndEvents] provider_name= AhaNet
[5000:12268:0621/002023.739:INFO:aha\components\towel\common\static_routing_ap.cc:195] [TOWEL][StaticRoutingAP::RunPendingEvents] run pending events, event_list is AhaNet::WsMessage,AhaNet::WsStatusChanged,AhaNet::WsError
[7116:6016:0621/002023.739:INFO:aha\components\towel\public\provider.cc:196] [TOWEL][Provider::GetMetaInfo] provider trae-cn-config-channel, method_size is 1 method_list is trae-cn-config-channel::SEND
[5000:12268:0621/002023.739:INFO:aha\components\towel\common\static_routing_ap.cc:181] [TOWEL][StaticRoutingAP::RunPendingRequestAndEvents] provider_name= BlockDetectorProvider
[7116:6016:0621/002023.739:INFO:aha\components\towel\common\master_impl.cc:78] [TOWEL][MasterImpl::BindAP] success for 1491603867
[5000:12268:0621/002023.739:INFO:aha\components\towel\common\static_routing_ap.cc:181] [TOWEL][StaticRoutingAP::RunPendingRequestAndEvents] provider_name= ai
[5000:12268:0621/002023.739:INFO:aha\components\towel\common\static_routing_ap.cc:181] [TOWEL][StaticRoutingAP::RunPendingRequestAndEvents] provider_name= ai-agent
[5000:12268:0621/002023.739:INFO:aha\components\towel\common\static_routing_ap.cc:181] [TOWEL][StaticRoutingAP::RunPendingRequestAndEvents] provider_name= ckg
[5000:12268:0621/002023.739:INFO:aha\components\towel\common\static_routing_ap.cc:181] [TOWEL][StaticRoutingAP::RunPendingRequestAndEvents] provider_name= cueServer
[5000:12268:0621/002023.739:INFO:aha\components\towel\common\static_routing_ap.cc:181] [TOWEL][StaticRoutingAP::RunPendingRequestAndEvents] provider_name= monitor
[5000:12268:0621/002023.739:INFO:aha\components\towel\common\static_routing_ap.cc:181] [TOWEL][StaticRoutingAP::RunPendingRequestAndEvents] provider_name= trae-cn-config-channel
[5000:12268:0621/002023.739:INFO:aha\components\towel\common\ap_impl.cc:530] [TOWEL][APImpl::OnGetProviderMetaInfo]: RoutingId(7116, 1721537408) provider AhaNet
[5000:12268:0621/002023.739:INFO:aha\components\towel\common\ap_impl.cc:540] [TOWEL][APImpl::OnGetProviderMetaInfo] update meta info for AhaNet method_list is AhaNet::UpdateAhaNetAccessPolicy|AhaNet::UpdateTNCConfig|AhaNet::SetProxy|AhaNet::WsCreate|AhaNet::WsConnect|AhaNet::WsSend|AhaNet::WsDisconnect|AhaNet::WsDestroy, event_list is AhaNet::WsMessage|AhaNet::WsStatusChanged|AhaNet::WsError|AhaNet::TNCConfigUpdated|AhaNet::NetReport|AhaNet::RTTAndThroughput|AhaNet::NetworkQualityType|AhaNet::PacketLostStats
[5000:12268:0621/002023.739:INFO:aha\components\towel\common\static_routing_ap.cc:181] [TOWEL][StaticRoutingAP::RunPendingRequestAndEvents] provider_name= AhaNet
[5000:12268:0621/002023.739:INFO:aha\components\towel\common\ap_impl.cc:530] [TOWEL][APImpl::OnGetProviderMetaInfo]: RoutingId(7116, 1721537408) provider ai
[5000:12268:0621/002023.739:INFO:aha\components\towel\common\ap_impl.cc:540] [TOWEL][APImpl::OnGetProviderMetaInfo] update meta info for ai method_list is ai::SEND, event_list is ai::PUSH_PACKET
[5000:12268:0621/002023.739:INFO:aha\components\towel\common\static_routing_ap.cc:181] [TOWEL][StaticRoutingAP::RunPendingRequestAndEvents] provider_name= ai
[5000:12268:0621/002023.739:INFO:aha\components\towel\common\ap_impl.cc:530] [TOWEL][APImpl::OnGetProviderMetaInfo]: RoutingId(7116, 1721537408) provider ai-agent
[5000:12268:0621/002023.739:INFO:aha\components\towel\common\ap_impl.cc:540] [TOWEL][APImpl::OnGetProviderMetaInfo] update meta info for ai-agent method_list is ai-agent::SEND, event_list is ai-agent::PUSH_PACKET
[5000:12268:0621/002023.739:INFO:aha\components\towel\common\static_routing_ap.cc:181] [TOWEL][StaticRoutingAP::RunPendingRequestAndEvents] provider_name= ai-agent
[5000:12268:0621/002023.739:INFO:aha\components\towel\common\ap_impl.cc:530] [TOWEL][APImpl::OnGetProviderMetaInfo]: RoutingId(7116, 1721537408) provider BlockDetectorProvider
[5000:12268:0621/002023.739:INFO:aha\components\towel\common\ap_impl.cc:540] [TOWEL][APImpl::OnGetProviderMetaInfo] update meta info for BlockDetectorProvider method_list is BlockDetector::HEART_BEAT, event_list is 
[5000:12268:0621/002023.739:INFO:aha\components\towel\common\static_routing_ap.cc:181] [TOWEL][StaticRoutingAP::RunPendingRequestAndEvents] provider_name= BlockDetectorProvider
[5000:12268:0621/002023.739:INFO:aha\components\towel\common\ap_impl.cc:530] [TOWEL][APImpl::OnGetProviderMetaInfo]: RoutingId(7116, 1721537408) provider cueServer
[5000:12268:0621/002023.740:INFO:aha\components\towel\common\ap_impl.cc:540] [TOWEL][APImpl::OnGetProviderMetaInfo] update meta info for cueServer method_list is cueServer::SEND, event_list is cueServer::PUSH_PACKET
[5000:12268:0621/002023.740:INFO:aha\components\towel\common\static_routing_ap.cc:181] [TOWEL][StaticRoutingAP::RunPendingRequestAndEvents] provider_name= cueServer
[5000:12268:0621/002023.740:INFO:aha\components\towel\public\provider.cc:196] [TOWEL][Provider::GetMetaInfo] provider ckg, method_size is 1 method_list is ckg::SEND
[5000:12268:0621/002023.740:INFO:aha\components\towel\public\provider.cc:196] [TOWEL][Provider::GetMetaInfo] provider ckg, method_size is 1 method_list is ckg::SEND
[22400:22404:0621/002023.740:INFO:aha\components\towel\common\ap_impl.cc:530] [TOWEL][APImpl::OnGetProviderMetaInfo]: RoutingId(7116, 238740999) provider ckg
[5000:12268:0621/002023.740:INFO:aha\components\towel\public\provider.cc:196] [TOWEL][Provider::GetMetaInfo] provider ckg, method_size is 1 method_list is ckg::SEND
[22400:22404:0621/002023.740:INFO:aha\components\towel\common\ap_impl.cc:540] [TOWEL][APImpl::OnGetProviderMetaInfo] update meta info for ckg method_list is ckg::SEND, event_list is ckg::PUSH_PACKET
[22400:22404:0621/002023.740:INFO:aha\components\towel\common\static_routing_ap.cc:181] [TOWEL][StaticRoutingAP::RunPendingRequestAndEvents] provider_name= ckg
[5000:12268:0621/002023.740:INFO:aha\components\towel\public\provider.cc:196] [TOWEL][Provider::GetMetaInfo] provider ckg, method_size is 1 method_list is ckg::SEND
[7116:6016:0621/002023.740:INFO:aha\components\towel\common\ap_impl.cc:530] [TOWEL][APImpl::OnGetProviderMetaInfo]: RoutingId(7116, 341743295) provider ckg
[7116:6016:0621/002023.740:INFO:aha\components\towel\common\ap_impl.cc:540] [TOWEL][APImpl::OnGetProviderMetaInfo] update meta info for ckg method_list is ckg::SEND, event_list is ckg::PUSH_PACKET
[7116:6016:0621/002023.740:INFO:aha\components\towel\common\static_routing_ap.cc:181] [TOWEL][StaticRoutingAP::RunPendingRequestAndEvents] provider_name= ckg
[20104:20108:0621/002023.740:INFO:aha\components\towel\common\ap_impl.cc:530] [TOWEL][APImpl::OnGetProviderMetaInfo]: RoutingId(7116, 1253776709) provider ckg
[20104:20108:0621/002023.740:INFO:aha\components\towel\common\ap_impl.cc:540] [TOWEL][APImpl::OnGetProviderMetaInfo] update meta info for ckg method_list is ckg::SEND, event_list is ckg::PUSH_PACKET
[20104:20108:0621/002023.740:INFO:aha\components\towel\common\static_routing_ap.cc:181] [TOWEL][StaticRoutingAP::RunPendingRequestAndEvents] provider_name= ckg
[5000:12268:0621/002023.740:INFO:aha\components\towel\public\provider.cc:196] [TOWEL][Provider::GetMetaInfo] provider ckg, method_size is 1 method_list is ckg::SEND
[5000:12268:0621/002023.740:INFO:aha\components\towel\public\provider.cc:196] [TOWEL][Provider::GetMetaInfo] provider ckg, method_size is 1 method_list is ckg::SEND
[19376:19380:0621/002023.740:INFO:aha\components\towel\common\ap_impl.cc:530] [TOWEL][APImpl::OnGetProviderMetaInfo]: RoutingId(7116, 1445795129) provider ckg
[19376:19380:0621/002023.740:INFO:aha\components\towel\common\ap_impl.cc:540] [TOWEL][APImpl::OnGetProviderMetaInfo] update meta info for ckg method_list is ckg::SEND, event_list is ckg::PUSH_PACKET
[19376:19380:0621/002023.740:INFO:aha\components\towel\common\static_routing_ap.cc:181] [TOWEL][StaticRoutingAP::RunPendingRequestAndEvents] provider_name= ckg
[5000:12268:0621/002023.740:INFO:aha\components\towel\common\ap_impl.cc:530] [TOWEL][APImpl::OnGetProviderMetaInfo]: RoutingId(7116, 1721537408) provider monitor
[5000:12268:0621/002023.740:INFO:aha\components\towel\common\ap_impl.cc:540] [TOWEL][APImpl::OnGetProviderMetaInfo] update meta info for monitor method_list is monitor::MONITOR_EVENT|monitor::UPLOAD_LOGS|monitor::TOGGLE_LOGIFIER|monitor::REPORT_NETWORK_EVENT|monitor::REPORT_SLARDAR_WEB|monitor::REPORT_CPU_PROFILE|monitor::REPORT_SNAPSHOT|monitor::REPORT_CUSTOM_EXCEPTION, event_list is 
[5000:12268:0621/002023.740:INFO:aha\components\towel\common\static_routing_ap.cc:181] [TOWEL][StaticRoutingAP::RunPendingRequestAndEvents] provider_name= monitor
[5000:12268:0621/002023.740:INFO:aha\components\towel\public\provider.cc:196] [TOWEL][Provider::GetMetaInfo] provider ckg, method_size is 1 method_list is ckg::SEND
[5000:12268:0621/002023.740:INFO:aha\components\towel\public\provider.cc:196] [TOWEL][Provider::GetMetaInfo] provider ckg, method_size is 1 method_list is ckg::SEND
[5000:12268:0621/002023.740:INFO:aha\components\towel\common\ap_impl.cc:530] [TOWEL][APImpl::OnGetProviderMetaInfo]: RoutingId(7116, 1721537408) provider trae-cn-config-channel
[7116:6016:0621/002023.740:INFO:aha\components\towel\common\ap_impl.cc:530] [TOWEL][APImpl::OnGetProviderMetaInfo]: RoutingId(7116, 1336779637) provider ckg
[5000:12268:0621/002023.740:INFO:aha\components\towel\common\ap_impl.cc:540] [TOWEL][APImpl::OnGetProviderMetaInfo] update meta info for trae-cn-config-channel method_list is trae-cn-config-channel::SEND, event_list is trae-cn-config-channel::PUSH_PACKET
[5000:12268:0621/002023.740:INFO:aha\components\towel\common\static_routing_ap.cc:181] [TOWEL][StaticRoutingAP::RunPendingRequestAndEvents] provider_name= trae-cn-config-channel
[5000:12268:0621/002023.740:INFO:aha\components\towel\public\provider.cc:196] [TOWEL][Provider::GetMetaInfo] provider ckg, method_size is 1 method_list is ckg::SEND
[7116:6016:0621/002023.740:INFO:aha\components\towel\common\ap_impl.cc:540] [TOWEL][APImpl::OnGetProviderMetaInfo] update meta info for ckg method_list is ckg::SEND, event_list is ckg::PUSH_PACKET
[7116:6016:0621/002023.740:INFO:aha\components\towel\common\static_routing_ap.cc:181] [TOWEL][StaticRoutingAP::RunPendingRequestAndEvents] provider_name= ckg
[5000:12268:0621/002023.740:INFO:aha\components\towel\public\provider.cc:196] [TOWEL][Provider::GetMetaInfo] provider ckg, method_size is 1 method_list is ckg::SEND
[19376:19380:0621/002023.740:INFO:aha\components\towel\common\ap_impl.cc:530] [TOWEL][APImpl::OnGetProviderMetaInfo]: RoutingId(7116, 1914257655) provider ckg
[19376:19380:0621/002023.740:INFO:aha\components\towel\common\ap_impl.cc:540] [TOWEL][APImpl::OnGetProviderMetaInfo] update meta info for ckg method_list is ckg::SEND, event_list is ckg::PUSH_PACKET
[19376:19380:0621/002023.740:INFO:aha\components\towel\common\static_routing_ap.cc:181] [TOWEL][StaticRoutingAP::RunPendingRequestAndEvents] provider_name= ckg
[7116:6016:0621/002023.740:INFO:aha\components\towel\common\ap_impl.cc:530] [TOWEL][APImpl::OnGetProviderMetaInfo]: RoutingId(7116, 1578995633) provider ckg
[5000:12268:0621/002023.740:INFO:aha\components\towel\public\provider.cc:196] [TOWEL][Provider::GetMetaInfo] provider ckg, method_size is 1 method_list is ckg::SEND
[7116:6016:0621/002023.740:INFO:aha\components\towel\common\ap_impl.cc:540] [TOWEL][APImpl::OnGetProviderMetaInfo] update meta info for ckg method_list is ckg::SEND, event_list is ckg::PUSH_PACKET
[5000:12268:0621/002023.740:INFO:aha\components\towel\common\ap_impl.cc:530] [TOWEL][APImpl::OnGetProviderMetaInfo]: RoutingId(7116, 1491603867) provider AhaNet
[19376:19380:0621/002023.740:INFO:aha\components\towel\common\ap_impl.cc:530] [TOWEL][APImpl::OnGetProviderMetaInfo]: RoutingId(7116, 2122083188) provider ckg
[7116:6016:0621/002023.740:INFO:aha\components\towel\common\static_routing_ap.cc:181] [TOWEL][StaticRoutingAP::RunPendingRequestAndEvents] provider_name= ckg
[19376:19380:0621/002023.740:INFO:aha\components\towel\common\ap_impl.cc:540] [TOWEL][APImpl::OnGetProviderMetaInfo] update meta info for ckg method_list is ckg::SEND, event_list is ckg::PUSH_PACKET
[19376:19380:0621/002023.740:INFO:aha\components\towel\common\static_routing_ap.cc:181] [TOWEL][StaticRoutingAP::RunPendingRequestAndEvents] provider_name= ckg
[5000:12268:0621/002023.740:INFO:aha\components\towel\common\ap_impl.cc:540] [TOWEL][APImpl::OnGetProviderMetaInfo] update meta info for AhaNet method_list is AhaNet::UpdateAhaNetAccessPolicy|AhaNet::UpdateTNCConfig|AhaNet::SetProxy|AhaNet::WsCreate|AhaNet::WsConnect|AhaNet::WsSend|AhaNet::WsDisconnect|AhaNet::WsDestroy, event_list is AhaNet::WsMessage|AhaNet::WsStatusChanged|AhaNet::WsError|AhaNet::TNCConfigUpdated|AhaNet::NetReport|AhaNet::RTTAndThroughput|AhaNet::NetworkQualityType|AhaNet::PacketLostStats
[7116:6016:0621/002023.740:INFO:aha\components\towel\common\ap_impl.cc:530] [TOWEL][APImpl::OnGetProviderMetaInfo]: RoutingId(7116, 1910463829) provider ckg
[5000:12268:0621/002023.740:INFO:aha\components\towel\common\static_routing_ap.cc:181] [TOWEL][StaticRoutingAP::RunPendingRequestAndEvents] provider_name= AhaNet
[7116:6016:0621/002023.740:INFO:aha\components\towel\common\ap_impl.cc:540] [TOWEL][APImpl::OnGetProviderMetaInfo] update meta info for ckg method_list is ckg::SEND, event_list is ckg::PUSH_PACKET
[7116:6016:0621/002023.740:INFO:aha\components\towel\common\static_routing_ap.cc:181] [TOWEL][StaticRoutingAP::RunPendingRequestAndEvents] provider_name= ckg
[5000:12268:0621/002023.740:INFO:aha\components\towel\common\ap_impl.cc:530] [TOWEL][APImpl::OnGetProviderMetaInfo]: RoutingId(7116, 1491603867) provider ai
[5000:12268:0621/002023.741:INFO:aha\components\towel\common\ap_impl.cc:540] [TOWEL][APImpl::OnGetProviderMetaInfo] update meta info for ai method_list is ai::SEND, event_list is ai::PUSH_PACKET
[5000:12268:0621/002023.741:INFO:aha\components\towel\common\static_routing_ap.cc:181] [TOWEL][StaticRoutingAP::RunPendingRequestAndEvents] provider_name= ai
[5000:12268:0621/002023.741:INFO:aha\components\towel\common\ap_impl.cc:530] [TOWEL][APImpl::OnGetProviderMetaInfo]: RoutingId(7116, 1491603867) provider BlockDetectorProvider
[5000:12268:0621/002023.741:INFO:aha\components\towel\common\ap_impl.cc:540] [TOWEL][APImpl::OnGetProviderMetaInfo] update meta info for BlockDetectorProvider method_list is BlockDetector::HEART_BEAT, event_list is 
[5000:12268:0621/002023.741:INFO:aha\components\towel\common\static_routing_ap.cc:181] [TOWEL][StaticRoutingAP::RunPendingRequestAndEvents] provider_name= BlockDetectorProvider
[5000:12268:0621/002023.741:INFO:aha\components\towel\common\ap_impl.cc:530] [TOWEL][APImpl::OnGetProviderMetaInfo]: RoutingId(7116, 1491603867) provider ai-agent
[5000:12268:0621/002023.741:INFO:aha\components\towel\common\ap_impl.cc:540] [TOWEL][APImpl::OnGetProviderMetaInfo] update meta info for ai-agent method_list is ai-agent::SEND, event_list is ai-agent::PUSH_PACKET
[5000:12268:0621/002023.741:INFO:aha\components\towel\common\static_routing_ap.cc:181] [TOWEL][StaticRoutingAP::RunPendingRequestAndEvents] provider_name= ai-agent
[5000:12268:0621/002023.741:INFO:aha\components\towel\public\provider.cc:196] [TOWEL][Provider::GetMetaInfo] provider ckg, method_size is 1 method_list is ckg::SEND
[5000:12268:0621/002023.741:INFO:aha\components\towel\common\ap_impl.cc:530] [TOWEL][APImpl::OnGetProviderMetaInfo]: RoutingId(7116, 1491603867) provider cueServer
[5000:12268:0621/002023.741:INFO:aha\components\towel\common\ap_impl.cc:540] [TOWEL][APImpl::OnGetProviderMetaInfo] update meta info for cueServer method_list is cueServer::SEND, event_list is cueServer::PUSH_PACKET
[5000:12268:0621/002023.741:INFO:aha\components\towel\common\static_routing_ap.cc:181] [TOWEL][StaticRoutingAP::RunPendingRequestAndEvents] provider_name= cueServer
[5000:12268:0621/002023.741:INFO:aha\components\towel\common\ap_impl.cc:530] [TOWEL][APImpl::OnGetProviderMetaInfo]: RoutingId(7116, 1491603867) provider monitor
[5000:12268:0621/002023.741:INFO:aha\components\towel\common\ap_impl.cc:540] [TOWEL][APImpl::OnGetProviderMetaInfo] update meta info for monitor method_list is monitor::MONITOR_EVENT|monitor::UPLOAD_LOGS|monitor::TOGGLE_LOGIFIER|monitor::REPORT_NETWORK_EVENT|monitor::REPORT_SLARDAR_WEB|monitor::REPORT_CPU_PROFILE|monitor::REPORT_SNAPSHOT|monitor::REPORT_CUSTOM_EXCEPTION, event_list is 
[5000:12268:0621/002023.741:INFO:aha\components\towel\common\static_routing_ap.cc:181] [TOWEL][StaticRoutingAP::RunPendingRequestAndEvents] provider_name= monitor
[5000:12268:0621/002023.741:INFO:aha\components\towel\common\ap_impl.cc:530] [TOWEL][APImpl::OnGetProviderMetaInfo]: RoutingId(7116, 1491603867) provider trae-cn-config-channel
[5000:12268:0621/002023.741:INFO:aha\components\towel\common\ap_impl.cc:540] [TOWEL][APImpl::OnGetProviderMetaInfo] update meta info for trae-cn-config-channel method_list is trae-cn-config-channel::SEND, event_list is trae-cn-config-channel::PUSH_PACKET
[5000:12268:0621/002023.741:INFO:aha\components\towel\common\static_routing_ap.cc:181] [TOWEL][StaticRoutingAP::RunPendingRequestAndEvents] provider_name= trae-cn-config-channel
[5000:12268:0621/002023.741:INFO:aha\components\towel\public\provider.cc:310] [TOWEL][Provider::ListenEvent] start, from ap RoutingId(7116, 1445795129), event_list is ckg::PUSH_PACKET
[5000:12268:0621/002023.741:INFO:aha\components\towel\public\provider.cc:316] [TOWEL][Provider::ListenEvent] no APListenInfo, create one
[5000:12268:0621/002023.741:INFO:aha\components\towel\public\provider.cc:325] [TOWEL][Provider::ListenEvent] no remote_ap for RoutingId(7116, 1445795129), get it from master
[5000:12268:0621/002023.741:INFO:aha\components\towel\common\ap_impl.cc:530] [TOWEL][APImpl::OnGetProviderMetaInfo]: RoutingId(7116, 1721537408) provider ckg
[5000:12268:0621/002023.741:INFO:aha\components\towel\common\ap_impl.cc:540] [TOWEL][APImpl::OnGetProviderMetaInfo] update meta info for ckg method_list is ckg::SEND, event_list is ckg::PUSH_PACKET
[5000:12268:0621/002023.741:INFO:aha\components\towel\common\static_routing_ap.cc:181] [TOWEL][StaticRoutingAP::RunPendingRequestAndEvents] provider_name= ckg
[5000:12268:0621/002023.741:INFO:aha\components\towel\common\ap_impl.cc:530] [TOWEL][APImpl::OnGetProviderMetaInfo]: RoutingId(7116, 1491603867) provider ckg
[5000:12268:0621/002023.741:INFO:aha\components\towel\common\ap_impl.cc:540] [TOWEL][APImpl::OnGetProviderMetaInfo] update meta info for ckg method_list is ckg::SEND, event_list is ckg::PUSH_PACKET
[5000:12268:0621/002023.741:INFO:aha\components\towel\common\static_routing_ap.cc:181] [TOWEL][StaticRoutingAP::RunPendingRequestAndEvents] provider_name= ckg
[7116:6016:0621/002023.741:INFO:aha\components\towel\common\master_impl.cc:78] [TOWEL][MasterImpl::BindAP] success for 1445795129
[5000:12268:0621/002023.811:INFO:aha\components\towel\public\provider.cc:196] [TOWEL][Provider::GetMetaInfo] provider ckg, method_size is 1 method_list is ckg::SEND
[7116:6016:0621/002023.884:INFO:aha\services\aha_net\websocket_client_worker.cc:48] Destroying WebSocket client with id: 7e6efb9e-56b7-43bd-952a-fabdf055baf3
[7116:6016:0621/002023.884:INFO:aha\components\towel\embedder\master_binder.cc:60] [TOWEL]BindMasterInAnyProcess, ProcessType(2)
[7116:6016:0621/002023.884:INFO:aha\components\towel\embedder\master_binder.cc:52] [TOWEL]BindMasterInBrowser, ProcessType(2)
[7116:6016:0621/002023.884:INFO:aha\components\towel\embedder\master_binder.cc:55] [TOWEL]BindMasterInBrowser, run in main thread, bind.
[7116:6016:0621/002023.884:INFO:aha\components\towel\common\ap_impl.cc:26] [TOWEL][APImpl::APImpl] create ap, id is RoutingId(-1, 4368)
[7116:6016:0621/002023.884:INFO:aha\components\towel\common\ap_impl.cc:31] [TOWEL][APImpl] register to master, current id is RoutingId(-1, 4368)
[7116:6016:0621/002023.884:WARNING:aha\components\towel\common\ap_impl.cc:220] [TOWEL][APImpl::ListensEvents] no provider for event AhaNet::WsMessage
[7116:6016:0621/002023.884:WARNING:aha\components\towel\common\ap_impl.cc:220] [TOWEL][APImpl::ListensEvents] no provider for event AhaNet::WsStatusChanged
[7116:6016:0621/002023.884:WARNING:aha\components\towel\common\ap_impl.cc:220] [TOWEL][APImpl::ListensEvents] no provider for event AhaNet::WsError
[7116:6016:0621/002023.884:INFO:aha\components\towel\common\ap_impl.cc:594] [TOWEL][APImpl::ListensEvents] start, RoutingId(-1, 4368)
[7116:6016:0621/002023.884:INFO:aha\components\towel\common\ap_impl.cc:596] [TOWEL][APImpl::ListensEvents] no pending_listen_requests_, do nothing
[7116:6016:0621/002023.884:INFO:aha\components\towel\common\static_routing_ap.cc:171] [TOWEL][StaticRoutingAP::TryAddPendingEvents] provider not ready, store event and wait. event AhaNet::WsMessage
[7116:6016:0621/002023.884:INFO:aha\components\towel\common\static_routing_ap.cc:171] [TOWEL][StaticRoutingAP::TryAddPendingEvents] provider not ready, store event and wait. event AhaNet::WsStatusChanged
[7116:6016:0621/002023.884:INFO:aha\components\towel\common\static_routing_ap.cc:171] [TOWEL][StaticRoutingAP::TryAddPendingEvents] provider not ready, store event and wait. event AhaNet::WsError
[7116:6016:0621/002023.884:INFO:aha\services\aha_net\websocket_client_worker.cc:23] Requesting to create WebSocket client with id: 5054d9ea-dae9-406d-8210-0b1faddb94d8
[7116:6016:0621/002023.884:INFO:aha\components\towel\common\static_routing_ap.cc:135] [TOWEL][StaticRoutingAP::TryAddPendingRequest] provider not ready, store request and wait. method AhaNet::WsCreate
[7116:6016:0621/002023.884:INFO:aha\components\towel\common\static_routing_ap.cc:144] [TOWEL][StaticRoutingAP] start timeout checker
[7116:6016:0621/002023.884:INFO:aha\components\towel\common\static_routing_ap.cc:135] [TOWEL][StaticRoutingAP::TryAddPendingRequest] provider not ready, store request and wait. method AhaNet::WsConnect
[7116:6016:0621/002023.884:INFO:aha\components\towel\common\master_impl.cc:39] [TOWEL][MasterImpl::AddAPWithId] add ap 1724364731
[7116:6016:0621/002023.884:INFO:aha\components\towel\common\master_impl.cc:55] [TOWEL][MasterImpl::AddAP] add ap 1724364731
[7116:6016:0621/002023.884:INFO:aha\components\towel\common\ap_impl.cc:416] [TOWEL][APImpl::OnAddToMaster] real_id is RoutingId(7116, 1724364731), fake_id is RoutingId(-1, 4368)
[7116:6016:0621/002023.884:INFO:aha\components\towel\common\ap_impl.cc:594] [TOWEL][APImpl::ListensEvents] start, RoutingId(7116, 1724364731)
[7116:6016:0621/002023.884:INFO:aha\components\towel\common\ap_impl.cc:596] [TOWEL][APImpl::ListensEvents] no pending_listen_requests_, do nothing
[7116:6016:0621/002023.885:INFO:aha\components\towel\common\master_impl.cc:193] [TOWEL][MasterImpl::GetAllProviders] provider size is 8 given size is 8
[7116:6016:0621/002023.885:INFO:aha\components\towel\common\ap_impl.cc:511] [TOWEL][APImpl::OnGetAllProviders]: RoutingId(7116, 1724364731) provider size 8
[7116:6016:0621/002023.885:INFO:aha\components\towel\common\ap_impl.cc:520] [TOWEL][APImpl::OnGetAllProviders] add provider AhaNet
[7116:6016:0621/002023.885:INFO:aha\components\towel\common\ap_impl.cc:520] [TOWEL][APImpl::OnGetAllProviders] add provider BlockDetectorProvider
[7116:6016:0621/002023.885:INFO:aha\components\towel\common\ap_impl.cc:520] [TOWEL][APImpl::OnGetAllProviders] add provider ai
[7116:6016:0621/002023.885:INFO:aha\components\towel\common\ap_impl.cc:520] [TOWEL][APImpl::OnGetAllProviders] add provider ai-agent
[19376:19380:0621/002023.885:INFO:aha\components\towel\public\provider.cc:196] [TOWEL][Provider::GetMetaInfo] provider ai, method_size is 1 method_list is ai::SEND
[7116:6016:0621/002023.885:INFO:aha\components\towel\common\ap_impl.cc:520] [TOWEL][APImpl::OnGetAllProviders] add provider ckg
[19376:19380:0621/002023.885:INFO:aha\components\towel\public\provider.cc:196] [TOWEL][Provider::GetMetaInfo] provider ai-agent, method_size is 1 method_list is ai-agent::SEND
[7116:6016:0621/002023.885:INFO:aha\components\towel\common\ap_impl.cc:520] [TOWEL][APImpl::OnGetAllProviders] add provider cueServer
[20104:20108:0621/002023.885:INFO:aha\components\towel\public\provider.cc:196] [TOWEL][Provider::GetMetaInfo] provider cueServer, method_size is 1 method_list is cueServer::SEND
[7116:6016:0621/002023.885:INFO:aha\components\towel\common\ap_impl.cc:520] [TOWEL][APImpl::OnGetAllProviders] add provider monitor
[5000:12268:0621/002023.885:INFO:aha\components\towel\public\provider.cc:196] [TOWEL][Provider::GetMetaInfo] provider ckg, method_size is 1 method_list is ckg::SEND
[7116:6016:0621/002023.885:INFO:aha\components\towel\common\ap_impl.cc:520] [TOWEL][APImpl::OnGetAllProviders] add provider trae-cn-config-channel
[17928:17932:0621/002023.885:INFO:aha\components\towel\public\provider.cc:196] [TOWEL][Provider::GetMetaInfo] provider monitor, method_size is 8 method_list is monitor::MONITOR_EVENT|monitor::UPLOAD_LOGS|monitor::TOGGLE_LOGIFIER|monitor::REPORT_NETWORK_EVENT|monitor::REPORT_SLARDAR_WEB|monitor::REPORT_CPU_PROFILE|monitor::REPORT_SNAPSHOT|monitor::REPORT_CUSTOM_EXCEPTION
[7116:6016:0621/002023.885:INFO:aha\components\towel\common\static_routing_ap.cc:181] [TOWEL][StaticRoutingAP::RunPendingRequestAndEvents] provider_name= AhaNet
[7116:6016:0621/002023.885:INFO:aha\components\towel\common\static_routing_ap.cc:195] [TOWEL][StaticRoutingAP::RunPendingEvents] run pending events, event_list is AhaNet::WsMessage,AhaNet::WsStatusChanged,AhaNet::WsError
[7116:6016:0621/002023.885:INFO:aha\components\towel\common\static_routing_ap.cc:217] [TOWEL][StaticRoutingAP::RunPendingRequestAndEvents] run pending requests, method= AhaNet::WsCreate
[7116:6016:0621/002023.885:INFO:aha\components\towel\common\static_routing_ap.cc:217] [TOWEL][StaticRoutingAP::RunPendingRequestAndEvents] run pending requests, method= AhaNet::WsConnect
[7116:6016:0621/002023.885:INFO:aha\components\towel\common\static_routing_ap.cc:181] [TOWEL][StaticRoutingAP::RunPendingRequestAndEvents] provider_name= BlockDetectorProvider
[7116:6016:0621/002023.885:INFO:aha\components\towel\common\static_routing_ap.cc:181] [TOWEL][StaticRoutingAP::RunPendingRequestAndEvents] provider_name= ai
[7116:6016:0621/002023.885:INFO:aha\components\towel\common\static_routing_ap.cc:181] [TOWEL][StaticRoutingAP::RunPendingRequestAndEvents] provider_name= ai-agent
[7116:6016:0621/002023.885:INFO:aha\components\towel\common\static_routing_ap.cc:181] [TOWEL][StaticRoutingAP::RunPendingRequestAndEvents] provider_name= ckg
[7116:6016:0621/002023.885:INFO:aha\components\towel\common\static_routing_ap.cc:181] [TOWEL][StaticRoutingAP::RunPendingRequestAndEvents] provider_name= cueServer
[7116:6016:0621/002023.885:INFO:aha\components\towel\common\static_routing_ap.cc:181] [TOWEL][StaticRoutingAP::RunPendingRequestAndEvents] provider_name= monitor
[7116:6016:0621/002023.885:INFO:aha\components\towel\common\static_routing_ap.cc:181] [TOWEL][StaticRoutingAP::RunPendingRequestAndEvents] provider_name= trae-cn-config-channel
[7116:6016:0621/002023.885:INFO:aha\components\towel\public\provider.cc:196] [TOWEL][Provider::GetMetaInfo] provider BlockDetectorProvider, method_size is 1 method_list is BlockDetector::HEART_BEAT
[7116:6016:0621/002023.885:INFO:aha\components\towel\common\ap_impl.cc:530] [TOWEL][APImpl::OnGetProviderMetaInfo]: RoutingId(7116, 1724364731) provider AhaNet
[7116:6016:0621/002023.885:INFO:aha\components\towel\common\ap_impl.cc:540] [TOWEL][APImpl::OnGetProviderMetaInfo] update meta info for AhaNet method_list is AhaNet::UpdateAhaNetAccessPolicy|AhaNet::UpdateTNCConfig|AhaNet::SetProxy|AhaNet::WsCreate|AhaNet::WsConnect|AhaNet::WsSend|AhaNet::WsDisconnect|AhaNet::WsDestroy, event_list is AhaNet::WsMessage|AhaNet::WsStatusChanged|AhaNet::WsError|AhaNet::TNCConfigUpdated|AhaNet::NetReport|AhaNet::RTTAndThroughput|AhaNet::NetworkQualityType|AhaNet::PacketLostStats
[7116:6016:0621/002023.885:INFO:aha\components\towel\common\static_routing_ap.cc:181] [TOWEL][StaticRoutingAP::RunPendingRequestAndEvents] provider_name= AhaNet
[7116:6016:0621/002023.885:INFO:aha\components\towel\common\ap_impl.cc:530] [TOWEL][APImpl::OnGetProviderMetaInfo]: RoutingId(7116, 1724364731) provider ai
[7116:6016:0621/002023.885:INFO:aha\components\towel\common\ap_impl.cc:540] [TOWEL][APImpl::OnGetProviderMetaInfo] update meta info for ai method_list is ai::SEND, event_list is ai::PUSH_PACKET
[7116:6016:0621/002023.885:INFO:aha\components\towel\common\static_routing_ap.cc:181] [TOWEL][StaticRoutingAP::RunPendingRequestAndEvents] provider_name= ai
[7116:6016:0621/002023.885:INFO:aha\components\towel\common\ap_impl.cc:530] [TOWEL][APImpl::OnGetProviderMetaInfo]: RoutingId(7116, 1724364731) provider ai-agent
[7116:6016:0621/002023.885:INFO:aha\components\towel\common\ap_impl.cc:540] [TOWEL][APImpl::OnGetProviderMetaInfo] update meta info for ai-agent method_list is ai-agent::SEND, event_list is ai-agent::PUSH_PACKET
[7116:6016:0621/002023.885:INFO:aha\components\towel\common\static_routing_ap.cc:181] [TOWEL][StaticRoutingAP::RunPendingRequestAndEvents] provider_name= ai-agent
[7116:6016:0621/002023.885:INFO:aha\components\towel\common\ap_impl.cc:530] [TOWEL][APImpl::OnGetProviderMetaInfo]: RoutingId(7116, 1724364731) provider cueServer
[7116:6016:0621/002023.885:INFO:aha\components\towel\common\ap_impl.cc:540] [TOWEL][APImpl::OnGetProviderMetaInfo] update meta info for cueServer method_list is cueServer::SEND, event_list is cueServer::PUSH_PACKET
[7116:6016:0621/002023.885:INFO:aha\components\towel\common\static_routing_ap.cc:181] [TOWEL][StaticRoutingAP::RunPendingRequestAndEvents] provider_name= cueServer
[7116:6016:0621/002023.885:INFO:aha\components\towel\public\provider.cc:196] [TOWEL][Provider::GetMetaInfo] provider trae-cn-config-channel, method_size is 1 method_list is trae-cn-config-channel::SEND
[7116:6016:0621/002023.885:INFO:aha\components\towel\common\ap_impl.cc:530] [TOWEL][APImpl::OnGetProviderMetaInfo]: RoutingId(7116, 1724364731) provider ckg
[7116:6016:0621/002023.885:INFO:aha\components\towel\common\ap_impl.cc:540] [TOWEL][APImpl::OnGetProviderMetaInfo] update meta info for ckg method_list is ckg::SEND, event_list is ckg::PUSH_PACKET
[7116:6016:0621/002023.885:INFO:aha\components\towel\common\static_routing_ap.cc:181] [TOWEL][StaticRoutingAP::RunPendingRequestAndEvents] provider_name= ckg
[7116:6016:0621/002023.885:INFO:aha\components\towel\common\ap_impl.cc:530] [TOWEL][APImpl::OnGetProviderMetaInfo]: RoutingId(7116, 1724364731) provider monitor
[7116:6016:0621/002023.885:INFO:aha\components\towel\common\ap_impl.cc:540] [TOWEL][APImpl::OnGetProviderMetaInfo] update meta info for monitor method_list is monitor::MONITOR_EVENT|monitor::UPLOAD_LOGS|monitor::TOGGLE_LOGIFIER|monitor::REPORT_NETWORK_EVENT|monitor::REPORT_SLARDAR_WEB|monitor::REPORT_CPU_PROFILE|monitor::REPORT_SNAPSHOT|monitor::REPORT_CUSTOM_EXCEPTION, event_list is 
[7116:6016:0621/002023.885:INFO:aha\components\towel\common\static_routing_ap.cc:181] [TOWEL][StaticRoutingAP::RunPendingRequestAndEvents] provider_name= monitor
[7116:6016:0621/002023.885:INFO:aha\components\towel\common\master_impl.cc:78] [TOWEL][MasterImpl::BindAP] success for 1724364731
[7116:6016:0621/002023.885:INFO:aha\components\towel\common\ap_impl.cc:530] [TOWEL][APImpl::OnGetProviderMetaInfo]: RoutingId(7116, 1724364731) provider BlockDetectorProvider
[7116:6016:0621/002023.885:INFO:aha\components\towel\common\ap_impl.cc:540] [TOWEL][APImpl::OnGetProviderMetaInfo] update meta info for BlockDetectorProvider method_list is BlockDetector::HEART_BEAT, event_list is 
[7116:6016:0621/002023.885:INFO:aha\components\towel\common\static_routing_ap.cc:181] [TOWEL][StaticRoutingAP::RunPendingRequestAndEvents] provider_name= BlockDetectorProvider
[7116:6016:0621/002023.885:INFO:aha\services\aha_net\websocket_client_worker.cc:59] Successfully created WebSocket client with id: 5054d9ea-dae9-406d-8210-0b1faddb94d8
[7116:6016:0621/002023.885:INFO:aha\components\towel\common\ap_impl.cc:530] [TOWEL][APImpl::OnGetProviderMetaInfo]: RoutingId(7116, 1724364731) provider trae-cn-config-channel
[7116:6016:0621/002023.885:INFO:aha\components\towel\common\ap_impl.cc:540] [TOWEL][APImpl::OnGetProviderMetaInfo] update meta info for trae-cn-config-channel method_list is trae-cn-config-channel::SEND, event_list is trae-cn-config-channel::PUSH_PACKET
[7116:6016:0621/002023.885:INFO:aha\components\towel\common\static_routing_ap.cc:181] [TOWEL][StaticRoutingAP::RunPendingRequestAndEvents] provider_name= trae-cn-config-channel
[5000:12268:0621/002023.936:INFO:aha\components\towel\public\provider.cc:196] [TOWEL][Provider::GetMetaInfo] provider ckg, method_size is 1 method_list is ckg::SEND
[7116:12568:0621/002023.958:INFO:aha\components\towel\common\ap_impl.cc:406] [TOWEL][APImpl::OnProviderAdded] provider_name ckg, RoutingId(7116, 2016600233)
[7116:6016:0621/002023.992:INFO:aha\components\towel\common\static_routing_ap.cc:244] [TOWEL]run timeout checker
[7116:6016:0621/002023.992:INFO:aha\components\towel\common\static_routing_ap.cc:267] [TOWEL]stop timeout checker
[7116:12568:0621/002024.038:INFO:aha\components\monitor\monitor.cc:202] [Monitor] OnProviderConnected: OnProviderConnected, name: ckg
[7116:12568:0621/002024.043:INFO:aha\components\towel\common\static_routing_ap.cc:181] [TOWEL][StaticRoutingAP::RunPendingRequestAndEvents] provider_name= ckg
[7116:12568:0621/002024.065:INFO:aha\components\towel\common\ap_impl.cc:530] [TOWEL][APImpl::OnGetProviderMetaInfo]: RoutingId(7116, 2016600233) provider ckg
[7116:12568:0621/002024.066:INFO:aha\components\towel\common\ap_impl.cc:540] [TOWEL][APImpl::OnGetProviderMetaInfo] update meta info for ckg method_list is ckg::SEND, event_list is ckg::PUSH_PACKET
[7116:12568:0621/002024.066:INFO:aha\components\towel\common\static_routing_ap.cc:181] [TOWEL][StaticRoutingAP::RunPendingRequestAndEvents] provider_name= ckg
[5000:33564:0621/002024.237:INFO:aha\components\basil\core\ipc\ipc_client_resource.cc:82] [AhaIpc] ffi::Connect, resource: 2
[5000:12268:0621/002024.237:INFO:aha\components\ipc\ipc_client.cc:13] [AhaIpc] set request_timeout_ms: 10000
[5000:12268:0621/002024.237:INFO:aha\components\towel\embedder\master_binder.cc:60] [TOWEL]BindMasterInAnyProcess, ProcessType(4)
[5000:12268:0621/002024.237:INFO:aha\components\towel\embedder\master_binder.cc:82] [TOWEL]BindMasterInAnyProcess, in main thread, bind.
[5000:12268:0621/002024.237:INFO:aha\components\towel\common\ap_impl.cc:26] [TOWEL][APImpl::APImpl] create ap, id is RoutingId(-1, 5518)
[5000:12268:0621/002024.237:INFO:aha\components\towel\common\ap_impl.cc:31] [TOWEL][APImpl] register to master, current id is RoutingId(-1, 5518)
[5000:12268:0621/002024.237:INFO:aha\components\basil\core\ipc\ipc_client_resource.cc:37] [AhaIpc] BindIpcSocket, target_server: trae-cn-config-channel, resource_id: 2
[5000:12268:0621/002024.237:INFO:aha\components\ipc\ipc_client.cc:36] [AhaIpc] create socket, server: trae-cn-config-channel, channel_id: 4985fb29-da13-4c20-a366-04fa502a898e
[5000:12268:0621/002024.237:INFO:aha\components\ipc\ipc_client.cc:41] [AhaIpc] listen to server first time, server=trae-cn-config-channel
[5000:12268:0621/002024.237:WARNING:aha\components\towel\common\ap_impl.cc:220] [TOWEL][APImpl::ListensEvents] no provider for event trae-cn-config-channel::PUSH_PACKET
[5000:12268:0621/002024.237:INFO:aha\components\towel\common\ap_impl.cc:594] [TOWEL][APImpl::ListensEvents] start, RoutingId(-1, 5518)
[5000:12268:0621/002024.237:INFO:aha\components\towel\common\ap_impl.cc:596] [TOWEL][APImpl::ListensEvents] no pending_listen_requests_, do nothing
[5000:12268:0621/002024.237:INFO:aha\components\towel\common\static_routing_ap.cc:171] [TOWEL][StaticRoutingAP::TryAddPendingEvents] provider not ready, store event and wait. event trae-cn-config-channel::PUSH_PACKET
[5000:12268:0621/002024.237:INFO:aha\components\towel\common\static_routing_ap.cc:135] [TOWEL][StaticRoutingAP::TryAddPendingRequest] provider not ready, store request and wait. method trae-cn-config-channel::SEND
[5000:12268:0621/002024.237:INFO:aha\components\towel\common\static_routing_ap.cc:144] [TOWEL][StaticRoutingAP] start timeout checker
[5000:12268:0621/002024.237:INFO:aha\components\basil\core\ipc\ipc_client_resource.cc:151] [AhaIpc] Bind socket, resource: 2, channel_id: 4985fb29-da13-4c20-a366-04fa502a898e
[5000:12268:0621/002024.237:INFO:aha\components\towel\common\static_routing_ap.cc:135] [TOWEL][StaticRoutingAP::TryAddPendingRequest] provider not ready, store request and wait. method trae-cn-config-channel::SEND
[7116:6016:0621/002024.238:ERROR:electron\shell\browser\electron_browser_client.cc:1997] bind receiver for utility
[7116:6016:0621/002024.238:INFO:aha\components\towel\embedder\master_binder.cc:52] [TOWEL]BindMasterInBrowser, ProcessType(2)
[7116:6016:0621/002024.238:INFO:aha\components\towel\embedder\master_binder.cc:55] [TOWEL]BindMasterInBrowser, run in main thread, bind.
[7116:6016:0621/002024.238:INFO:aha\components\towel\common\master_impl.cc:39] [TOWEL][MasterImpl::AddAPWithId] add ap 1181125569
[7116:6016:0621/002024.238:INFO:aha\components\towel\common\master_impl.cc:55] [TOWEL][MasterImpl::AddAP] add ap 1181125569
[5000:12268:0621/002024.238:INFO:aha\components\towel\common\ap_impl.cc:416] [TOWEL][APImpl::OnAddToMaster] real_id is RoutingId(7116, 1181125569), fake_id is RoutingId(-1, 5518)
[5000:12268:0621/002024.238:INFO:aha\components\towel\common\ap_impl.cc:594] [TOWEL][APImpl::ListensEvents] start, RoutingId(7116, 1181125569)
[5000:12268:0621/002024.238:INFO:aha\components\towel\common\ap_impl.cc:596] [TOWEL][APImpl::ListensEvents] no pending_listen_requests_, do nothing
[7116:6016:0621/002024.238:INFO:aha\components\towel\common\master_impl.cc:193] [TOWEL][MasterImpl::GetAllProviders] provider size is 8 given size is 8
[5000:12268:0621/002024.238:INFO:aha\components\towel\common\ap_impl.cc:511] [TOWEL][APImpl::OnGetAllProviders]: RoutingId(7116, 1181125569) provider size 8
[5000:12268:0621/002024.238:INFO:aha\components\towel\common\ap_impl.cc:520] [TOWEL][APImpl::OnGetAllProviders] add provider AhaNet
[5000:12268:0621/002024.238:INFO:aha\components\towel\common\ap_impl.cc:520] [TOWEL][APImpl::OnGetAllProviders] add provider BlockDetectorProvider
[5000:12268:0621/002024.238:INFO:aha\components\towel\common\ap_impl.cc:520] [TOWEL][APImpl::OnGetAllProviders] add provider ai
[19376:19380:0621/002024.238:INFO:aha\components\towel\public\provider.cc:196] [TOWEL][Provider::GetMetaInfo] provider ai, method_size is 1 method_list is ai::SEND
[5000:12268:0621/002024.238:INFO:aha\components\towel\common\ap_impl.cc:520] [TOWEL][APImpl::OnGetAllProviders] add provider ai-agent
[5000:12268:0621/002024.238:INFO:aha\components\towel\common\ap_impl.cc:520] [TOWEL][APImpl::OnGetAllProviders] add provider ckg
[19376:19380:0621/002024.238:INFO:aha\components\towel\public\provider.cc:196] [TOWEL][Provider::GetMetaInfo] provider ai-agent, method_size is 1 method_list is ai-agent::SEND
[5000:12268:0621/002024.238:INFO:aha\components\towel\common\ap_impl.cc:520] [TOWEL][APImpl::OnGetAllProviders] add provider cueServer
[20104:20108:0621/002024.238:INFO:aha\components\towel\public\provider.cc:196] [TOWEL][Provider::GetMetaInfo] provider cueServer, method_size is 1 method_list is cueServer::SEND
[5000:12268:0621/002024.238:INFO:aha\components\towel\common\ap_impl.cc:520] [TOWEL][APImpl::OnGetAllProviders] add provider monitor
[7116:6016:0621/002024.238:INFO:aha\components\towel\public\provider.cc:196] [TOWEL][Provider::GetMetaInfo] provider BlockDetectorProvider, method_size is 1 method_list is BlockDetector::HEART_BEAT
[17928:17932:0621/002024.238:INFO:aha\components\towel\public\provider.cc:196] [TOWEL][Provider::GetMetaInfo] provider monitor, method_size is 8 method_list is monitor::MONITOR_EVENT|monitor::UPLOAD_LOGS|monitor::TOGGLE_LOGIFIER|monitor::REPORT_NETWORK_EVENT|monitor::REPORT_SLARDAR_WEB|monitor::REPORT_CPU_PROFILE|monitor::REPORT_SNAPSHOT|monitor::REPORT_CUSTOM_EXCEPTION
[5000:12268:0621/002024.238:INFO:aha\components\towel\common\ap_impl.cc:520] [TOWEL][APImpl::OnGetAllProviders] add provider trae-cn-config-channel
[5000:12268:0621/002024.238:INFO:aha\components\towel\common\static_routing_ap.cc:181] [TOWEL][StaticRoutingAP::RunPendingRequestAndEvents] provider_name= AhaNet
[5000:12268:0621/002024.238:INFO:aha\components\towel\common\static_routing_ap.cc:181] [TOWEL][StaticRoutingAP::RunPendingRequestAndEvents] provider_name= BlockDetectorProvider
[5000:12268:0621/002024.238:INFO:aha\components\towel\common\static_routing_ap.cc:181] [TOWEL][StaticRoutingAP::RunPendingRequestAndEvents] provider_name= ai
[5000:12268:0621/002024.238:INFO:aha\components\towel\common\static_routing_ap.cc:181] [TOWEL][StaticRoutingAP::RunPendingRequestAndEvents] provider_name= ai-agent
[5000:12268:0621/002024.238:INFO:aha\components\towel\common\static_routing_ap.cc:181] [TOWEL][StaticRoutingAP::RunPendingRequestAndEvents] provider_name= ckg
[5000:12268:0621/002024.238:INFO:aha\components\towel\common\static_routing_ap.cc:181] [TOWEL][StaticRoutingAP::RunPendingRequestAndEvents] provider_name= cueServer
[5000:12268:0621/002024.238:INFO:aha\components\towel\common\static_routing_ap.cc:181] [TOWEL][StaticRoutingAP::RunPendingRequestAndEvents] provider_name= monitor
[5000:12268:0621/002024.238:INFO:aha\components\towel\common\static_routing_ap.cc:181] [TOWEL][StaticRoutingAP::RunPendingRequestAndEvents] provider_name= trae-cn-config-channel
[5000:12268:0621/002024.238:INFO:aha\components\towel\common\static_routing_ap.cc:195] [TOWEL][StaticRoutingAP::RunPendingEvents] run pending events, event_list is trae-cn-config-channel::PUSH_PACKET
[7116:6016:0621/002024.238:INFO:aha\components\towel\public\provider.cc:196] [TOWEL][Provider::GetMetaInfo] provider trae-cn-config-channel, method_size is 1 method_list is trae-cn-config-channel::SEND
[5000:12268:0621/002024.238:INFO:aha\components\towel\common\static_routing_ap.cc:217] [TOWEL][StaticRoutingAP::RunPendingRequestAndEvents] run pending requests, method= trae-cn-config-channel::SEND
[5000:12268:0621/002024.238:INFO:aha\components\towel\common\static_routing_ap.cc:217] [TOWEL][StaticRoutingAP::RunPendingRequestAndEvents] run pending requests, method= trae-cn-config-channel::SEND
[5000:12268:0621/002024.238:INFO:aha\components\towel\public\provider.cc:196] [TOWEL][Provider::GetMetaInfo] provider ckg, method_size is 1 method_list is ckg::SEND
[5000:12268:0621/002024.238:INFO:aha\components\towel\common\ap_impl.cc:530] [TOWEL][APImpl::OnGetProviderMetaInfo]: RoutingId(7116, 1181125569) provider AhaNet
[7116:6016:0621/002024.238:INFO:aha\components\towel\public\provider.cc:310] [TOWEL][Provider::ListenEvent] start, from ap RoutingId(7116, 1181125569), event_list is trae-cn-config-channel::PUSH_PACKET
[5000:12268:0621/002024.238:INFO:aha\components\towel\common\ap_impl.cc:540] [TOWEL][APImpl::OnGetProviderMetaInfo] update meta info for AhaNet method_list is AhaNet::UpdateAhaNetAccessPolicy|AhaNet::UpdateTNCConfig|AhaNet::SetProxy|AhaNet::WsCreate|AhaNet::WsConnect|AhaNet::WsSend|AhaNet::WsDisconnect|AhaNet::WsDestroy, event_list is AhaNet::WsMessage|AhaNet::WsStatusChanged|AhaNet::WsError|AhaNet::TNCConfigUpdated|AhaNet::NetReport|AhaNet::RTTAndThroughput|AhaNet::NetworkQualityType|AhaNet::PacketLostStats
[5000:12268:0621/002024.238:INFO:aha\components\towel\common\static_routing_ap.cc:181] [TOWEL][StaticRoutingAP::RunPendingRequestAndEvents] provider_name= AhaNet
[7116:6016:0621/002024.238:INFO:aha\components\towel\public\provider.cc:316] [TOWEL][Provider::ListenEvent] no APListenInfo, create one
[5000:12268:0621/002024.238:INFO:aha\components\towel\common\ap_impl.cc:530] [TOWEL][APImpl::OnGetProviderMetaInfo]: RoutingId(7116, 1181125569) provider ai
[5000:12268:0621/002024.238:INFO:aha\components\towel\common\ap_impl.cc:540] [TOWEL][APImpl::OnGetProviderMetaInfo] update meta info for ai method_list is ai::SEND, event_list is ai::PUSH_PACKET
[5000:12268:0621/002024.238:INFO:aha\components\towel\common\static_routing_ap.cc:181] [TOWEL][StaticRoutingAP::RunPendingRequestAndEvents] provider_name= ai
[7116:6016:0621/002024.238:INFO:aha\components\towel\public\provider.cc:325] [TOWEL][Provider::ListenEvent] no remote_ap for RoutingId(7116, 1181125569), get it from master
[5000:12268:0621/002024.238:INFO:aha\components\towel\common\ap_impl.cc:530] [TOWEL][APImpl::OnGetProviderMetaInfo]: RoutingId(7116, 1181125569) provider ai-agent
[5000:12268:0621/002024.238:INFO:aha\components\towel\common\ap_impl.cc:540] [TOWEL][APImpl::OnGetProviderMetaInfo] update meta info for ai-agent method_list is ai-agent::SEND, event_list is ai-agent::PUSH_PACKET
[5000:12268:0621/002024.238:INFO:aha\components\towel\common\static_routing_ap.cc:181] [TOWEL][StaticRoutingAP::RunPendingRequestAndEvents] provider_name= ai-agent
[5000:12268:0621/002024.238:INFO:aha\components\towel\common\ap_impl.cc:530] [TOWEL][APImpl::OnGetProviderMetaInfo]: RoutingId(7116, 1181125569) provider cueServer
[5000:12268:0621/002024.238:INFO:aha\components\towel\common\ap_impl.cc:540] [TOWEL][APImpl::OnGetProviderMetaInfo] update meta info for cueServer method_list is cueServer::SEND, event_list is cueServer::PUSH_PACKET
[5000:12268:0621/002024.238:INFO:aha\components\towel\common\static_routing_ap.cc:181] [TOWEL][StaticRoutingAP::RunPendingRequestAndEvents] provider_name= cueServer
[5000:12268:0621/002024.238:INFO:aha\components\towel\common\ap_impl.cc:530] [TOWEL][APImpl::OnGetProviderMetaInfo]: RoutingId(7116, 1181125569) provider monitor
[5000:12268:0621/002024.238:INFO:aha\components\towel\common\ap_impl.cc:540] [TOWEL][APImpl::OnGetProviderMetaInfo] update meta info for monitor method_list is monitor::MONITOR_EVENT|monitor::UPLOAD_LOGS|monitor::TOGGLE_LOGIFIER|monitor::REPORT_NETWORK_EVENT|monitor::REPORT_SLARDAR_WEB|monitor::REPORT_CPU_PROFILE|monitor::REPORT_SNAPSHOT|monitor::REPORT_CUSTOM_EXCEPTION, event_list is 
[5000:12268:0621/002024.238:INFO:aha\components\towel\common\static_routing_ap.cc:181] [TOWEL][StaticRoutingAP::RunPendingRequestAndEvents] provider_name= monitor
[5000:12268:0621/002024.238:INFO:aha\components\towel\common\ap_impl.cc:530] [TOWEL][APImpl::OnGetProviderMetaInfo]: RoutingId(7116, 1181125569) provider BlockDetectorProvider
[5000:12268:0621/002024.238:INFO:aha\components\towel\common\ap_impl.cc:540] [TOWEL][APImpl::OnGetProviderMetaInfo] update meta info for BlockDetectorProvider method_list is BlockDetector::HEART_BEAT, event_list is 
[5000:12268:0621/002024.238:INFO:aha\components\towel\common\static_routing_ap.cc:181] [TOWEL][StaticRoutingAP::RunPendingRequestAndEvents] provider_name= BlockDetectorProvider
[5000:12268:0621/002024.238:INFO:aha\components\towel\common\ap_impl.cc:530] [TOWEL][APImpl::OnGetProviderMetaInfo]: RoutingId(7116, 1181125569) provider trae-cn-config-channel
[5000:12268:0621/002024.238:INFO:aha\components\towel\common\ap_impl.cc:540] [TOWEL][APImpl::OnGetProviderMetaInfo] update meta info for trae-cn-config-channel method_list is trae-cn-config-channel::SEND, event_list is trae-cn-config-channel::PUSH_PACKET
[5000:12268:0621/002024.238:INFO:aha\components\towel\common\static_routing_ap.cc:181] [TOWEL][StaticRoutingAP::RunPendingRequestAndEvents] provider_name= trae-cn-config-channel
[5000:12268:0621/002024.238:INFO:aha\components\towel\common\ap_impl.cc:530] [TOWEL][APImpl::OnGetProviderMetaInfo]: RoutingId(7116, 1181125569) provider ckg
[5000:12268:0621/002024.238:INFO:aha\components\towel\common\ap_impl.cc:540] [TOWEL][APImpl::OnGetProviderMetaInfo] update meta info for ckg method_list is ckg::SEND, event_list is ckg::PUSH_PACKET
[5000:12268:0621/002024.238:INFO:aha\components\towel\common\static_routing_ap.cc:181] [TOWEL][StaticRoutingAP::RunPendingRequestAndEvents] provider_name= ckg
[7116:6016:0621/002024.239:INFO:aha\components\towel\common\master_impl.cc:78] [TOWEL][MasterImpl::BindAP] success for 1181125569
[28112:28088:0621/002024.347:INFO:electron\shell\utility\electron_content_utility_client.cc:183] [ReportContext] electron::ElectronContentUtilityClient::ExposeInterfacesToBrowser(mojo::BinderMap *)::(anonymous class)::operator(), bound, creating ReportContextClientImpl
[5000:12268:0621/002024.348:INFO:aha\components\towel\common\static_routing_ap.cc:244] [TOWEL]run timeout checker
[5000:12268:0621/002024.348:INFO:aha\components\towel\common\static_routing_ap.cc:267] [TOWEL]stop timeout checker
[29944:29948:0621/002024.588:INFO:aha\components\towel\common\ap_impl.cc:406] [TOWEL][APImpl::OnProviderAdded] provider_name ckg, RoutingId(7116, 1913086051)
[29944:29948:0621/002024.588:INFO:aha\components\ipc\ipc_client.cc:172] [AhaIpc] provider connected, name: ckg
[29944:29948:0621/002024.588:INFO:aha\components\towel\common\static_routing_ap.cc:181] [TOWEL][StaticRoutingAP::RunPendingRequestAndEvents] provider_name= ckg
[5000:12268:0621/002024.588:INFO:aha\components\towel\public\provider.cc:196] [TOWEL][Provider::GetMetaInfo] provider ckg, method_size is 1 method_list is ckg::SEND
[29944:29948:0621/002024.618:INFO:aha\components\towel\common\ap_impl.cc:530] [TOWEL][APImpl::OnGetProviderMetaInfo]: RoutingId(7116, 1913086051) provider ckg
[29944:29948:0621/002024.618:INFO:aha\components\towel\common\ap_impl.cc:540] [TOWEL][APImpl::OnGetProviderMetaInfo] update meta info for ckg method_list is ckg::SEND, event_list is ckg::PUSH_PACKET
[29944:29948:0621/002024.619:INFO:aha\components\towel\common\static_routing_ap.cc:181] [TOWEL][StaticRoutingAP::RunPendingRequestAndEvents] provider_name= ckg
[7116:6016:0621/002025.273:INFO:aha\components\report_context\report_context_process_host.cc:303] [ReportContext] aha::ReportContextProcessHost::BroadcastSetCrashAnnotation, key=app_global_vscdb_size to 10 processes
[7116:6016:0621/002025.274:INFO:aha\components\report_context\report_context_process_host.cc:312] [ReportContext] aha::ReportContextProcessHost::BroadcastSetCrashAnnotation, done, sent_to=10 processes
[7116:6016:0621/002025.274:INFO:aha\components\report_context\report_context_process_host.cc:303] [ReportContext] aha::ReportContextProcessHost::BroadcastSetCrashAnnotation, key=app_is_focus to 10 processes
[7116:6016:0621/002025.274:INFO:aha\components\report_context\report_context_process_host.cc:312] [ReportContext] aha::ReportContextProcessHost::BroadcastSetCrashAnnotation, done, sent_to=10 processes
[7116:6016:0621/002025.274:INFO:aha\components\report_context\report_context_process_host.cc:303] [ReportContext] aha::ReportContextProcessHost::BroadcastSetCrashAnnotation, key=app_is_global_searching to 10 processes
[7116:6016:0621/002025.274:INFO:aha\components\report_context\report_context_process_host.cc:312] [ReportContext] aha::ReportContextProcessHost::BroadcastSetCrashAnnotation, done, sent_to=10 processes
[7116:6016:0621/002025.274:INFO:aha\components\report_context\report_context_process_host.cc:303] [ReportContext] aha::ReportContextProcessHost::BroadcastSetCrashAnnotation, key=app_is_visible to 10 processes
[7116:6016:0621/002025.274:INFO:aha\components\report_context\report_context_process_host.cc:312] [ReportContext] aha::ReportContextProcessHost::BroadcastSetCrashAnnotation, done, sent_to=10 processes
[7116:6016:0621/002025.274:INFO:aha\components\report_context\report_context_process_host.cc:355] [ReportContext] aha::ReportContextProcessHost::SetCrashAnnotation, targeted pid=22400 key=app_active_workspace_vscdb_size
[7116:6016:0621/002025.274:INFO:aha\components\perf\perf_custom_param_manager.cc:25] Add custom category param app_active_workspace_vscdb_size = 20480
 for process 22400
[7116:6016:0621/002025.274:INFO:aha\components\report_context\report_context_process_host.cc:355] [ReportContext] aha::ReportContextProcessHost::SetCrashAnnotation, targeted pid=22400 key=app_is_focus
[7116:6016:0621/002025.274:INFO:aha\components\perf\perf_custom_param_manager.cc:25] Add custom category param app_is_focus = "1"
 for process 22400
[7116:6016:0621/002025.274:INFO:aha\components\report_context\report_context_process_host.cc:355] [ReportContext] aha::ReportContextProcessHost::SetCrashAnnotation, targeted pid=22400 key=app_is_global_searching
[7116:6016:0621/002025.274:INFO:aha\components\perf\perf_custom_param_manager.cc:25] Add custom category param app_is_global_searching = "0"
 for process 22400
[7116:6016:0621/002025.274:INFO:aha\components\report_context\report_context_process_host.cc:355] [ReportContext] aha::ReportContextProcessHost::SetCrashAnnotation, targeted pid=22400 key=app_is_visible
[7116:6016:0621/002025.274:INFO:aha\components\perf\perf_custom_param_manager.cc:25] Add custom category param app_is_visible = "1"
 for process 22400
[17928:17932:0621/002025.346:INFO:aha\services\monitor\src\monitor_handler.cc:589] [MonitorHandler] ReportNetworkEvent: [MonitorService] ReportNetworkEvent
[19376:19380:0621/002025.373:INFO:aha\components\basil\core\aha_net\http\url_loader.cc:141] Starting URL load for id=req_2b58a4b0-4818-4891-9b94-ecfff7ca214b, method=POST
[19376:19380:0621/002025.373:INFO:aha\components\basil\core\aha_net\http\url_loader.cc:141] Starting URL load for id=req_3f15bf2b-35fd-4594-93c3-4a0961350f66, method=POST
[19376:19380:0621/002025.373:INFO:aha\components\basil\core\aha_net\http\url_loader.cc:168] Canceling URL load for id=req_b0c8daca-5bf4-442d-9ab5-6fb4103f5660
[19376:19380:0621/002025.373:INFO:aha\components\basil\core\aha_net\http\url_loader.cc:141] Starting URL load for id=req_67d696a0-bc5f-4e90-a130-abe37934a060, method=POST
[19376:19380:0621/002025.373:INFO:aha\components\basil\core\aha_net\http\url_loader.cc:141] Starting URL load for id=req_076f5bd2-b526-4bbb-9e9f-cce220022873, method=POST
[7116:6016:0621/002025.374:INFO:aha\components\report_context\report_context_process_host.cc:303] [ReportContext] aha::ReportContextProcessHost::BroadcastSetCrashAnnotation, key=app_is_focus to 10 processes
[7116:6016:0621/002025.374:INFO:aha\components\report_context\report_context_process_host.cc:312] [ReportContext] aha::ReportContextProcessHost::BroadcastSetCrashAnnotation, done, sent_to=10 processes
[7116:6016:0621/002025.374:INFO:aha\components\report_context\report_context_process_host.cc:303] [ReportContext] aha::ReportContextProcessHost::BroadcastSetCrashAnnotation, key=app_is_global_searching to 10 processes
[7116:6016:0621/002025.374:INFO:aha\components\report_context\report_context_process_host.cc:312] [ReportContext] aha::ReportContextProcessHost::BroadcastSetCrashAnnotation, done, sent_to=10 processes
[7116:6016:0621/002025.374:INFO:aha\components\report_context\report_context_process_host.cc:303] [ReportContext] aha::ReportContextProcessHost::BroadcastSetCrashAnnotation, key=app_is_visible to 10 processes
[7116:6016:0621/002025.375:INFO:aha\components\report_context\report_context_process_host.cc:312] [ReportContext] aha::ReportContextProcessHost::BroadcastSetCrashAnnotation, done, sent_to=10 processes
[7116:6016:0621/002025.375:INFO:aha\components\report_context\report_context_process_host.cc:303] [ReportContext] aha::ReportContextProcessHost::BroadcastSetCrashAnnotation, key=identity to 10 processes
[7116:6016:0621/002025.375:INFO:aha\components\report_context\report_context_process_host.cc:312] [ReportContext] aha::ReportContextProcessHost::BroadcastSetCrashAnnotation, done, sent_to=10 processes
[7116:6016:0621/002025.375:INFO:aha\components\report_context\report_context_process_host.cc:303] [ReportContext] aha::ReportContextProcessHost::BroadcastSetCrashAnnotation, key=identity_str to 10 processes
[7116:6016:0621/002025.375:INFO:aha\components\report_context\report_context_process_host.cc:312] [ReportContext] aha::ReportContextProcessHost::BroadcastSetCrashAnnotation, done, sent_to=10 processes
[7116:6016:0621/002025.375:INFO:aha\components\report_context\report_context_process_host.cc:303] [ReportContext] aha::ReportContextProcessHost::BroadcastSetCrashAnnotation, key=is_freshman to 10 processes
[7116:6016:0621/002025.375:INFO:aha\components\report_context\report_context_process_host.cc:312] [ReportContext] aha::ReportContextProcessHost::BroadcastSetCrashAnnotation, done, sent_to=10 processes
[7116:6016:0621/002025.375:INFO:aha\components\report_context\report_context_process_host.cc:355] [ReportContext] aha::ReportContextProcessHost::SetCrashAnnotation, targeted pid=22400 key=app_is_focus
[7116:6016:0621/002025.375:INFO:aha\components\perf\perf_custom_param_manager.cc:25] Add custom category param app_is_focus = "1"
 for process 22400
[7116:6016:0621/002025.375:INFO:aha\components\report_context\report_context_process_host.cc:355] [ReportContext] aha::ReportContextProcessHost::SetCrashAnnotation, targeted pid=22400 key=app_is_global_searching
[7116:6016:0621/002025.375:INFO:aha\components\perf\perf_custom_param_manager.cc:25] Add custom category param app_is_global_searching = "0"
 for process 22400
[7116:6016:0621/002025.375:INFO:aha\components\report_context\report_context_process_host.cc:355] [ReportContext] aha::ReportContextProcessHost::SetCrashAnnotation, targeted pid=22400 key=app_is_visible
[7116:6016:0621/002025.375:INFO:aha\components\perf\perf_custom_param_manager.cc:25] Add custom category param app_is_visible = "1"
 for process 22400
[17928:17932:0621/002025.385:INFO:aha\services\monitor\src\monitor_handler.cc:589] [MonitorHandler] ReportNetworkEvent: [MonitorService] ReportNetworkEvent
[19376:19380:0621/002025.434:INFO:aha\components\basil\core\aha_net\http\url_loader.cc:208] Received response header for id=req_2b58a4b0-4818-4891-9b94-ecfff7ca214b, http_status=204, mime_type=text/plain
[19376:19380:0621/002025.434:INFO:aha\components\basil\core\aha_net\http\url_loader.cc:188] URL load completed successfully for id=req_2b58a4b0-4818-4891-9b94-ecfff7ca214b
[19376:19380:0621/002025.529:INFO:aha\components\basil\core\aha_net\http\url_loader.cc:208] Received response header for id=req_67d696a0-bc5f-4e90-a130-abe37934a060, http_status=200, mime_type=application/json
[19376:19380:0621/002025.536:INFO:aha\components\basil\core\aha_net\http\url_loader.cc:188] URL load completed successfully for id=req_67d696a0-bc5f-4e90-a130-abe37934a060
[19376:19380:0621/002025.548:INFO:aha\components\basil\core\aha_net\http\url_loader.cc:208] Received response header for id=req_3f15bf2b-35fd-4594-93c3-4a0961350f66, http_status=200, mime_type=application/json
[19376:19380:0621/002025.550:INFO:aha\components\basil\core\aha_net\http\url_loader.cc:188] URL load completed successfully for id=req_3f15bf2b-35fd-4594-93c3-4a0961350f66
[19376:19380:0621/002025.560:INFO:aha\components\basil\core\aha_net\http\url_loader.cc:141] Starting URL load for id=req_1d12ddf0-079c-4d24-9a62-0ae0894120e7, method=POST
[7116:6016:0621/002025.588:INFO:aha\services\aha_net\websocket_client_worker.cc:48] Destroying WebSocket client with id: 7e6efb9e-56b7-43bd-952a-fabdf055baf3
[7116:5860:0621/002025.593:INFO:aha\components\perf\process\process_collector_worker_thread.cc:85] [process collector] DoCollectProcessInfo cost: 0ms
[7116:6016:0621/002025.595:WARNING:aha\components\perf\observer\perf_observer_evaluator.cc:170] [perf observer][evaluator][function = aha::PerfObserverEvaluator::HandleSystemCpuData] cpu level is kSerious,usage:80.8436
[19376:19380:0621/002025.685:INFO:aha\components\basil\core\aha_net\http\url_loader.cc:208] Received response header for id=req_076f5bd2-b526-4bbb-9e9f-cce220022873, http_status=200, mime_type=application/json
[19376:19380:0621/002025.705:INFO:aha\components\basil\core\aha_net\http\url_loader.cc:188] URL load completed successfully for id=req_076f5bd2-b526-4bbb-9e9f-cce220022873
[17928:17932:0621/002025.711:INFO:aha\services\monitor\src\monitor_handler.cc:589] [MonitorHandler] ReportNetworkEvent: [MonitorService] ReportNetworkEvent
[17928:17932:0621/002025.711:INFO:aha\services\monitor\src\monitor_handler.cc:589] [MonitorHandler] ReportNetworkEvent: [MonitorService] ReportNetworkEvent
[17928:17932:0621/002025.711:INFO:aha\services\monitor\src\monitor_handler.cc:589] [MonitorHandler] ReportNetworkEvent: [MonitorService] ReportNetworkEvent
[17928:17932:0621/002025.711:INFO:aha\services\monitor\src\monitor_handler.cc:589] [MonitorHandler] ReportNetworkEvent: [MonitorService] ReportNetworkEvent
[19376:19380:0621/002025.790:INFO:aha\components\basil\core\aha_net\http\url_loader.cc:208] Received response header for id=req_1d12ddf0-079c-4d24-9a62-0ae0894120e7, http_status=200, mime_type=application/json
[19376:19380:0621/002025.809:INFO:aha\components\basil\core\aha_net\http\url_loader.cc:188] URL load completed successfully for id=req_1d12ddf0-079c-4d24-9a62-0ae0894120e7
[17928:17932:0621/002025.810:INFO:aha\services\monitor\src\monitor_handler.cc:589] [MonitorHandler] ReportNetworkEvent: [MonitorService] ReportNetworkEvent
[7116:6016:0621/002027.643:INFO:aha\components\report_context\report_context_process_host.cc:303] [ReportContext] aha::ReportContextProcessHost::BroadcastSetCrashAnnotation, key=ai_database_db_size to 10 processes
[7116:6016:0621/002027.643:INFO:aha\components\report_context\report_context_process_host.cc:312] [ReportContext] aha::ReportContextProcessHost::BroadcastSetCrashAnnotation, done, sent_to=10 processes
[7116:6016:0621/002027.643:INFO:aha\components\report_context\report_context_process_host.cc:303] [ReportContext] aha::ReportContextProcessHost::BroadcastSetCrashAnnotation, key=ai_snapshot_size to 10 processes
[7116:6016:0621/002027.643:INFO:aha\components\report_context\report_context_process_host.cc:312] [ReportContext] aha::ReportContextProcessHost::BroadcastSetCrashAnnotation, done, sent_to=10 processes
[7116:6016:0621/002027.643:INFO:aha\components\report_context\report_context_process_host.cc:303] [ReportContext] aha::ReportContextProcessHost::BroadcastSetCrashAnnotation, key=app_is_focus to 10 processes
[7116:6016:0621/002027.643:INFO:aha\components\report_context\report_context_process_host.cc:312] [ReportContext] aha::ReportContextProcessHost::BroadcastSetCrashAnnotation, done, sent_to=10 processes
[7116:6016:0621/002027.643:INFO:aha\components\report_context\report_context_process_host.cc:303] [ReportContext] aha::ReportContextProcessHost::BroadcastSetCrashAnnotation, key=app_is_global_searching to 10 processes
[7116:6016:0621/002027.643:INFO:aha\components\report_context\report_context_process_host.cc:312] [ReportContext] aha::ReportContextProcessHost::BroadcastSetCrashAnnotation, done, sent_to=10 processes
[7116:6016:0621/002027.643:INFO:aha\components\report_context\report_context_process_host.cc:303] [ReportContext] aha::ReportContextProcessHost::BroadcastSetCrashAnnotation, key=app_is_visible to 10 processes
[7116:6016:0621/002027.643:INFO:aha\components\report_context\report_context_process_host.cc:312] [ReportContext] aha::ReportContextProcessHost::BroadcastSetCrashAnnotation, done, sent_to=10 processes
[7116:6016:0621/002027.643:INFO:aha\components\report_context\report_context_process_host.cc:303] [ReportContext] aha::ReportContextProcessHost::BroadcastSetCrashAnnotation, key=app_system_disk_usage to 10 processes
[7116:6016:0621/002027.643:INFO:aha\components\report_context\report_context_process_host.cc:312] [ReportContext] aha::ReportContextProcessHost::BroadcastSetCrashAnnotation, done, sent_to=10 processes
[7116:6016:0621/002027.644:INFO:aha\components\report_context\report_context_process_host.cc:355] [ReportContext] aha::ReportContextProcessHost::SetCrashAnnotation, targeted pid=22400 key=app_is_focus
[7116:6016:0621/002027.644:INFO:aha\components\perf\perf_custom_param_manager.cc:25] Add custom category param app_is_focus = "1"
 for process 22400
[7116:6016:0621/002027.644:INFO:aha\components\report_context\report_context_process_host.cc:355] [ReportContext] aha::ReportContextProcessHost::SetCrashAnnotation, targeted pid=22400 key=app_is_global_searching
[7116:6016:0621/002027.644:INFO:aha\components\perf\perf_custom_param_manager.cc:25] Add custom category param app_is_global_searching = "0"
 for process 22400
[7116:6016:0621/002027.644:INFO:aha\components\report_context\report_context_process_host.cc:355] [ReportContext] aha::ReportContextProcessHost::SetCrashAnnotation, targeted pid=22400 key=app_is_visible
[7116:6016:0621/002027.644:INFO:aha\components\perf\perf_custom_param_manager.cc:25] Add custom category param app_is_visible = "1"
 for process 22400
[7116:6016:0621/002027.971:INFO:aha\components\report_context\report_context_process_host.cc:303] [ReportContext] aha::ReportContextProcessHost::BroadcastSetCrashAnnotation, key=app_global_vscdb_size to 10 processes
[7116:6016:0621/002027.971:INFO:aha\components\report_context\report_context_process_host.cc:312] [ReportContext] aha::ReportContextProcessHost::BroadcastSetCrashAnnotation, done, sent_to=10 processes
[7116:6016:0621/002027.971:INFO:aha\components\report_context\report_context_process_host.cc:303] [ReportContext] aha::ReportContextProcessHost::BroadcastSetCrashAnnotation, key=app_is_focus to 10 processes
[7116:6016:0621/002027.971:INFO:aha\components\report_context\report_context_process_host.cc:312] [ReportContext] aha::ReportContextProcessHost::BroadcastSetCrashAnnotation, done, sent_to=10 processes
[7116:6016:0621/002027.971:INFO:aha\components\report_context\report_context_process_host.cc:303] [ReportContext] aha::ReportContextProcessHost::BroadcastSetCrashAnnotation, key=app_is_global_searching to 10 processes
[7116:6016:0621/002027.971:INFO:aha\components\report_context\report_context_process_host.cc:312] [ReportContext] aha::ReportContextProcessHost::BroadcastSetCrashAnnotation, done, sent_to=10 processes
[7116:6016:0621/002027.971:INFO:aha\components\report_context\report_context_process_host.cc:303] [ReportContext] aha::ReportContextProcessHost::BroadcastSetCrashAnnotation, key=app_is_visible to 10 processes
[7116:6016:0621/002027.971:INFO:aha\components\report_context\report_context_process_host.cc:312] [ReportContext] aha::ReportContextProcessHost::BroadcastSetCrashAnnotation, done, sent_to=10 processes
[7116:6016:0621/002027.971:INFO:aha\components\report_context\report_context_process_host.cc:355] [ReportContext] aha::ReportContextProcessHost::SetCrashAnnotation, targeted pid=22400 key=app_active_workspace_vscdb_size
[7116:6016:0621/002027.971:INFO:aha\components\perf\perf_custom_param_manager.cc:25] Add custom category param app_active_workspace_vscdb_size = 20480
 for process 22400
[7116:6016:0621/002027.971:INFO:aha\components\report_context\report_context_process_host.cc:355] [ReportContext] aha::ReportContextProcessHost::SetCrashAnnotation, targeted pid=22400 key=app_is_focus
[7116:6016:0621/002027.972:INFO:aha\components\perf\perf_custom_param_manager.cc:25] Add custom category param app_is_focus = "1"
 for process 22400
[7116:6016:0621/002027.972:INFO:aha\components\report_context\report_context_process_host.cc:355] [ReportContext] aha::ReportContextProcessHost::SetCrashAnnotation, targeted pid=22400 key=app_is_global_searching
[7116:6016:0621/002027.972:INFO:aha\components\perf\perf_custom_param_manager.cc:25] Add custom category param app_is_global_searching = "0"
 for process 22400
[7116:6016:0621/002027.972:INFO:aha\components\report_context\report_context_process_host.cc:355] [ReportContext] aha::ReportContextProcessHost::SetCrashAnnotation, targeted pid=22400 key=app_is_visible
[7116:6016:0621/002027.972:INFO:aha\components\perf\perf_custom_param_manager.cc:25] Add custom category param app_is_visible = "1"
 for process 22400
[22400:22404:0621/002029.530:INFO:aha\components\ipc\ipc_client.cc:75] [AhaIpc] disconnect, channel_id: d743f30c-3f28-4a5b-b5b5-64c1dd0b6b62
[22400:22404:0621/002029.530:INFO:aha\components\ipc\ipc_socket.cc:22] [AhaIpc] destruct, channel_id: d743f30c-3f28-4a5b-b5b5-64c1dd0b6b62
[22400:22404:0621/002029.530:INFO:aha\components\ipc\ipc_socket.cc:69] [AhaIpc] socket on_disconnect, server: ai-agent,  channel_id: d743f30c-3f28-4a5b-b5b5-64c1dd0b6b62
[7116:6016:0621/002029.534:INFO:content\public\browser\service_process_host.cc:108] vscode_crash_reporter_process_type: is ptyHost
[19376:19380:0621/002029.539:INFO:aha\components\ipc\ipc_socket.cc:22] [AhaIpc] destruct, channel_id: d743f30c-3f28-4a5b-b5b5-64c1dd0b6b62
[19376:19380:0621/002029.539:INFO:aha\components\ipc\ipc_socket.cc:69] [AhaIpc] socket on_disconnect, server: ai-agent,  channel_id: d743f30c-3f28-4a5b-b5b5-64c1dd0b6b62
[19376:19380:0621/002029.539:INFO:aha\components\basil\core\ipc\ipc_server_resource.cc:162] [AhaIpc] OnDisconnect, channel_id:d743f30c-3f28-4a5b-b5b5-64c1dd0b6b62, resource_id: 5
[7116:6016:0621/002029.566:INFO:aha\components\report_context\report_context_process_host.cc:175] [ReportContext] virtual aha::ReportContextProcessHost::BrowserChildProcessLaunchedAndConnected, type=6 pid=33936 name=node.mojom.NodeService unique_id=14
[7116:6016:0621/002029.566:INFO:aha\components\report_context\report_context_process_host.cc:198] [ReportContext] aha::ReportContextProcessHost::BindAndSyncChildProcess, binding Mojo remote for child process pid=33936 unique_id=14
[7116:6016:0621/002029.566:INFO:aha\components\report_context\report_context_process_host.cc:217] [ReportContext] aha::ReportContextProcessHost::BindAndSyncChildProcess, successfully bound, total_entries=11 pid=33936
[7116:6016:0621/002029.566:INFO:aha\components\report_context\report_context_process_host.cc:254] [ReportContext] aha::ReportContextProcessHost::SyncExistingContext, pid=33936 crash_keys_count=0
[7116:6016:0621/002029.566:INFO:aha\components\report_context\report_context_process_host.cc:264] [ReportContext] aha::ReportContextProcessHost::SyncExistingContext, pid=33936 common_keys_count=59
[7116:6016:0621/002029.566:INFO:aha\components\process_observer\aha_process_observer.cc:45] [process observer][process launched] type is:ptyHost, pid is:33936
[7116:6016:0621/002029.566:INFO:aha\components\perf\perf_manager_base.cc:452] [perf manager][function = AddProcess] add process:33936
[7116:6016:0621/002029.566:INFO:aha\components\perf\collector\perf_collector_base.cc:29] [perf collector][function=ShouldCollectProcess] AddProcess pid:33936 cmd:"D:\Trae CN\Trae CN.exe" --type=utility --utility-sub-type=node.mojom.NodeService --lang=zh-CN --service-sandbox-type=none --video-capture-use-gpu-memory-buffer --vscode-crash-reporter-process-type=ptyHost --user-data-dir="C:\Users\79368\AppData\Local\Temp\trae-cn-profile-9346-14076" --standard-schemes=vscode-webview,vscode-file,solo-remote-file --enable-sandbox --secure-schemes=vscode-webview,vscode-file,solo-remote-file --cors-schemes=vscode-webview,vscode-file,solo-remote-file --fetch-schemes=vscode-webview,vscode-file,solo-remote-file --service-worker-schemes=vscode-webview --code-cache-schemes=vscode-webview,vscode-file --field-trial-handle=3028,i,2830996505004751620,9860351495398714899,262144 --enable-features=DocumentPolicyIncludeJSCallStacksInCrashReports,EarlyEstablishGpuChannel,EnableTransparentHwndEnlargement,EstablishGpuChannelAsync,PdfUseShowSaveFilePicker --disable-features=CalculateNativeWinOcclusion,LocalNetworkAccessChecks,ScreenAIOCREnabled,SpareRendererForSitePerProcess,TraceSiteInstanceGetProcessCreation --variations-seed-version --trace-process-track-uuid=3190708999430457380 --enable-logging=handle --log-file=1992 --mojo-platform-channel-handle=4940 /prefetch:14
[7116:6016:0621/002029.566:INFO:aha\components\perf\collector\perf_collector_base.cc:29] [perf collector][function=ShouldCollectProcess] AddProcess pid:33936 cmd:"D:\Trae CN\Trae CN.exe" --type=utility --utility-sub-type=node.mojom.NodeService --lang=zh-CN --service-sandbox-type=none --video-capture-use-gpu-memory-buffer --vscode-crash-reporter-process-type=ptyHost --user-data-dir="C:\Users\79368\AppData\Local\Temp\trae-cn-profile-9346-14076" --standard-schemes=vscode-webview,vscode-file,solo-remote-file --enable-sandbox --secure-schemes=vscode-webview,vscode-file,solo-remote-file --cors-schemes=vscode-webview,vscode-file,solo-remote-file --fetch-schemes=vscode-webview,vscode-file,solo-remote-file --service-worker-schemes=vscode-webview --code-cache-schemes=vscode-webview,vscode-file --field-trial-handle=3028,i,2830996505004751620,9860351495398714899,262144 --enable-features=DocumentPolicyIncludeJSCallStacksInCrashReports,EarlyEstablishGpuChannel,EnableTransparentHwndEnlargement,EstablishGpuChannelAsync,PdfUseShowSaveFilePicker --disable-features=CalculateNativeWinOcclusion,LocalNetworkAccessChecks,ScreenAIOCREnabled,SpareRendererForSitePerProcess,TraceSiteInstanceGetProcessCreation --variations-seed-version --trace-process-track-uuid=3190708999430457380 --enable-logging=handle --log-file=1992 --mojo-platform-channel-handle=4940 /prefetch:14
[7116:6016:0621/002029.566:INFO:aha\components\perf\collector\perf_collector_base.cc:29] [perf collector][function=ShouldCollectProcess] AddProcess pid:33936 cmd:"D:\Trae CN\Trae CN.exe" --type=utility --utility-sub-type=node.mojom.NodeService --lang=zh-CN --service-sandbox-type=none --video-capture-use-gpu-memory-buffer --vscode-crash-reporter-process-type=ptyHost --user-data-dir="C:\Users\79368\AppData\Local\Temp\trae-cn-profile-9346-14076" --standard-schemes=vscode-webview,vscode-file,solo-remote-file --enable-sandbox --secure-schemes=vscode-webview,vscode-file,solo-remote-file --cors-schemes=vscode-webview,vscode-file,solo-remote-file --fetch-schemes=vscode-webview,vscode-file,solo-remote-file --service-worker-schemes=vscode-webview --code-cache-schemes=vscode-webview,vscode-file --field-trial-handle=3028,i,2830996505004751620,9860351495398714899,262144 --enable-features=DocumentPolicyIncludeJSCallStacksInCrashReports,EarlyEstablishGpuChannel,EnableTransparentHwndEnlargement,EstablishGpuChannelAsync,PdfUseShowSaveFilePicker --disable-features=CalculateNativeWinOcclusion,LocalNetworkAccessChecks,ScreenAIOCREnabled,SpareRendererForSitePerProcess,TraceSiteInstanceGetProcessCreation --variations-seed-version --trace-process-track-uuid=3190708999430457380 --enable-logging=handle --log-file=1992 --mojo-platform-channel-handle=4940 /prefetch:14
[7116:4548:0621/002029.603:INFO:aha\components\perf\process\process_type_provider.cc:119] [ProcessTypeProvider] aha::ProcessTypeProvider::AddProcessOnTaskRunner, pid 33936, type ptyHost
[33936:33928:0621/002029.659:INFO:electron\shell\app\electron_main_delegate.cc:618] #### AhaElectron (utility) node.mojom.NodeService Startup #### cmd: 
[33936:33928:0621/002029.660:INFO:aha\components\memory_system\memory_system_manager.cc:43] MemorySystemManager::InitializeMemorySystem. process_gwp_asan_enable_list: 
[33936:33928:0621/002029.660:INFO:aha\components\memory_system\memory_system_manager.cc:47] MemorySystemManager::InitializeMemorySystem. process: ptyHost not enable for Gwp-Asan
[33936:33928:0621/002029.660:INFO:aha\components\towel\embedder\interface_binder.cc:17] [TOWEL]InterfaceBinder Intialized. ProcessType(4)
[7116:6016:0621/002029.678:INFO:content\browser\renderer_host\render_widget_host_view_aura.cc:707] blank paint: HideImpl called, is_hidden=0, disable_hidden=0
[7116:6016:0621/002029.679:INFO:content\browser\renderer_host\render_widget_host_view_aura.cc:714] blank paint: HideImpl calling delegated_frame_host_->WasHidden (FrameEvictor will be set invisible)
[7116:6016:0621/002029.679:INFO:content\browser\renderer_host\delegated_frame_host.cc:146] blank paint: DelegatedFrameHost::WasHidden, cause=1
[7116:6016:0621/002029.679:INFO:components\viz\client\frame_evictor.cc:49] blank paint: FrameEvictor::SetVisible 1 -> 0, has_surface=1
[7116:6016:0621/002029.690:INFO:aha\components\page_load_metrics\observers\page_load_metrics_observer.cc:411] [page_load_metrics][traceId-] this:0x617c00470800, OnHidden
[7116:6016:0621/002029.690:INFO:aha\components\page_load_metrics\observers\page_load_metrics_observer.cc:301] [page_load_metrics][traceId-] this:0x617c00470800, DidHidden: foreground_duration:23399ms, hidden_times:1
[7116:6016:0621/002029.691:INFO:aha\components\page_load_metrics\observers\page_load_metrics_observer.cc:364] [page_load_metrics][traceId-] this:0x617c00470800, OnComplete
[7116:6016:0621/002029.691:INFO:aha\components\page_load_metrics\observers\page_load_metrics_observer.cc:139] [page_load_metrics][traceId-] this:0x617c00470800, AhaPageLoadMetricsObserver::dtor
[7116:6016:0621/002029.704:INFO:aha\components\ipc\ipc_socket.cc:22] [AhaIpc] destruct, channel_id: 4985fb29-da13-4c20-a366-04fa502a898e
[7116:6016:0621/002029.704:INFO:aha\components\ipc\ipc_socket.cc:69] [AhaIpc] socket on_disconnect, server: trae-cn-config-channel,  channel_id: 4985fb29-da13-4c20-a366-04fa502a898e
[7116:6016:0621/002029.704:INFO:aha\components\ipc\ipc_socket.cc:22] [AhaIpc] destruct, channel_id: 694cf2cd-bdf4-4e4b-b010-9e0935e44a95
[7116:6016:0621/002029.704:INFO:aha\components\ipc\ipc_socket.cc:69] [AhaIpc] socket on_disconnect, server: trae-cn-config-channel,  channel_id: 694cf2cd-bdf4-4e4b-b010-9e0935e44a95
[7116:6016:0621/002029.704:INFO:aha\components\ipc\ipc_socket.cc:22] [AhaIpc] destruct, channel_id: cb1faab8-a77a-4e52-b9c0-8fde855eccd6
[7116:6016:0621/002029.704:INFO:aha\components\ipc\ipc_socket.cc:69] [AhaIpc] socket on_disconnect, server: trae-cn-config-channel,  channel_id: cb1faab8-a77a-4e52-b9c0-8fde855eccd6
[7116:6016:0621/002029.704:INFO:aha\components\towel\public\provider.cc:51] [TOWEL][Provider::Destruct] unregister methods start
[7116:6016:0621/002029.704:INFO:aha\components\towel\public\provider.cc:54] [TOWEL][Provider::Destruct] unregister methods, method=trae-cn-config-channel::SEND
[7116:6016:0621/002029.704:INFO:aha\components\towel\public\provider.cc:65] [TOWEL][Provider::Destruct] unregister methods end
[19376:19380:0621/002029.704:ERROR:aha\components\towel\common\ap_impl.cc:558] [TOWEL][APImpl::OnProviderDisconnected] lose connection with provider trae-cn-config-channel, RoutingId(7116, 1914257655), reason 0, message 
[19376:19380:0621/002029.704:ERROR:aha\components\towel\common\ap_impl.cc:558] [TOWEL][APImpl::OnProviderDisconnected] lose connection with provider trae-cn-config-channel, RoutingId(7116, 1445795129), reason 0, message 
[19376:19380:0621/002029.704:INFO:aha\components\ipc\ipc_client.cc:186] [AhaIpc] provider disconncted, name: trae-cn-config-channel
[19376:19380:0621/002029.704:INFO:aha\components\ipc\ipc_socket.cc:22] [AhaIpc] destruct, channel_id: cb1faab8-a77a-4e52-b9c0-8fde855eccd6
[19376:19380:0621/002029.704:INFO:aha\components\ipc\ipc_socket.cc:69] [AhaIpc] socket on_disconnect, server: trae-cn-config-channel,  channel_id: cb1faab8-a77a-4e52-b9c0-8fde855eccd6
[19376:19380:0621/002029.704:INFO:aha\components\basil\core\ipc\ipc_client_resource.cc:212] [AhaIpc] OnDisconnect. channel_id: cb1faab8-a77a-4e52-b9c0-8fde855eccd6, resource_id: 1
[19376:19380:0621/002029.704:ERROR:aha\components\towel\common\ap_impl.cc:558] [TOWEL][APImpl::OnProviderDisconnected] lose connection with provider trae-cn-config-channel, RoutingId(7116, 2122083188), reason 0, message 
[29944:29948:0621/002029.704:ERROR:aha\components\towel\common\ap_impl.cc:558] [TOWEL][APImpl::OnProviderDisconnected] lose connection with provider trae-cn-config-channel, RoutingId(7116, 1913086051), reason 0, message 
[29944:29948:0621/002029.704:INFO:aha\components\ipc\ipc_client.cc:186] [AhaIpc] provider disconncted, name: trae-cn-config-channel
[5000:12268:0621/002029.704:ERROR:aha\components\towel\common\ap_impl.cc:558] [TOWEL][APImpl::OnProviderDisconnected] lose connection with provider trae-cn-config-channel, RoutingId(7116, 1721537408), reason 0, message 
[5000:12268:0621/002029.704:ERROR:aha\components\towel\common\ap_impl.cc:558] [TOWEL][APImpl::OnProviderDisconnected] lose connection with provider trae-cn-config-channel, RoutingId(7116, 1491603867), reason 0, message 
[5000:12268:0621/002029.704:ERROR:aha\components\towel\common\ap_impl.cc:558] [TOWEL][APImpl::OnProviderDisconnected] lose connection with provider trae-cn-config-channel, RoutingId(7116, 1181125569), reason 0, message 
[5000:12268:0621/002029.704:INFO:aha\components\ipc\ipc_client.cc:186] [AhaIpc] provider disconncted, name: trae-cn-config-channel
[5000:12268:0621/002029.704:INFO:aha\components\ipc\ipc_socket.cc:22] [AhaIpc] destruct, channel_id: 4985fb29-da13-4c20-a366-04fa502a898e
[5000:12268:0621/002029.704:INFO:aha\components\ipc\ipc_socket.cc:69] [AhaIpc] socket on_disconnect, server: trae-cn-config-channel,  channel_id: 4985fb29-da13-4c20-a366-04fa502a898e
[5000:12268:0621/002029.704:INFO:aha\components\basil\core\ipc\ipc_client_resource.cc:212] [AhaIpc] OnDisconnect. channel_id: 4985fb29-da13-4c20-a366-04fa502a898e, resource_id: 2
[20104:20108:0621/002029.704:ERROR:aha\components\towel\common\ap_impl.cc:558] [TOWEL][APImpl::OnProviderDisconnected] lose connection with provider trae-cn-config-channel, RoutingId(7116, 1253776709), reason 0, message 
[20104:20108:0621/002029.704:INFO:aha\components\ipc\ipc_client.cc:186] [AhaIpc] provider disconncted, name: trae-cn-config-channel
[20104:20108:0621/002029.704:INFO:aha\components\ipc\ipc_socket.cc:22] [AhaIpc] destruct, channel_id: 694cf2cd-bdf4-4e4b-b010-9e0935e44a95
[20104:20108:0621/002029.704:INFO:aha\components\ipc\ipc_socket.cc:69] [AhaIpc] socket on_disconnect, server: trae-cn-config-channel,  channel_id: 694cf2cd-bdf4-4e4b-b010-9e0935e44a95
[7116:6016:0621/002029.704:INFO:aha\components\basil\core\native_extension_impl.cc:178] [Basil]Shutdown, exit_code=15
[7116:6016:0621/002029.704:INFO:aha\components\basil\core\native_extension_impl.cc:186] [Basil]disconnect remote service before terminating process
[19376:19380:0621/002029.704:INFO:aha\components\basil\service\native_extension_service.cc:76] [Basil]native extension service disconnected, name=ai
[19376:19380:0621/002029.704:INFO:aha\components\basil\core\plugin\plugin_entrypoint_impl.cc:86] [Basil]call BP_Shutdown
[7116:6016:0621/002029.705:INFO:aha\components\basil\core\native_extension_impl.cc:178] [Basil]Shutdown, exit_code=15
[7116:6016:0621/002029.705:INFO:aha\components\basil\core\native_extension_impl.cc:186] [Basil]disconnect remote service before terminating process
[5000:12268:0621/002029.706:INFO:aha\components\basil\service\native_extension_service.cc:76] [Basil]native extension service disconnected, name=ckg
[5000:12268:0621/002029.706:INFO:aha\components\basil\core\plugin\plugin_entrypoint_impl.cc:86] [Basil]call BP_Shutdown
[5000:12268:0621/002029.706:INFO:aha\components\towel\public\provider.cc:51] [TOWEL][Provider::Destruct] unregister methods start
[5000:12268:0621/002029.706:INFO:aha\components\towel\public\provider.cc:54] [TOWEL][Provider::Destruct] unregister methods, method=ckg::SEND
[5000:12268:0621/002029.706:INFO:aha\components\towel\public\provider.cc:65] [TOWEL][Provider::Destruct] unregister methods end
[5000:12268:0621/002029.707:ERROR:aha\components\towel\common\ap_impl.cc:558] [TOWEL][APImpl::OnProviderDisconnected] lose connection with provider ckg, RoutingId(7116, 1721537408), reason 0, message 
[29944:29948:0621/002029.707:ERROR:aha\components\towel\common\ap_impl.cc:558] [TOWEL][APImpl::OnProviderDisconnected] lose connection with provider ckg, RoutingId(7116, 1913086051), reason 0, message 
[29944:29948:0621/002029.707:INFO:aha\components\ipc\ipc_client.cc:186] [AhaIpc] provider disconncted, name: ckg
[5000:12268:0621/002029.707:ERROR:aha\components\towel\common\ap_impl.cc:558] [TOWEL][APImpl::OnProviderDisconnected] lose connection with provider ckg, RoutingId(7116, 1491603867), reason 0, message 
[5000:12268:0621/002029.707:ERROR:aha\components\towel\common\ap_impl.cc:558] [TOWEL][APImpl::OnProviderDisconnected] lose connection with provider ckg, RoutingId(7116, 1181125569), reason 0, message 
[5000:12268:0621/002029.707:INFO:aha\components\ipc\ipc_client.cc:186] [AhaIpc] provider disconncted, name: ckg
[7116:6016:0621/002029.710:INFO:aha\components\tiny_storage\tiny_storage.cc:77] [TinyStorage] Save
[7116:6016:0621/002029.710:INFO:aha\components\report_context\report_context_process_host.cc:151] [ReportContext] virtual aha::ReportContextProcessHost::RenderProcessExited, pid=22400 exit_code=0
[7116:6016:0621/002029.710:INFO:aha\components\process_observer\aha_process_observer.cc:56] [process observer][process disconnected] type is:renderer, pid is:22400
[7116:6016:0621/002029.711:INFO:aha\components\perf\perf_manager_base.cc:513] [perf manager][function = RemoveProcess] remove exited process:22400
[7116:6016:0621/002029.711:INFO:aha\components\perf\perf_custom_param_manager.cc:69] Remove custom params for process 22400
[7116:6016:0621/002029.711:INFO:aha\components\report_context\report_context_process_host.cc:158] [ReportContext] virtual aha::ReportContextProcessHost::RenderProcessHostDestroyed, pid=22400 host_id=8
[7116:6016:0621/002029.713:INFO:aha\components\towel\common\master_impl.cc:166] [TOWEL][MasterImpl::UnRegisterProvider] name is trae-cn-config-channel provider size now is 7
[7116:6016:0621/002029.713:ERROR:aha\components\towel\common\ap_impl.cc:558] [TOWEL][APImpl::OnProviderDisconnected] lose connection with provider trae-cn-config-channel, RoutingId(7116, 341743295), reason 0, message 
[7116:6016:0621/002029.713:INFO:aha\components\ipc\ipc_client.cc:186] [AhaIpc] provider disconncted, name: trae-cn-config-channel
[7116:6016:0621/002029.713:ERROR:aha\components\towel\common\ap_impl.cc:558] [TOWEL][APImpl::OnProviderDisconnected] lose connection with provider trae-cn-config-channel, RoutingId(7116, 1336779637), reason 0, message 
[7116:6016:0621/002029.713:ERROR:aha\components\towel\common\ap_impl.cc:558] [TOWEL][APImpl::OnProviderDisconnected] lose connection with provider trae-cn-config-channel, RoutingId(7116, 1578995633), reason 0, message 
[7116:6016:0621/002029.713:ERROR:aha\components\towel\common\ap_impl.cc:558] [TOWEL][APImpl::OnProviderDisconnected] lose connection with provider trae-cn-config-channel, RoutingId(7116, 1724364731), reason 0, message 
[7116:6016:0621/002029.713:INFO:aha\components\towel\common\master_impl.cc:166] [TOWEL][MasterImpl::UnRegisterProvider] name is ckg provider size now is 6
[7116:6016:0621/002029.713:ERROR:aha\components\towel\common\ap_impl.cc:558] [TOWEL][APImpl::OnProviderDisconnected] lose connection with provider ckg, RoutingId(7116, 341743295), reason 0, message 
[7116:6016:0621/002029.713:INFO:aha\components\ipc\ipc_client.cc:186] [AhaIpc] provider disconncted, name: ckg
[7116:6016:0621/002029.713:ERROR:aha\components\towel\common\ap_impl.cc:558] [TOWEL][APImpl::OnProviderDisconnected] lose connection with provider ckg, RoutingId(7116, 1336779637), reason 0, message 
[7116:6016:0621/002029.713:ERROR:aha\components\towel\common\ap_impl.cc:558] [TOWEL][APImpl::OnProviderDisconnected] lose connection with provider ckg, RoutingId(7116, 1578995633), reason 0, message 
[7116:6016:0621/002029.713:ERROR:aha\components\towel\common\ap_impl.cc:558] [TOWEL][APImpl::OnProviderDisconnected] lose connection with provider ckg, RoutingId(7116, 1724364731), reason 0, message 
[7116:1876:0621/002029.714:INFO:aha\components\perf\process\process_type_provider.cc:125] [ProcessTypeProvider] aha::ProcessTypeProvider::RemoveProcessOnTaskRunner, pid 22400
[33936:33928:0621/002029.756:INFO:gin\isolate_holder.cc:169] utilitySetPartitionAllocOomCallback and RegisterIsolateHolder
[19376:19380:0621/002029.776:INFO:aha\components\ipc\ipc_socket.cc:22] [AhaIpc] destruct, channel_id: 1bc71b4a-0723-4cc8-a58b-84601e980145
[19376:19380:0621/002029.776:INFO:aha\components\ipc\ipc_socket.cc:69] [AhaIpc] socket on_disconnect, server: ai-agent,  channel_id: 1bc71b4a-0723-4cc8-a58b-84601e980145
[19376:19380:0621/002029.776:INFO:aha\components\towel\public\provider.cc:51] [TOWEL][Provider::Destruct] unregister methods start
[19376:19380:0621/002029.776:INFO:aha\components\towel\public\provider.cc:54] [TOWEL][Provider::Destruct] unregister methods, method=ai-agent::SEND
[19376:19380:0621/002029.776:INFO:aha\components\towel\public\provider.cc:65] [TOWEL][Provider::Destruct] unregister methods end
[29944:29948:0621/002029.778:ERROR:aha\components\towel\common\ap_impl.cc:558] [TOWEL][APImpl::OnProviderDisconnected] lose connection with provider ai-agent, RoutingId(7116, 1913086051), reason 0, message 
[29944:29948:0621/002029.778:INFO:aha\components\ipc\ipc_client.cc:186] [AhaIpc] provider disconncted, name: ai-agent
[19376:19380:0621/002029.778:INFO:aha\components\towel\public\provider.cc:51] [TOWEL][Provider::Destruct] unregister methods start
[19376:19380:0621/002029.778:INFO:aha\components\towel\public\provider.cc:54] [TOWEL][Provider::Destruct] unregister methods, method=ai::SEND
[19376:19380:0621/002029.778:INFO:aha\components\towel\public\provider.cc:65] [TOWEL][Provider::Destruct] unregister methods end
[29944:29948:0621/002029.779:ERROR:aha\components\towel\common\ap_impl.cc:558] [TOWEL][APImpl::OnProviderDisconnected] lose connection with provider ai, RoutingId(7116, 1913086051), reason 0, message 
[29944:29948:0621/002029.779:INFO:aha\components\ipc\ipc_client.cc:186] [AhaIpc] provider disconncted, name: ai
[19376:19380:0621/002029.779:ERROR:aha\components\towel\common\ap_impl.cc:558] [TOWEL][APImpl::OnProviderDisconnected] lose connection with provider ckg, RoutingId(7116, 1445795129), reason 0, message 
[19376:19380:0621/002029.779:INFO:aha\components\ipc\ipc_client.cc:186] [AhaIpc] provider disconncted, name: ckg
[19376:19380:0621/002029.779:ERROR:aha\components\towel\common\ap_impl.cc:558] [TOWEL][APImpl::OnProviderDisconnected] lose connection with provider ckg, RoutingId(7116, 1914257655), reason 0, message 
[19376:19380:0621/002029.779:ERROR:aha\components\towel\common\ap_impl.cc:558] [TOWEL][APImpl::OnProviderDisconnected] lose connection with provider ckg, RoutingId(7116, 2122083188), reason 0, message 
[19376:19380:0621/002029.779:ERROR:aha\components\towel\common\ap_impl.cc:558] [TOWEL][APImpl::OnProviderDisconnected] lose connection with provider ai-agent, RoutingId(7116, 1445795129), reason 0, message 
[19376:19380:0621/002029.779:INFO:aha\components\ipc\ipc_client.cc:186] [AhaIpc] provider disconncted, name: ai-agent
[19376:19380:0621/002029.779:ERROR:aha\components\towel\common\ap_impl.cc:558] [TOWEL][APImpl::OnProviderDisconnected] lose connection with provider ai-agent, RoutingId(7116, 1914257655), reason 0, message 
[19376:19380:0621/002029.779:ERROR:aha\components\towel\common\ap_impl.cc:558] [TOWEL][APImpl::OnProviderDisconnected] lose connection with provider ai-agent, RoutingId(7116, 2122083188), reason 0, message 
[19376:19380:0621/002029.779:ERROR:aha\components\towel\common\ap_impl.cc:558] [TOWEL][APImpl::OnProviderDisconnected] lose connection with provider ai, RoutingId(7116, 1445795129), reason 0, message 
[19376:19380:0621/002029.779:INFO:aha\components\ipc\ipc_client.cc:186] [AhaIpc] provider disconncted, name: ai
[19376:19380:0621/002029.779:ERROR:aha\components\towel\common\ap_impl.cc:558] [TOWEL][APImpl::OnProviderDisconnected] lose connection with provider ai, RoutingId(7116, 1914257655), reason 0, message 
[19376:19380:0621/002029.779:ERROR:aha\components\towel\common\ap_impl.cc:558] [TOWEL][APImpl::OnProviderDisconnected] lose connection with provider ai, RoutingId(7116, 2122083188), reason 0, message 
[19376:19380:0621/002029.784:INFO:electron\shell\app\electron_main_delegate.cc:314] #### AhaElectron (utility) basil.mojom.NativeExtensionService Shutdown ####
[5000:12268:0621/002029.791:INFO:electron\shell\app\electron_main_delegate.cc:314] #### AhaElectron (utility) basil.mojom.NativeExtensionService Shutdown ####
[7116:6016:0621/002029.825:INFO:aha\components\towel\common\master_impl.cc:166] [TOWEL][MasterImpl::UnRegisterProvider] name is ai-agent provider size now is 5
[7116:6016:0621/002029.825:ERROR:aha\components\towel\common\ap_impl.cc:558] [TOWEL][APImpl::OnProviderDisconnected] lose connection with provider ai-agent, RoutingId(7116, 341743295), reason 0, message 
[7116:6016:0621/002029.825:INFO:aha\components\ipc\ipc_client.cc:186] [AhaIpc] provider disconncted, name: ai-agent
[7116:6016:0621/002029.825:INFO:aha\components\ipc\ipc_socket.cc:22] [AhaIpc] destruct, channel_id: 1bc71b4a-0723-4cc8-a58b-84601e980145
[7116:6016:0621/002029.825:INFO:aha\components\ipc\ipc_socket.cc:69] [AhaIpc] socket on_disconnect, server: ai-agent,  channel_id: 1bc71b4a-0723-4cc8-a58b-84601e980145
[7116:6016:0621/002029.826:INFO:aha\components\ipc\ipc_client.cc:36] [AhaIpc] create socket, server: ai-agent, channel_id: c1fbb5d5-fed3-4614-94e4-b14252fdb24c
[7116:6016:0621/002029.826:INFO:aha\components\towel\common\static_routing_ap.cc:135] [TOWEL][StaticRoutingAP::TryAddPendingRequest] provider not ready, store request and wait. method ai-agent::SEND
[7116:6016:0621/002029.826:INFO:aha\components\towel\common\static_routing_ap.cc:144] [TOWEL][StaticRoutingAP] start timeout checker
[7116:6016:0621/002029.826:ERROR:aha\components\towel\common\ap_impl.cc:558] [TOWEL][APImpl::OnProviderDisconnected] lose connection with provider ai-agent, RoutingId(7116, 1336779637), reason 0, message 
[7116:6016:0621/002029.826:ERROR:aha\components\towel\common\ap_impl.cc:558] [TOWEL][APImpl::OnProviderDisconnected] lose connection with provider ai-agent, RoutingId(7116, 1578995633), reason 0, message 
[7116:6016:0621/002029.826:ERROR:aha\components\towel\common\ap_impl.cc:558] [TOWEL][APImpl::OnProviderDisconnected] lose connection with provider ai-agent, RoutingId(7116, 1724364731), reason 0, message 
[7116:6016:0621/002029.826:INFO:aha\components\towel\common\master_impl.cc:166] [TOWEL][MasterImpl::UnRegisterProvider] name is ai provider size now is 4
[7116:6016:0621/002029.826:ERROR:aha\components\towel\common\ap_impl.cc:558] [TOWEL][APImpl::OnProviderDisconnected] lose connection with provider ai, RoutingId(7116, 341743295), reason 0, message 
[7116:6016:0621/002029.826:INFO:aha\components\ipc\ipc_client.cc:186] [AhaIpc] provider disconncted, name: ai
[7116:6016:0621/002029.826:ERROR:aha\components\towel\common\ap_impl.cc:558] [TOWEL][APImpl::OnProviderDisconnected] lose connection with provider ai, RoutingId(7116, 1336779637), reason 0, message 
[7116:6016:0621/002029.826:INFO:aha\electron\shell\renderer\api\electron_api_towel.cc:148] [TOWEL]ai provider disconncted
[7116:6016:0621/002029.826:ERROR:aha\components\towel\common\ap_impl.cc:558] [TOWEL][APImpl::OnProviderDisconnected] lose connection with provider ai, RoutingId(7116, 1578995633), reason 0, message 
[7116:6016:0621/002029.826:ERROR:aha\components\towel\common\ap_impl.cc:558] [TOWEL][APImpl::OnProviderDisconnected] lose connection with provider ai, RoutingId(7116, 1724364731), reason 0, message 
[7116:12568:0621/002030.047:ERROR:aha\components\towel\common\ap_impl.cc:558] [TOWEL][APImpl::OnProviderDisconnected] lose connection with provider trae-cn-config-channel, RoutingId(7116, 2016600233), reason 0, message 
[33936:33928:0621/002030.050:INFO:electron\shell\utility\electron_content_utility_client.cc:183] [ReportContext] electron::ElectronContentUtilityClient::ExposeInterfacesToBrowser(mojo::BinderMap *)::(anonymous class)::operator(), bound, creating ReportContextClientImpl
[7116:12568:0621/002030.050:INFO:aha\components\monitor\monitor.cc:198] [Monitor] OnProviderDisconnected: OnProviderDisconnected, name: trae-cn-config-channel
[17928:17932:0621/002030.242:INFO:aha\services\monitor\src\monitor_handler.cc:589] [MonitorHandler] ReportNetworkEvent: [MonitorService] ReportNetworkEvent
[7116:12568:0621/002030.242:ERROR:aha\components\towel\common\ap_impl.cc:558] [TOWEL][APImpl::OnProviderDisconnected] lose connection with provider ckg, RoutingId(7116, 2016600233), reason 0, message 
[7116:12568:0621/002030.265:INFO:aha\components\monitor\monitor.cc:198] [Monitor] OnProviderDisconnected: OnProviderDisconnected, name: ckg
[7116:12568:0621/002030.295:ERROR:aha\components\towel\common\ap_impl.cc:558] [TOWEL][APImpl::OnProviderDisconnected] lose connection with provider ai-agent, RoutingId(7116, 2016600233), reason 0, message 
[7116:12568:0621/002030.297:INFO:aha\components\monitor\monitor.cc:198] [Monitor] OnProviderDisconnected: OnProviderDisconnected, name: ai-agent
[7116:12568:0621/002030.298:ERROR:aha\components\towel\common\ap_impl.cc:558] [TOWEL][APImpl::OnProviderDisconnected] lose connection with provider ai, RoutingId(7116, 2016600233), reason 0, message 
[7116:12568:0621/002030.301:INFO:aha\components\monitor\monitor.cc:198] [Monitor] OnProviderDisconnected: OnProviderDisconnected, name: ai
[17928:17932:0621/002030.340:INFO:aha\services\monitor\src\monitor_handler.cc:589] [MonitorHandler] ReportNetworkEvent: [MonitorService] ReportNetworkEvent
[17928:17932:0621/002030.341:INFO:aha\services\monitor\src\monitor_handler.cc:589] [MonitorHandler] ReportNetworkEvent: [MonitorService] ReportNetworkEvent
[17928:17932:0621/002030.341:INFO:aha\services\monitor\src\monitor_handler.cc:589] [MonitorHandler] ReportNetworkEvent: [MonitorService] ReportNetworkEvent
[17928:17932:0621/002030.341:INFO:aha\services\monitor\src\monitor_handler.cc:589] [MonitorHandler] ReportNetworkEvent: [MonitorService] ReportNetworkEvent
[29944:29948:0621/002030.569:ERROR:aha\components\towel\common\ap_impl.cc:558] [TOWEL][APImpl::OnProviderDisconnected] lose connection with provider cueServer, RoutingId(7116, 1913086051), reason 0, message 
[29944:29948:0621/002030.569:INFO:aha\components\ipc\ipc_client.cc:186] [AhaIpc] provider disconncted, name: cueServer
[7116:12568:0621/002030.580:ERROR:aha\components\towel\common\ap_impl.cc:558] [TOWEL][APImpl::OnProviderDisconnected] lose connection with provider cueServer, RoutingId(7116, 2016600233), reason 0, message 
[7116:12568:0621/002030.593:INFO:aha\components\monitor\monitor.cc:198] [Monitor] OnProviderDisconnected: OnProviderDisconnected, name: cueServer
[7116:6016:0621/002030.943:INFO:aha\components\process_observer\aha_process_observer.cc:56] [process observer][process disconnected] type is:ckg, pid is:5000
[7116:4548:0621/002030.943:INFO:aha\components\perf\process\process_type_provider.cc:125] [ProcessTypeProvider] aha::ProcessTypeProvider::RemoveProcessOnTaskRunner, pid 5000
[7116:6016:0621/002030.943:INFO:aha\components\perf\perf_manager_base.cc:513] [perf manager][function = RemoveProcess] remove exited process:5000
[7116:6016:0621/002030.943:INFO:aha\components\perf\perf_custom_param_manager.cc:69] Remove custom params for process 5000
[7116:6016:0621/002030.943:ERROR:aha\components\basil\core\native_extension_impl.cc:247] [Basil]process terminated normally, name=ckg, code=0
[7116:6016:0621/002030.943:INFO:aha\components\basil\core\native_extension_impl.cc:266] [Basil]HandleTermination, exit_code=0
[7116:6016:0621/002030.943:INFO:aha\components\basil\core\native_extension_manager_impl.cc:96] [Basil]release native_extension, name=ckg
[7116:6016:0621/002030.943:INFO:aha\components\report_context\report_context_process_host.cc:225] [ReportContext] virtual aha::ReportContextProcessHost::BrowserChildProcessHostDisconnected, type=6 pid=5000 name=basil.mojom.NativeExtensionService
[7116:6016:0621/002030.944:INFO:aha\components\report_context\report_context_process_host.cc:210] [ReportContext] aha::ReportContextProcessHost::BindAndSyncChildProcess(int, base::ProcessId)::(anonymous class)::operator(), Child (GPU/Utility) remote disconnected, pid=30696
[7116:6016:0621/002030.944:INFO:aha\components\process_observer\aha_process_observer.cc:56] [process observer][process disconnected] type is:fileWatcher, pid is:30696
[7116:4548:0621/002030.944:INFO:aha\components\perf\process\process_type_provider.cc:125] [ProcessTypeProvider] aha::ProcessTypeProvider::RemoveProcessOnTaskRunner, pid 30696
[7116:6016:0621/002030.944:INFO:aha\components\perf\perf_manager_base.cc:513] [perf manager][function = RemoveProcess] remove exited process:30696
[7116:6016:0621/002030.944:INFO:aha\components\perf\perf_custom_param_manager.cc:69] Remove custom params for process 30696
[7116:6016:0621/002030.944:INFO:aha\components\report_context\report_context_process_host.cc:225] [ReportContext] virtual aha::ReportContextProcessHost::BrowserChildProcessHostDisconnected, type=6 pid=30696 name=node.mojom.NodeService
[7116:6016:0621/002030.945:INFO:aha\components\towel\common\master_impl.cc:220] [TOWEL][MasterImpl::OnProviderDisconnect] provider disconnect, name=cueServer reason= 0 message= 
[7116:6016:0621/002030.945:INFO:aha\components\towel\common\master_impl.cc:166] [TOWEL][MasterImpl::UnRegisterProvider] name is cueServer provider size now is 3
[7116:6016:0621/002030.945:INFO:aha\components\process_observer\aha_process_observer.cc:56] [process observer][process disconnected] type is:ai-server, pid is:20104
[7116:4548:0621/002030.945:INFO:aha\components\perf\process\process_type_provider.cc:125] [ProcessTypeProvider] aha::ProcessTypeProvider::RemoveProcessOnTaskRunner, pid 20104
[7116:6016:0621/002030.945:INFO:aha\components\perf\perf_manager_base.cc:513] [perf manager][function = RemoveProcess] remove exited process:20104
[7116:6016:0621/002030.945:INFO:aha\components\perf\perf_custom_param_manager.cc:69] Remove custom params for process 20104
[7116:6016:0621/002030.946:INFO:aha\components\report_context\report_context_process_host.cc:225] [ReportContext] virtual aha::ReportContextProcessHost::BrowserChildProcessHostDisconnected, type=6 pid=20104 name=node.mojom.NodeService
[7116:6016:0621/002030.947:ERROR:aha\components\towel\common\ap_impl.cc:558] [TOWEL][APImpl::OnProviderDisconnected] lose connection with provider cueServer, RoutingId(7116, 341743295), reason 0, message 
[7116:6016:0621/002030.947:INFO:aha\components\ipc\ipc_client.cc:186] [AhaIpc] provider disconncted, name: cueServer
[7116:6016:0621/002030.947:ERROR:aha\components\towel\common\ap_impl.cc:558] [TOWEL][APImpl::OnProviderDisconnected] lose connection with provider cueServer, RoutingId(7116, 1578995633), reason 0, message 
[7116:6016:0621/002030.947:ERROR:aha\components\towel\common\ap_impl.cc:558] [TOWEL][APImpl::OnProviderDisconnected] lose connection with provider cueServer, RoutingId(7116, 1336779637), reason 0, message 
[7116:6016:0621/002030.947:ERROR:aha\components\towel\common\ap_impl.cc:558] [TOWEL][APImpl::OnProviderDisconnected] lose connection with provider cueServer, RoutingId(7116, 1724364731), reason 0, message 
[7116:6016:0621/002030.947:INFO:aha\components\process_observer\aha_process_observer.cc:56] [process observer][process disconnected] type is:extensionHost, pid is:28112
[7116:4548:0621/002030.947:INFO:aha\components\perf\process\process_type_provider.cc:125] [ProcessTypeProvider] aha::ProcessTypeProvider::RemoveProcessOnTaskRunner, pid 28112
[7116:6016:0621/002030.947:INFO:aha\components\perf\perf_manager_base.cc:513] [perf manager][function = RemoveProcess] remove exited process:28112
[7116:6016:0621/002030.947:INFO:aha\components\perf\perf_custom_param_manager.cc:69] Remove custom params for process 28112
[7116:6016:0621/002030.947:INFO:aha\components\report_context\report_context_process_host.cc:225] [ReportContext] virtual aha::ReportContextProcessHost::BrowserChildProcessHostDisconnected, type=6 pid=28112 name=node.mojom.NodeService
[7116:6016:0621/002030.948:INFO:aha\components\process_observer\aha_process_observer.cc:56] [process observer][process disconnected] type is:ai, pid is:19376
[7116:4548:0621/002030.948:INFO:aha\components\perf\process\process_type_provider.cc:125] [ProcessTypeProvider] aha::ProcessTypeProvider::RemoveProcessOnTaskRunner, pid 19376
[7116:6016:0621/002030.948:INFO:aha\components\perf\perf_manager_base.cc:513] [perf manager][function = RemoveProcess] remove exited process:19376
[7116:6016:0621/002030.948:INFO:aha\components\perf\perf_custom_param_manager.cc:69] Remove custom params for process 19376
[7116:6016:0621/002030.948:ERROR:aha\components\basil\core\native_extension_impl.cc:247] [Basil]process terminated normally, name=ai, code=0
[7116:6016:0621/002030.948:INFO:aha\components\basil\core\native_extension_impl.cc:266] [Basil]HandleTermination, exit_code=0
[7116:6016:0621/002030.948:INFO:aha\components\basil\core\native_extension_manager_impl.cc:96] [Basil]release native_extension, name=ai
[7116:6016:0621/002030.948:INFO:aha\components\report_context\report_context_process_host.cc:225] [ReportContext] virtual aha::ReportContextProcessHost::BrowserChildProcessHostDisconnected, type=6 pid=19376 name=basil.mojom.NativeExtensionService
[7116:6016:0621/002030.950:INFO:aha\components\towel\common\static_routing_ap.cc:244] [TOWEL]run timeout checker
[7116:6016:0621/002030.950:INFO:aha\components\towel\common\static_routing_ap.cc:251] [TOWEL][StaticRoutingAP] found request timeout
[7116:6016:0621/002030.950:INFO:aha\components\towel\common\static_routing_ap.cc:267] [TOWEL]stop timeout checker
[7116:1876:0621/002030.950:INFO:aha\components\perf\process\process_collector_worker_thread.cc:85] [process collector] DoCollectProcessInfo cost: 0ms
[7116:6016:0621/002030.951:INFO:electron\shell\browser\electron_browser_main_parts.cc:819] [ElectronBrowserMainParts] PostMainMessageLoopRun
[13084:3280:0621/002030.952:INFO:third_party\crashpad\crashpad\handler\win\crash_report_exception_handler.cc:241] [Crashpad] Append global param key: lifecycle_stage
[7116:6016:0621/002030.952:INFO:aha\electron\shell\browser\aha_feature_list\aha_remote_state.cc:227] [RemoteState] electron::RemoteState::StopUpdate, 
[13084:11836:0621/002030.952:INFO:aha\components\crash_monitor\utils\utils.cc:237] [CleanupZombieProcesses] StopProcessesUnderAppDir, app dir: D:\Trae CN, parent pid: 7116
[7116:6016:0621/002030.952:INFO:aha\components\perf\system_monitor\perf_system_monitor.cc:130] PerfSystemMonitor::Stop 0x7ff6976a1060
[7116:6016:0621/002030.952:INFO:aha\electron\session_watcher\session_watcher.cc:57] [SessionWatcher] Shutdown
[7116:6016:0621/002030.954:INFO:electron\shell\browser\electron_browser_main_parts.cc:857] [ElectronBrowserMainParts] Shutdown NodeService
[7116:6016:0621/002030.954:INFO:electron\shell\browser\electron_browser_main_parts.cc:890] [ElectronBrowserMainParts] Shutdown NativeExtensionService
[7116:6016:0621/002030.954:INFO:aha\components\basil\core\native_extension_manager_impl.cc:82] [Basil]shutdown all native_extension, exit_code=0
[13084:11836:0621/002030.961:INFO:aha\components\crash_monitor\utils\utils.cc:175] [CleanupZombieProcesses] Includes, process not child of parent, pid: 4288, parent_pid: 7116
[13084:11836:0621/002030.961:INFO:aha\components\crash_monitor\utils\utils.cc:175] [CleanupZombieProcesses] Includes, process not child of parent, pid: 12184, parent_pid: 7116
[13084:11836:0621/002030.961:INFO:aha\components\crash_monitor\utils\utils.cc:175] [CleanupZombieProcesses] Includes, process not child of parent, pid: 2860, parent_pid: 7116
[13084:11836:0621/002030.961:INFO:aha\components\crash_monitor\utils\utils.cc:175] [CleanupZombieProcesses] Includes, process not child of parent, pid: 6424, parent_pid: 7116
[13084:11836:0621/002030.961:INFO:aha\components\crash_monitor\utils\utils.cc:175] [CleanupZombieProcesses] Includes, process not child of parent, pid: 11248, parent_pid: 7116
[13084:11836:0621/002030.961:INFO:aha\components\crash_monitor\utils\utils.cc:175] [CleanupZombieProcesses] Includes, process not child of parent, pid: 4960, parent_pid: 7116
[13084:11836:0621/002030.961:INFO:aha\components\crash_monitor\utils\utils.cc:175] [CleanupZombieProcesses] Includes, process not child of parent, pid: 14300, parent_pid: 7116
[13084:11836:0621/002030.961:INFO:aha\components\crash_monitor\utils\utils.cc:175] [CleanupZombieProcesses] Includes, process not child of parent, pid: 6508, parent_pid: 7116
[13084:11836:0621/002030.961:INFO:aha\components\crash_monitor\utils\utils.cc:175] [CleanupZombieProcesses] Includes, process not child of parent, pid: 12016, parent_pid: 7116
[13084:11836:0621/002030.962:INFO:aha\components\crash_monitor\utils\utils.cc:175] [CleanupZombieProcesses] Includes, process not child of parent, pid: 12996, parent_pid: 7116
[13084:11836:0621/002030.962:INFO:aha\components\crash_monitor\utils\utils.cc:175] [CleanupZombieProcesses] Includes, process not child of parent, pid: 11500, parent_pid: 7116
[13084:11836:0621/002030.962:INFO:aha\components\crash_monitor\utils\utils.cc:175] [CleanupZombieProcesses] Includes, process not child of parent, pid: 16344, parent_pid: 7116
[13084:11836:0621/002030.962:INFO:aha\components\crash_monitor\utils\utils.cc:175] [CleanupZombieProcesses] Includes, process not child of parent, pid: 7372, parent_pid: 7116
[13084:11836:0621/002030.962:INFO:aha\components\crash_monitor\utils\utils.cc:175] [CleanupZombieProcesses] Includes, process not child of parent, pid: 6844, parent_pid: 7116
[13084:11836:0621/002030.962:INFO:aha\components\crash_monitor\utils\utils.cc:175] [CleanupZombieProcesses] Includes, process not child of parent, pid: 12440, parent_pid: 7116
[13084:11836:0621/002030.962:INFO:aha\components\crash_monitor\utils\utils.cc:175] [CleanupZombieProcesses] Includes, process not child of parent, pid: 7440, parent_pid: 7116
[13084:11836:0621/002030.962:INFO:aha\components\crash_monitor\utils\utils.cc:175] [CleanupZombieProcesses] Includes, process not child of parent, pid: 11068, parent_pid: 7116
[13084:11836:0621/002030.962:INFO:aha\components\crash_monitor\utils\utils.cc:175] [CleanupZombieProcesses] Includes, process not child of parent, pid: 6160, parent_pid: 7116
[13084:11836:0621/002030.962:INFO:aha\components\crash_monitor\utils\utils.cc:175] [CleanupZombieProcesses] Includes, process not child of parent, pid: 12036, parent_pid: 7116
[13084:11836:0621/002030.962:INFO:aha\components\crash_monitor\utils\utils.cc:175] [CleanupZombieProcesses] Includes, process not child of parent, pid: 3208, parent_pid: 7116
[13084:11836:0621/002030.962:INFO:aha\components\crash_monitor\utils\utils.cc:175] [CleanupZombieProcesses] Includes, process not child of parent, pid: 7676, parent_pid: 7116
[13084:11836:0621/002030.962:INFO:aha\components\crash_monitor\utils\utils.cc:175] [CleanupZombieProcesses] Includes, process not child of parent, pid: 488, parent_pid: 7116
[13084:11836:0621/002030.962:INFO:aha\components\crash_monitor\utils\utils.cc:175] [CleanupZombieProcesses] Includes, process not child of parent, pid: 15344, parent_pid: 7116
[13084:11836:0621/002030.962:INFO:aha\components\crash_monitor\utils\utils.cc:175] [CleanupZombieProcesses] Includes, process not child of parent, pid: 9940, parent_pid: 7116
[13084:11836:0621/002030.962:INFO:aha\components\crash_monitor\utils\utils.cc:175] [CleanupZombieProcesses] Includes, process not child of parent, pid: 3316, parent_pid: 7116
[13084:11836:0621/002030.962:INFO:aha\components\crash_monitor\utils\utils.cc:175] [CleanupZombieProcesses] Includes, process not child of parent, pid: 4728, parent_pid: 7116
[13084:11836:0621/002030.962:INFO:aha\components\crash_monitor\utils\utils.cc:175] [CleanupZombieProcesses] Includes, process not child of parent, pid: 16416, parent_pid: 7116
[13084:11836:0621/002030.962:INFO:aha\components\crash_monitor\utils\utils.cc:175] [CleanupZombieProcesses] Includes, process not child of parent, pid: 17012, parent_pid: 7116
[13084:11836:0621/002030.962:INFO:aha\components\crash_monitor\utils\utils.cc:175] [CleanupZombieProcesses] Includes, process not child of parent, pid: 17404, parent_pid: 7116
[13084:11836:0621/002030.963:INFO:aha\components\crash_monitor\utils\utils.cc:175] [CleanupZombieProcesses] Includes, process not child of parent, pid: 17520, parent_pid: 7116
[13084:11836:0621/002030.963:INFO:aha\components\crash_monitor\utils\utils.cc:175] [CleanupZombieProcesses] Includes, process not child of parent, pid: 17536, parent_pid: 7116
[13084:11836:0621/002030.963:INFO:aha\components\crash_monitor\utils\utils.cc:175] [CleanupZombieProcesses] Includes, process not child of parent, pid: 17944, parent_pid: 7116
[33936:33928:0621/002030.963:INFO:electron\shell\app\electron_main_delegate.cc:314] #### AhaElectron (utility) node.mojom.NodeService Shutdown ####
[13084:11836:0621/002030.963:INFO:aha\components\crash_monitor\utils\utils.cc:175] [CleanupZombieProcesses] Includes, process not child of parent, pid: 18260, parent_pid: 7116
[13084:11836:0621/002030.963:INFO:aha\components\crash_monitor\utils\utils.cc:175] [CleanupZombieProcesses] Includes, process not child of parent, pid: 18508, parent_pid: 7116
[13084:11836:0621/002030.963:INFO:aha\components\crash_monitor\utils\utils.cc:175] [CleanupZombieProcesses] Includes, process not child of parent, pid: 19304, parent_pid: 7116
[13084:11836:0621/002030.963:INFO:aha\components\crash_monitor\utils\utils.cc:175] [CleanupZombieProcesses] Includes, process not child of parent, pid: 18784, parent_pid: 7116
[13084:11836:0621/002030.963:INFO:aha\components\crash_monitor\utils\utils.cc:175] [CleanupZombieProcesses] Includes, process not child of parent, pid: 20056, parent_pid: 7116
[13084:11836:0621/002030.963:INFO:aha\components\crash_monitor\utils\utils.cc:175] [CleanupZombieProcesses] Includes, process not child of parent, pid: 20064, parent_pid: 7116
[13084:11836:0621/002030.963:INFO:aha\components\crash_monitor\utils\utils.cc:175] [CleanupZombieProcesses] Includes, process not child of parent, pid: 20756, parent_pid: 7116
[13084:11836:0621/002030.963:INFO:aha\components\crash_monitor\utils\utils.cc:175] [CleanupZombieProcesses] Includes, process not child of parent, pid: 21152, parent_pid: 7116
[13084:11836:0621/002030.963:INFO:aha\components\crash_monitor\utils\utils.cc:175] [CleanupZombieProcesses] Includes, process not child of parent, pid: 21412, parent_pid: 7116
[13084:11836:0621/002030.963:INFO:aha\components\crash_monitor\utils\utils.cc:175] [CleanupZombieProcesses] Includes, process not child of parent, pid: 23664, parent_pid: 7116
[13084:11836:0621/002030.963:INFO:aha\components\crash_monitor\utils\utils.cc:175] [CleanupZombieProcesses] Includes, process not child of parent, pid: 25296, parent_pid: 7116
[13084:11836:0621/002030.963:INFO:aha\components\crash_monitor\utils\utils.cc:175] [CleanupZombieProcesses] Includes, process not child of parent, pid: 25556, parent_pid: 7116
[13084:11836:0621/002030.963:INFO:aha\components\crash_monitor\utils\utils.cc:175] [CleanupZombieProcesses] Includes, process not child of parent, pid: 27768, parent_pid: 7116
[13084:11836:0621/002030.963:INFO:aha\components\crash_monitor\utils\utils.cc:175] [CleanupZombieProcesses] Includes, process not child of parent, pid: 27980, parent_pid: 7116
[13084:11836:0621/002030.963:INFO:aha\components\crash_monitor\utils\utils.cc:175] [CleanupZombieProcesses] Includes, process not child of parent, pid: 28712, parent_pid: 7116
[13084:11836:0621/002030.963:INFO:aha\components\crash_monitor\utils\utils.cc:175] [CleanupZombieProcesses] Includes, process not child of parent, pid: 32032, parent_pid: 7116
[13084:11836:0621/002030.963:INFO:aha\components\crash_monitor\utils\utils.cc:175] [CleanupZombieProcesses] Includes, process not child of parent, pid: 32168, parent_pid: 7116
[13084:11836:0621/002030.963:INFO:aha\components\crash_monitor\utils\utils.cc:175] [CleanupZombieProcesses] Includes, process not child of parent, pid: 33244, parent_pid: 7116
[13084:11836:0621/002030.963:INFO:aha\components\crash_monitor\utils\utils.cc:175] [CleanupZombieProcesses] Includes, process not child of parent, pid: 33880, parent_pid: 7116
[13084:11836:0621/002030.963:INFO:aha\components\crash_monitor\utils\utils.cc:175] [CleanupZombieProcesses] Includes, process not child of parent, pid: 34324, parent_pid: 7116
[13084:11836:0621/002030.963:INFO:aha\components\crash_monitor\utils\utils.cc:175] [CleanupZombieProcesses] Includes, process not child of parent, pid: 34444, parent_pid: 7116
[13084:11836:0621/002030.963:INFO:aha\components\crash_monitor\utils\utils.cc:175] [CleanupZombieProcesses] Includes, process not child of parent, pid: 34704, parent_pid: 7116
[13084:11836:0621/002030.964:INFO:aha\components\crash_monitor\utils\utils.cc:175] [CleanupZombieProcesses] Includes, process not child of parent, pid: 34776, parent_pid: 7116
[13084:11836:0621/002030.964:INFO:aha\components\crash_monitor\utils\utils.cc:258] [CleanupZombieProcesses] StopProcessesUnderAppDir, will cleanup child process, pid: 16540, exe_file: Trae CN.exe
[13084:11836:0621/002030.964:INFO:aha\components\crash_monitor\utils\utils.cc:258] [CleanupZombieProcesses] StopProcessesUnderAppDir, will cleanup child process, pid: 16544, exe_file: Trae CN.exe
[13084:11836:0621/002030.964:INFO:aha\components\crash_monitor\utils\utils.cc:258] [CleanupZombieProcesses] StopProcessesUnderAppDir, will cleanup child process, pid: 17928, exe_file: Trae CN.exe
[13084:11836:0621/002030.964:INFO:aha\components\crash_monitor\utils\utils.cc:258] [CleanupZombieProcesses] StopProcessesUnderAppDir, will cleanup child process, pid: 22400, exe_file: Trae CN.exe
[13084:11836:0621/002030.964:INFO:aha\components\crash_monitor\utils\utils.cc:258] [CleanupZombieProcesses] StopProcessesUnderAppDir, will cleanup child process, pid: 29944, exe_file: Trae CN.exe
[13084:11836:0621/002030.964:INFO:aha\components\crash_monitor\utils\utils.cc:258] [CleanupZombieProcesses] StopProcessesUnderAppDir, will cleanup child process, pid: 33936, exe_file: Trae CN.exe
[29944:29948:0621/002030.969:ERROR:aha\components\towel\common\ap_impl.cc:558] [TOWEL][APImpl::OnProviderDisconnected] lose connection with provider AhaNet, RoutingId(7116, 1913086051), reason 0, message 
[29944:29948:0621/002030.969:INFO:aha\components\ipc\ipc_client.cc:186] [AhaIpc] provider disconncted, name: AhaNet
[29944:29948:0621/002030.970:INFO:electron\shell\app\electron_main_delegate.cc:314] #### AhaElectron (utility) node.mojom.NodeService Shutdown ####
[7116:2856:0621/002030.973:ERROR:aha\components\towel\common\ap_impl.cc:558] [TOWEL][APImpl::OnProviderDisconnected] lose connection with provider AhaNet, RoutingId(7116, 2016600233), reason 0, message 
[7116:2856:0621/002030.973:INFO:aha\components\monitor\monitor.cc:198] [Monitor] OnProviderDisconnected: OnProviderDisconnected, name: AhaNet
[7116:6016:0621/002031.005:INFO:aha\components\process_observer\aha_process_observer.cc:56] [process observer][process disconnected] type is:gpu-process, pid is:16544
[7116:4548:0621/002031.005:INFO:aha\components\perf\process\process_type_provider.cc:125] [ProcessTypeProvider] aha::ProcessTypeProvider::RemoveProcessOnTaskRunner, pid 16544
[7116:6016:0621/002031.006:INFO:aha\components\perf\perf_manager_base.cc:513] [perf manager][function = RemoveProcess] remove exited process:16544
[7116:6016:0621/002031.006:INFO:aha\components\perf\perf_custom_param_manager.cc:69] Remove custom params for process 16544
[7116:6016:0621/002031.006:INFO:aha\components\report_context\report_context_process_host.cc:225] [ReportContext] virtual aha::ReportContextProcessHost::BrowserChildProcessHostDisconnected, type=9 pid=16544 name=GPU
[7116:6016:0621/002031.007:INFO:aha\components\report_context\report_context_process_host.cc:225] [ReportContext] virtual aha::ReportContextProcessHost::BrowserChildProcessHostDisconnected, type=6 pid=16540 name=network.mojom.NetworkService
[7116:6016:0621/002031.007:ERROR:aha\components\monitor\monitor_service_instance_impl.cc:221] [MonitorService] OnServiceProcessTerminatedNormally: monitor service terminated normally, code=0
[7116:6016:0621/002031.007:INFO:aha\components\report_context\report_context_process_host.cc:225] [ReportContext] virtual aha::ReportContextProcessHost::BrowserChildProcessHostDisconnected, type=6 pid=17928 name=monitor.mojom.MonitorService
[7116:6016:0621/002031.007:INFO:aha\components\report_context\report_context_process_host.cc:225] [ReportContext] virtual aha::ReportContextProcessHost::BrowserChildProcessHostDisconnected, type=6 pid=29944 name=node.mojom.NodeService
[7116:6016:0621/002031.008:INFO:aha\components\report_context\report_context_process_host.cc:225] [ReportContext] virtual aha::ReportContextProcessHost::BrowserChildProcessHostDisconnected, type=6 pid=33936 name=node.mojom.NodeService
[17928:17932:0621/002031.055:ERROR:aha\components\towel\public\provider.cc:35] [TOWEL][Provider] disconnect with master monitor 0 
[17928:21496:0621/002031.055:INFO:aha\components\logifier\logifier_worker.cc:59] [LogifierWorker] Destroy.
[17928:21496:0621/002031.055:INFO:aha\components\logifier\logifier_worker.cc:297] [LogifierWorker] Stop poll requested. device_id=1800321390968515, running=1, generation=2
[17928:21496:0621/002031.055:INFO:aha\components\logifier\logifier_worker.cc:316] [LogifierWorker] Stop poll issued. device_id=1800321390968515, rc=0
[17928:22380:0621/002031.055:INFO:aha\components\logifier\logifier_poll_worker.cc:57] [LogifierPollWorker] Polling end. device_id=1800321390968515, generation=1, rc=0
[17928:21496:0621/002031.055:INFO:aha\components\logifier\logifier_worker.cc:47] [LogifierWorker] Freeing Logifier instance.
[17928:17932:0621/002031.056:INFO:aha\components\towel\public\provider.cc:51] [TOWEL][Provider::Destruct] unregister methods start
[17928:17932:0621/002031.056:INFO:aha\components\towel\public\provider.cc:54] [TOWEL][Provider::Destruct] unregister methods, method=monitor::MONITOR_EVENT
[17928:17932:0621/002031.056:INFO:aha\components\towel\public\provider.cc:54] [TOWEL][Provider::Destruct] unregister methods, method=monitor::UPLOAD_LOGS
[17928:17932:0621/002031.056:INFO:aha\components\towel\public\provider.cc:54] [TOWEL][Provider::Destruct] unregister methods, method=monitor::TOGGLE_LOGIFIER
[17928:17932:0621/002031.056:INFO:aha\components\towel\public\provider.cc:54] [TOWEL][Provider::Destruct] unregister methods, method=monitor::REPORT_NETWORK_EVENT
[17928:17932:0621/002031.056:INFO:aha\components\towel\public\provider.cc:54] [TOWEL][Provider::Destruct] unregister methods, method=monitor::REPORT_SLARDAR_WEB
[17928:17932:0621/002031.056:INFO:aha\components\towel\public\provider.cc:54] [TOWEL][Provider::Destruct] unregister methods, method=monitor::REPORT_CPU_PROFILE
[17928:17932:0621/002031.056:INFO:aha\components\towel\public\provider.cc:54] [TOWEL][Provider::Destruct] unregister methods, method=monitor::REPORT_SNAPSHOT
[17928:17932:0621/002031.056:INFO:aha\components\towel\public\provider.cc:54] [TOWEL][Provider::Destruct] unregister methods, method=monitor::REPORT_CUSTOM_EXCEPTION
[17928:17932:0621/002031.056:INFO:aha\components\towel\public\provider.cc:65] [TOWEL][Provider::Destruct] unregister methods end
[17928:17932:0621/002031.056:INFO:electron\shell\app\electron_main_delegate.cc:314] #### AhaElectron (utility) monitor.mojom.MonitorService Shutdown ####
[7116:6016:0621/002031.066:INFO:aha\components\perf\perf_abnormal_observer.cc:392] [PerfAbnormal] aha::PerfAbnormalObserver::DeleteInstance, 
[7116:6016:0621/002031.066:INFO:aha\components\perf\system_monitor\perf_system_monitor.cc:130] PerfSystemMonitor::Stop 0x617c00109698
[7116:6016:0621/002031.071:INFO:electron\shell\app\electron_main_delegate.cc:314] #### AhaElectron ()  Shutdown ####
[7116:6016:0621/002031.084:INFO:aha\components\towel\public\provider.cc:51] [TOWEL][Provider::Destruct] unregister methods start
[7116:6016:0621/002031.084:INFO:aha\components\towel\public\provider.cc:54] [TOWEL][Provider::Destruct] unregister methods, method=BlockDetector::HEART_BEAT
[7116:6016:0621/002031.084:INFO:aha\components\towel\public\provider.cc:65] [TOWEL][Provider::Destruct] unregister methods end
[13084:10556:0621/002031.687:INFO:aha\third_party\crashpad\crashpad\handler\aha_handler_main.cc:111] #### AhaElectron (Crashpad) Shutdown
